ID,"Order sheet","Production number","Import date",Quantity
5932,P260404202,NCA150-02-AV286-20K,21/04/2026,48
5900,P260307113,S370A63T58X50X30,21/04/2026,54
5901,P260307094,CXS15J-28748-20K,21/04/2026,483
5902,P260307097,DXT199-20-23-30,21/04/2026,216
5903,P260307099,EQY16A-YA096-30-K,21/04/2026,150
5905,P260307084,CYR32J-AX665-20K,21/04/2026,80
5906,P260307104,P6260401-D,21/04/2026,60
5907,P260307116,S369A63T45X40X30,21/04/2026,234
5908,P260307124,CYR32J-AX665-20K,21/04/2026,80
5909,P260402012,CYR20L-AX663-20K,21/04/2026,15
5899,P260307112,S370A63T47X40X30,21/04/2026,88
5898,P260307110,C9663ABAC961-30K,21/04/2026,70
5889,P260300053,XLA16-1B-S,21/04/2026,55
5890,P260307075,CXS15A-BA022-20K,21/04/2026,208
5891,P260307079,CQS16-04-F6465-K,21/04/2026,140
5892,P260307080,S370A63T89X80X30,21/04/2026,54
5893,P260307083,C2Q63A-AD141A30K,21/04/2026,48
5894,P260307090,CXS16A-AS988-20K,21/04/2026,91
5895,P260307096,C2Q025K04-49999,21/04/2026,231
5896,P260307104,P6260401-D,21/04/2026,30
5897,P260307107,CQS16-04-F6465-K,21/04/2026,140
5910,P260402027,MB-40-32-C6777-K,21/04/2026,48
5911,P260403808,S369A63T45X40X30,21/04/2026,13
5923,P260307095,C2Q020K04-49998,21/04/2026,288
5924,P260307108,C9640ABAC959-30K,21/04/2026,70
5925,P260307110,C9663ABAC961-30K,21/04/2026,70
5926,P260307112,S370A63T47X40X30,21/04/2026,88
5927,P260307113,S370A63T58X50X30,21/04/2026,54
5928,P260404209,CYR32K-AX665-20K,21/04/2026,48
5929,P260404208,MGP20A-AC893-30K,21/04/2026,56
5930,P260404206,MYB40-55-AS552-20-K,21/04/2026,28
5931,P260404204,XLA63-1B,21/04/2026,18
5904,P260307102,NCA150-03-AV286-20K,21/04/2026,48
5922,P260307091,CXS20A-AS989-20K,21/04/2026,231
5921,P260307082,S369A63T55X50X30,21/04/2026,54
5913,P260403807,C9663ABAC961-30K,21/04/2026,5
5914,P260403803,S370A63T31X25X30,21/04/2026,2
5915,P260403805,S370A63T89X80X30,21/04/2026,2
5916,P260403804,SY5000-20-1,21/04/2026,6
5912,P260403806,CQS16-02-J4467-K,21/04/2026,30
5917,P260307083,C2Q63A-AD141A30K,21/04/2026,144
5918,P260307127,LEF25-9D,21/04/2026,35
5919,P260307128,LEF40-9D,21/04/2026,40
5920,P260307129,LEF25-9D-HF,21/04/2026,35
5869,P260307088,P4811251-MH1,20/04/2026,156
5868,P260307087,C2Q25A-AD137A30K,20/04/2026,208
5867,P260307086,C2Q20A-AD136A30K,20/04/2026,224
5866,P260307083,C2Q63A-AD141A30K,20/04/2026,264
5865,P260307082,S369A63T55X50X30,20/04/2026,108
5864,P260307080,S370A63T89X80X30,20/04/2026,18
5871,P260307095,C2Q020K04-49998,20/04/2026,288
5872,P260307110,C9663ABAC961-30K,20/04/2026,35
5873,P260307112,S370A63T47X40X30,20/04/2026,88
5874,P260307127,LEF25-9D,20/04/2026,35
5875,P260402011,CQS16-02-J4467-K,20/04/2026,20
5870,P260307091,CXS20A-AS989-20K,20/04/2026,154
5856,P260307098,EQY25A-YA096-30-K,17/04/2026,84
5855,P260307090,CXS16A-AS988-20K,17/04/2026,91
5854,P260307082,S369A63T55X50X30,17/04/2026,54
5853,P260307081,S369A63T36X32X30,17/04/2026,224
5852,P260307074,C2Q20G-P1282-30K,17/04/2026,286
5857,P260307099,EQY16A-YA096-30-K,17/04/2026,150
5858,P260307110,C9663ABAC961-30K,17/04/2026,35
5859,P260307112,S370A63T47X40X30,17/04/2026,88
5860,P260307116,S369A63T45X40X30,17/04/2026,117
5861,P260307117,S369A63T55X50X30,17/04/2026,108
5862,P260307126,LEF16-9D,17/04/2026,126
5863,P260307130,CYR32E-AX665-30K,17/04/2026,400
5841,P260307111,S370A63T31X25X30,16/04/2026,176
5839,P260307101,NCA150-02-AV286-20K,16/04/2026,48
5838,P260307093,CXS10J-28747-20K,16/04/2026,624
5837,P260307080,S370A63T89X80X30,16/04/2026,18
5836,P260307078,C2Q016K04-56564,16/04/2026,140
5835,P260307073,C2Q16G-P1281-30K,16/04/2026,416
5840,P260307105,P3800602-M-2,16/04/2026,200
5842,P260307113,S370A63T58X50X30,16/04/2026,108
5843,P260402102,CYV32C-R5503A30K,16/04/2026,24
5844,P260402886,CYR15K-AX662-20K,16/04/2026,45
5851,P260402879,CXS25A-BA024-20K,16/04/2026,40
5850,P260402880,CYR15L-AX662-20K,16/04/2026,20
5849,P260402881,CYR10L-AX661-20K,16/04/2026,15
5848,P260402882,CYR50K-AX667-20K,16/04/2026,10
5847,P260402883,CYR40K-AX666-20K,16/04/2026,20
5846,P260402884,CYR25K-AX664-20K,16/04/2026,30
5845,P260402885,CYR06K-AX660-20K,16/04/2026,15
5826,P260200171,CXS16A-AS988-20K,15/04/2026,182
5827,P260300070,XLS25-1-1B,15/04/2026,72
5828,P260307078,C2Q016K04-56564,15/04/2026,140
5829,P260307086,C2Q20A-AD136A30K,15/04/2026,112
5830,P260307114,S370A63T72X63X30,15/04/2026,35
5831,P260307119,MYB40-55-AS552-20-K,15/04/2026,112
5832,P260307122,CYR32K-AX665-20K,15/04/2026,96
5833,P260307123,CYR20J-AX663-20K,15/04/2026,88
5834,P260307079,CQS16-04-F6465-K,15/04/2026,55
5819,P260300036,S370A63T31X25X30,14/04/2026,160
5820,P260307083,C2Q63A-AD141A30K,14/04/2026,216
5821,P260307093,CXS10J-28747-20K,14/04/2026,624
5822,P260307098,EQY25A-YA096-30-K,14/04/2026,84
5823,P260307112,S370A63T47X40X30,14/04/2026,88
5824,P260307132,CYR50E-AX667-30K,14/04/2026,180
5825,P260307133,CYR63E-AX668-30K,14/04/2026,180
5814,P260307073,C2Q16G-P1281-30K,13/04/2026,416
5815,P260307083,C2Q63A-AD141A30K,13/04/2026,288
5816,P260307114,S370A63T72X63X30,13/04/2026,35
5817,P260307115,S370A63T89X80X30,13/04/2026,48
5818,P260307116,S369A63T45X40X30,13/04/2026,234
5804,P260401868,P4730002-D,10/04/2026,104
5805,P260401867,MYH40J-R6302-30K,10/04/2026,32
5806,P260401863,NCA200-02-AV287-20K,10/04/2026,29
5807,P260401865,NCA325-03-AV289-20K,10/04/2026,10
5808,P260401864,NCA325-02-AV289-20K,10/04/2026,13
5809,P260401862,NCA150-03-AV286-20K,10/04/2026,43
5810,P260402009,LEY63-1D-30,10/04/2026,24
5811,P260402010,LEY63-1D-30,10/04/2026,24
5812,P260307076,CXS25A-BA024-20K,10/04/2026,18
5813,P260307076,CXS25A-BA024-20K,10/04/2026,36
5803,P260401869,CYR63L-AX668-20K,10/04/2026,15
5802,P260401870,P4811601-M-1,10/04/2026,36
5801,P260401871,P6260301-D,10/04/2026,42
5794,P260401953,C2QA0A-AD143-30K,10/04/2026,24
5795,P260307074,C2Q20G-P1282-30K,10/04/2026,572
5796,P260307076,CXS25A-BA024-20K,10/04/2026,108
5797,P260307080,S370A63T89X80X30,10/04/2026,18
5798,P260307083,C2Q63A-AD141A30K,10/04/2026,48
5799,P260307109,C9650ABAC960-30K,10/04/2026,160
5800,P260307110,C9663ABAC961-30K,10/04/2026,35
5786,P260300046,CXS10A-AS987-20K,09/04/2026,105
5787,P260307072,C2Q12G-P1280-30K,09/04/2026,714
5788,P260307089,CXS06A-AS986-20K,09/04/2026,105
5789,P260307108,C9640ABAC959-30K,09/04/2026,140
5790,P260307110,C9663ABAC961-30K,09/04/2026,105
5791,P260307115,S370A63T89X80X30,09/04/2026,72
5792,P260307117,S369A63T55X50X30,09/04/2026,54
5793,P260307125,CYR50L-AX667-20K,09/04/2026,24
5777,P260300079,CYR63L-AX668-20K,08/04/2026,30
5776,P260300056,P6260401-D,08/04/2026,30
5775,P260300029,MGP32A-AC895-30K,08/04/2026,33
5774,P260200171,CXS16A-AS988-20K,08/04/2026,182
5778,P260307077,S502A61T63X13X20,08/04/2026,140
5779,P260307086,C2Q20A-AD136A30K,08/04/2026,112
5780,P260307104,P6260401-D,08/04/2026,30
5781,P260307105,P3800602-M-2,08/04/2026,100
5782,P260307106,CXS15A-BA022-20K,08/04/2026,280
5783,P260307109,C9650ABAC960-30K,08/04/2026,40
5784,P260307115,S370A63T89X80X30,08/04/2026,48
5785,P260307117,S369A63T55X50X30,08/04/2026,108
5765,P260307112,S370A63T47X40X30,07/04/2026,88
5764,P260307109,C9650ABAC960-30K,07/04/2026,80
5770,P260400731,C9632LAAZ033-30K,07/04/2026,3
5763,P260307108,C9640ABAC959-30K,07/04/2026,70
5762,P260307079,CQS16-04-F6465-K,07/04/2026,85
5766,P260307115,S370A63T89X80X30,07/04/2026,72
5767,P260400735,C9680LCAZ037-30K,07/04/2026,6
5768,P260400734,C9663LCAZ036-30K,07/04/2026,6
5769,P260400733,C9650LCAZ035-30K,07/04/2026,6
5771,P260400730,C96A2LCAZ039-30K,07/04/2026,6
5772,P260400732,C9640LCAZ034-30K,07/04/2026,6
5773,P260400729,C96A0LCAZ038-30K,07/04/2026,6
5752,P260307110,C9663ABAC961-30K,06/04/2026,70
5751,P260307108,C9640ABAC959-30K,06/04/2026,70
5750,P260307073,C2Q16G-P1281-30K,06/04/2026,416
5749,P260307071,C2J10M-AF112-25K,06/04/2026,1118
5748,P260300035,C2J16L-AH081-30K,06/04/2026,208
5747,P260300033,S500A61T63X14X20,06/04/2026,35
5753,P260400763,SY5000-20-118,06/04/2026,21
5754,P260400762,SY30M-20-E-1,06/04/2026,2
5755,P260400761,S370A63T89X80X30,06/04/2026,12
5761,P260400755,C2Q40A-AD139A20K,06/04/2026,10
5760,P260400756,CQS16-02-J4467-K,06/04/2026,30
5759,P260400757,S369A63T36X32X30,06/04/2026,6
5758,P260400758,S370A63T26X20X20,06/04/2026,70
5757,P260400759,S370A63T38X32X30,06/04/2026,20
5756,P260400760,S370A63T72X63X30,06/04/2026,15
5736,P260300024,C3G50K02-AG005,03/04/2026,108
5737,P260300030,MGP40A-AC896-30K,03/04/2026,40
5738,P260300033,S500A61T63X14X20,03/04/2026,140
5739,P260300073,CYR50K-AX667-20K,03/04/2026,40
5740,P260307083,C2Q63A-AD141A30K,03/04/2026,72
5741,P260307092,CXS25A-AS990-20K,03/04/2026,225
5742,P260307097,DXT199-20-23-30,03/04/2026,216
5743,P260307103,P6260101-D,03/04/2026,216
5744,P260307106,CXS15A-BA022-20K,03/04/2026,120
5745,P251004523,CXS15A-BA022-20K,03/04/2026,120
5746,P251004523,CXS15A-BA022-20K,03/04/2026,4
5730,P251105571,C2Q63A-AD141A30K,02/04/2026,216
5731,P260300021,C3G25K02-AG002,02/04/2026,160
5732,P260300045,P4811251-MH1,02/04/2026,312
5733,P260300058,C2J06LAAH080-30K,02/04/2026,456
5734,P260307083,C2Q63A-AD141A30K,02/04/2026,120
5735,P260307097,DXT199-20-23-30,02/04/2026,432
5726,P260300061,C9640ABAC959-30K,01/04/2026,140
5725,P260300057,P3800602-M-2,01/04/2026,50
5724,P260300056,P6260401-D,01/04/2026,90
5723,P260300055,P6260301-D,01/04/2026,168
5722,P260300054,P4730002-D,01/04/2026,208
5721,P260300049,DXT192-11-44-30,01/04/2026,330
5720,P260300037,S370A63T38X32X30,01/04/2026,112
5719,P260300036,S370A63T31X25X30,01/04/2026,160
5718,P260300029,MGP32A-AC895-30K,01/04/2026,132
5716,P260300023,C3G40K02-AG004,01/04/2026,154
5715,P260300022,C3G32K02-AG003,01/04/2026,117
5714,P260300015,C2Q40G-P1285-30K,01/04/2026,252
5717,P260300026,C1G25K02-AM406,01/04/2026,320
5727,P260300064,S370A63T26X20X20,01/04/2026,176
5728,P260300074,CYR25J-AX664-20K,01/04/2026,140
5729,P251105571,C2Q63A-AD141A30K,01/04/2026,288
5701,P260305383,C1SB0E-AA752-15K,25/03/2026,70
5698,P260300076,CYR10L-AX661-20K,25/03/2026,247
5699,P260305385,S370A63T89X80X30,25/03/2026,36
5700,P260305384,MGP12A-AC891-30K,25/03/2026,95
5711,P251105571,C2Q63A-AD141A30K,25/03/2026,72
5702,P260305744,MGP40A-AC906-30K,25/03/2026,28
5703,P260305743,VJ300-8-5,25/03/2026,127
5704,P260305737,S502A61T40X09X27,25/03/2026,98
5697,P260300067,S370A63T58X50X30,25/03/2026,54
5696,P260300065,S370A63T31X25X30,25/03/2026,176
5695,P260300063,C9663ABAC961-30K,25/03/2026,35
5686,P260300078,CYR50L-AX667-20K,25/03/2026,24
5687,P250804644,P6260101-D,25/03/2026,72
5688,P260300019,C2M040K03-68717B,25/03/2026,168
5689,P260300037,S370A63T38X32X30,25/03/2026,112
5691,P260300049,DXT192-11-44-30,25/03/2026,165
5692,P260300055,P6260301-D,25/03/2026,42
5693,P260300056,P6260401-D,25/03/2026,60
5694,P260300061,C9640ABAC959-30K,25/03/2026,70
5705,P260305742,S500A61TA0X20X20,25/03/2026,10
5706,P260305741,MGP50A-AC897-20K,25/03/2026,10
5707,P260305740,MGP16A-AC892-30K,25/03/2026,43
5690,P260300044,C2Q25A-AD137A30K,25/03/2026,104
5685,P260300068,S370A63T72X63X30,25/03/2026,70
5713,P251105571,C2Q63A-AD141A30K,25/03/2026,72
5712,P260300071,CQS16-02-J4467-K,25/03/2026,50
5710,P251004523,CXS15A-BA022-20K,25/03/2026,40
5709,P260305738,MGP32A-AC905-30K,25/03/2026,19
5708,P260305739,C1K50L-AS975-30K,25/03/2026,22
5674,P260300018,C2M040K02-68717B,25/03/2026,168
5684,P260300065,S370A63T31X25X30,25/03/2026,176
5671,P251105571,C2Q63A-AD141A30K,25/03/2026,168
5672,P260300014,C2Q32G-P1284-30K,25/03/2026,270
5673,P260300017,C2M032K03-68716B,25/03/2026,270
5675,P260300025,C3G63K02-AG006,25/03/2026,56
5676,P260300034,C2Q50G-F2256-30K,25/03/2026,120
5677,P260300036,S370A63T31X25X30,25/03/2026,160
5678,P260300042,P3800401B-M,25/03/2026,77
5683,P260300056,P6260401-D,25/03/2026,30
5682,P260300050,DXT199-20-23-30,25/03/2026,108
5681,P260300047,CXS20A-AS989-20K,25/03/2026,77
5680,P260300045,P4811251-MH1,25/03/2026,312
5679,P260300044,C2Q25A-AD137A30K,25/03/2026,104
5658,P260303832,C9650LAAZ035-30K,24/03/2026,3
5657,P260303833,C9663LAAZ036-30K,24/03/2026,3
5655,P260300077,CYR15L-AX662-20K,24/03/2026,165
5653,P260300055,P6260301-D,24/03/2026,84
5652,P260300048,CXS06J-A5157-20K,24/03/2026,800
5651,P260300038,S370A63T89X80X30,24/03/2026,36
5650,P260300037,S370A63T38X32X30,24/03/2026,112
5649,P260300031,CG-040K02-35903A,24/03/2026,216
5648,P260300025,C3G63K02-AG006,24/03/2026,28
5654,P260300067,S370A63T58X50X30,24/03/2026,108
5659,P260303828,C96A2LAAZ039-30K,24/03/2026,3
5660,P260303831,C9640LAAZ034-30K,24/03/2026,3
5670,P260304620,C2Q50-04-J0781-K,24/03/2026,10
5669,P260304621,CXS06A-R6000-20K,24/03/2026,1
5668,P260304622,CYP32K-R5501-20K,24/03/2026,1
5667,P260304623,CYP32K-R5501-20K,24/03/2026,1
5666,P260304624,C1K63L-AS976-30K,24/03/2026,5
5665,P260304625,CXS25A-BA024-20K,24/03/2026,40
5664,P260304626,S370A63T89X80X30,24/03/2026,2
5663,P260303827,C96A0LAAZ038-30K,24/03/2026,3
5662,P260303829,C9632LBAZ033-30K,24/03/2026,3
5661,P260303830,C9632LCAZ033-30K,24/03/2026,3
5656,P260303834,C9680LAAZ037-30K,24/03/2026,3
5886,P260300066,S370A63T38X32X30,23/03/2026,126
5885,P260300063,C9663ABAC961-30K,23/03/2026,35
5884,P260300051,LEY63-1D-30,23/03/2026,48
5883,P260300050,DXT199-20-23-30,23/03/2026,216
5882,P260300043,CYB20K-AS378-20K,23/03/2026,96
5881,P260300034,C2Q50G-F2256-30K,23/03/2026,60
5880,P260300033,S500A61T63X14X20,23/03/2026,70
5878,P260300021,C3G25K02-AG002,23/03/2026,160
5877,P260300019,C2M040K03-68717B,23/03/2026,84
5876,P251105571,C2Q63A-AD141A30K,23/03/2026,24
5879,P260300032,CXS06A-R6000-20K,23/03/2026,234
5642,P260300031,CG-040K02-35903A,20/03/2026,162
5639,P251105571,C2Q63A-AD141A30K,20/03/2026,24
5640,P260300017,C2M032K03-68716B,20/03/2026,135
5641,P260300024,C3G50K02-AG005,20/03/2026,54
5643,P260300033,S500A61T63X14X20,20/03/2026,105
5644,P260300050,DXT199-20-23-30,20/03/2026,108
5645,P260300054,P4730002-D,20/03/2026,312
5646,P260300057,P3800602-M-2,20/03/2026,300
5647,P260300063,C9663ABAC961-30K,20/03/2026,70
5628,P260300017,C2M032K03-68716B,19/03/2026,135
5629,P260300026,C1G25K02-AM406,19/03/2026,160
5630,P260300029,MGP32A-AC895-30K,19/03/2026,33
5631,P260300030,MGP40A-AC896-30K,19/03/2026,60
5632,P260300031,CG-040K02-35903A,19/03/2026,54
5633,P260300038,S370A63T89X80X30,19/03/2026,36
5634,P260300054,P4730002-D,19/03/2026,104
5635,P260300061,C9640ABAC959-30K,19/03/2026,140
5636,P260300063,C9663ABAC961-30K,19/03/2026,35
5637,P260300065,S370A63T31X25X30,19/03/2026,176
5638,P260300067,S370A63T58X50X30,19/03/2026,54
5621,P260300050,DXT199-20-23-30,18/03/2026,108
5620,P260300045,P4811251-MH1,18/03/2026,156
5619,P260300042,P3800401B-M,18/03/2026,308
5618,P251206169,P4811251-MH1,18/03/2026,312
5622,P260300057,P3800602-M-2,18/03/2026,150
5623,P260300080,C2Q025K04-49999,18/03/2026,77
5624,P260303718,P3319201-M,18/03/2026,45
5625,P260303717,CXS06A-R6000-20K,18/03/2026,8
5626,P260303719,C1SA6E-AA750-15K,18/03/2026,108
5627,P260300071,CQS16-02-J4467-K,18/03/2026,90
5610,P260300023,C3G40K02-AG004,17/03/2026,77
5609,P260300021,C3G25K02-AG002,17/03/2026,160
5608,P260300015,C2Q40G-P1285-30K,17/03/2026,84
5607,P260300014,C2Q32G-P1284-30K,17/03/2026,270
5606,P260200194,S370A63T58X50X30,17/03/2026,54
5611,P260300038,S370A63T89X80X30,17/03/2026,54
5612,P260300044,C2Q25A-AD137A30K,17/03/2026,104
5613,P260300049,DXT192-11-44-30,17/03/2026,330
5614,P260300056,P6260401-D,17/03/2026,90
5615,P260300060,CQS12-04-F6462-K,17/03/2026,176
5616,P260300064,S370A63T26X20X20,17/03/2026,176
5617,P260300066,S370A63T38X32X30,17/03/2026,126
5593,P251004523,CXS15A-BA022-20K,16/03/2026,80
5600,P260300018,C2M040K02-68717B,16/03/2026,168
5601,P260300038,S370A63T89X80X30,16/03/2026,54
5602,P260300040,P79001005-M,16/03/2026,286
5603,P260300050,DXT199-20-23-30,16/03/2026,216
5604,P260300068,S370A63T72X63X30,16/03/2026,35
5605,P260300069,S370A63T89X80X30,16/03/2026,72
5581,P260200199,P3910018,13/03/2026,48
5582,P260300027,MGP16A-AC902-30K,13/03/2026,170
5583,P260300028,MGP25A-AC904-30K,13/03/2026,36
5584,P260300049,DXT192-11-44-30,13/03/2026,165
5585,P260300061,C9640ABAC959-30K,13/03/2026,70
5586,P260300062,C9650ABAC960-30K,13/03/2026,80
5587,P260300063,C9663ABAC961-30K,13/03/2026,140
5592,P260302457,P3802601B-M,13/03/2026,84
5591,P260302531,CYV32C-R5503A20K,13/03/2026,28
5590,P260302459,P7471701-M,13/03/2026,24
5589,P260302460,MGPA0A-AC900-20K,13/03/2026,4
5588,P260302461,XLA80-1B,13/03/2026,18
5573,P260200171,CXS16A-AS988-20K,12/03/2026,91
5574,P260200200,XLA80-1B,12/03/2026,12
5575,P260300028,MGP25A-AC904-30K,12/03/2026,108
5576,P260300041,P3800201B-M,12/03/2026,396
5577,P260300047,CXS20A-AS989-20K,12/03/2026,154
5578,P260300052,NCA150-02-AV286-20K,12/03/2026,48
5579,P260300063,C9663ABAC961-30K,12/03/2026,35
5580,P260300069,S370A63T89X80X30,12/03/2026,48
5564,P260300068,S370A63T72X63X30,11/03/2026,35
5563,P260300066,S370A63T38X32X30,11/03/2026,126
5562,P260300065,S370A63T31X25X30,11/03/2026,176
5561,P260300058,C2J06LAAH080-30K,11/03/2026,456
5560,P260300052,NCA150-02-AV286-20K,11/03/2026,48
5559,P260300022,C3G32K02-AG003,11/03/2026,117
5565,P260300081,CYR10E-AX661-30K,11/03/2026,504
5572,P260302096,C1GA0L-M3207-20K,11/03/2026,8
5566,P260302102,P3802701B-M,11/03/2026,60
5571,P260302097,C2Q40A-AD139A30K,11/03/2026,54
5570,P260302098,C2Q50A-AD140A30K,11/03/2026,35
5569,P260302099,C2Q80A-AD142-30K,11/03/2026,30
5568,P260302100,C2QA0A-AD143-30K,11/03/2026,8
5567,P260302101,CYB40K-AS381-20K,11/03/2026,24
5547,P260301742,SY7000-20-1,10/03/2026,4
5546,P260301743,VJ100-16-7,10/03/2026,4
5545,P260300068,S370A63T72X63X30,10/03/2026,35
5544,P260300066,S370A63T38X32X30,10/03/2026,126
5543,P260300062,C9650ABAC960-30K,10/03/2026,40
5542,P260300061,C9640ABAC959-30K,10/03/2026,70
5541,P260300048,CXS06J-A5157-20K,10/03/2026,800
5540,P260300034,C2Q50G-F2256-30K,10/03/2026,60
5539,P260300020,C3G20K02-AG001,10/03/2026,247
5548,P260301741,SY5000-20-1,10/03/2026,4
5549,P260301739,SY30M-20-E-1,10/03/2026,4
5551,P260301735,DXT199-20-23,10/03/2026,4
5558,P260200155,C2Q63G-F2257-20K,10/03/2026,56
5557,P251206204,S369A63T55X50X30,10/03/2026,108
5556,P260302064,S369A63T55X50X30,10/03/2026,3
5555,P260301731,C9640ABAC959-30K,10/03/2026,16
5554,P260301732,CXS06A-R6000-20K,10/03/2026,15
5553,P260301736,S369A63T36X32X30,10/03/2026,7
5552,P260301733,DXT192-11-44,10/03/2026,4
5550,P260301738,SY3000-20-1,10/03/2026,4
5529,P260200158,MGP50A-AC897-20K,09/03/2026,98
5528,P260200155,C2Q63G-F2257-20K,09/03/2026,56
5527,P260200153,S500A61T63X14X20,09/03/2026,35
5526,P251206203,S369A63T45X40X30,09/03/2026,117
5525,P251206163,P3802601B-M,09/03/2026,84
5524,P251206148,S500A61T63X14X20,09/03/2026,70
5523,P250902980,CXS10A-AS987-20K,09/03/2026,135
5530,P260200180,C1G50K02-AM409,09/03/2026,45
5531,P260200188,P6260401-D,09/03/2026,30
5537,P251206163,P3802601B-M,09/03/2026,48
5538,P251206163,P3802601B-M,09/03/2026,36
5536,P260301604,P8910302-D,09/03/2026,48
5535,P260300064,S370A63T26X20X20,09/03/2026,176
5534,P260300062,C9650ABAC960-30K,09/03/2026,40
5533,P260300061,C9640ABAC959-30K,09/03/2026,70
5532,P260300014,C2Q32G-P1284-30K,09/03/2026,135
5510,P260300047,CXS20A-AS989-20K,06/03/2026,77
5509,P260300042,P3800401B-M,06/03/2026,77
5508,P260200200,XLA80-1B,06/03/2026,18
5507,P260200180,C1G50K02-AM409,06/03/2026,45
5506,P260200181,C1G63K02-AM410,06/03/2026,56
5505,P260200154,S502A61T50X13X27,06/03/2026,60
5504,P251206204,S369A63T55X50X30,06/03/2026,41
5503,P260200170,MK-16L-AF606-20K,06/03/2026,294
5511,P260300050,DXT199-20-23-30,06/03/2026,216
5512,P260300061,C9640ABAC959-30K,06/03/2026,140
5513,P260300062,C9650ABAC960-30K,06/03/2026,40
5522,P250801087,P4811251-MH1,06/03/2026,41
5520,P260301590,C2Q025K04-49999,06/03/2026,10
5519,P260301580,C2J10M-AF112-25K,06/03/2026,10
5518,P260301581,C2J16M-AF113-25K,06/03/2026,10
5517,P260301582,CXS06A-R6000-20K,06/03/2026,2
5516,P260301583,CQS16-02-J4467-K,06/03/2026,6
5515,P260301585,S370A63T26X20X20,06/03/2026,30
5514,P260301586,S369A63T45X40X30,06/03/2026,13
5887,P251206204,S369A63T55X50X30,06/03/2026,67
5492,P251206204,S369A63T55X50X30,05/03/2026,54
5493,P260200182,DXT192-11-44-30,05/03/2026,330
5494,P260200194,S370A63T58X50X30,05/03/2026,54
5495,P260200197,MGPA0A-AC900-20K,05/03/2026,20
5496,P260200201,MTS40-02-J3855-K,05/03/2026,36
5497,P260200202,CYR06K-AX660-20K,05/03/2026,315
5498,P260200210,RSQ12G-M2080-20K,05/03/2026,352
5499,P260300016,C2M032K02-68716B,05/03/2026,135
5500,P260300042,P3800401B-M,05/03/2026,77
5501,P260300047,CXS20A-AS989-20K,05/03/2026,77
5502,P260300055,P6260301-D,05/03/2026,126
5489,P260200158,MGP50A-AC897-20K,04/03/2026,98
5490,P260200188,P6260401-D,04/03/2026,30
5491,P260200201,MTS40-02-J3855-K,04/03/2026,36
5478,P251206155,S370A63T58X50X30,03/03/2026,45
5479,P251206203,S369A63T45X40X30,03/03/2026,117
5480,P251206204,S369A63T55X50X30,03/03/2026,54
5481,P260200146,C2M020K02-68714B,03/03/2026,273
5482,P260200160,C2Q40A-AD139A30K,03/03/2026,162
5483,P260200178,CXS32J-28751-20K,03/03/2026,192
5484,P260200187,P4730002-D,03/03/2026,208
5485,P260200201,MTS40-02-J3855-K,03/03/2026,72
5486,P250602946,P3800301B-M,03/03/2026,234
5487,P250602946,P3800301B-M,03/03/2026,97
5488,P260300042,P3800401B-M,03/03/2026,154
5475,P251206204,S369A63T55X50X30,02/03/2026,162
5476,P260200157,S370A63T47X40X30,02/03/2026,308
5477,P260200194,S370A63T58X50X30,02/03/2026,108
5474,P251206199,S370A63T58X50X30,26/02/2026,108
5461,P260200179,C2Q020K04-49998,25/02/2026,96
5460,P260200168,C2Q25A-AD137A30K,25/02/2026,104
5459,P260200166,P3800401B-M,25/02/2026,77
5458,P260200165,P3800301B-M,25/02/2026,117
5457,P260200164,P3800201B-M,25/02/2026,198
5456,P260200163,C2QA0A-AD143-30K,25/02/2026,16
5455,P260200151,CXS25A-BA024-20K,25/02/2026,54
5454,P260200149,C3G63K02-AG006,25/02/2026,28
5453,P260200148,C3G50K02-AG005,25/02/2026,54
5452,P260200144,S501A61T19X08X30,25/02/2026,416
5462,P260200188,P6260401-D,25/02/2026,30
5463,P260200191,CQS20-04-F6466-K,25/02/2026,96
5473,P260201241,P3552342-0101M,25/02/2026,64
5472,P260204647,C2Q012K04-56563,25/02/2026,10
5471,P260204646,CXS06A-R6000-20K,25/02/2026,4
5470,P260204645,CXS06A-R6000-20K,25/02/2026,4
5469,P260200206,CYR40K-AX666-20K,25/02/2026,70
5468,P260200205,CYR25K-AX664-20K,25/02/2026,70
5467,P260200204,CYR15K-AX662-20K,25/02/2026,260
5466,P260200203,CYR10K-AX661-20K,25/02/2026,192
5465,P260200198,P3910016,25/02/2026,30
5464,P260200192,CQS25-04-F6467-K,25/02/2026,77
5888,P251105571,C2Q63A-AD141A30K,25/02/2026,24
5445,P260200157,S370A63T47X40X30,24/02/2026,154
5444,P260200154,S502A61T50X13X27,24/02/2026,120
5443,P260200152,S500A61T50X14X30,24/02/2026,60
5442,P260200147,C2M025K02-68715B,24/02/2026,170
5446,P260200178,CXS32J-28751-20K,24/02/2026,192
5447,P260200179,C2Q020K04-49998,24/02/2026,192
5448,P260200182,DXT192-11-44-30,24/02/2026,330
5449,P260200188,P6260401-D,24/02/2026,30
5450,P260200189,P3800602-M-2,24/02/2026,50
5451,P260200161,C2Q50A-AD140A30K,24/02/2026,105
5434,P260200156,CQS16-04-F6465-K,12/02/2026,140
5433,P260200146,C2M020K02-68714B,12/02/2026,273
5432,P260200145,S501A61T43X16X30,12/02/2026,168
5431,P251206204,S369A63T55X50X30,12/02/2026,108
5430,P251206192,XLA40-1B-S,12/02/2026,20
5435,P260200160,C2Q40A-AD139A30K,12/02/2026,216
5436,P260200167,C2Q20A-AD136A30K,12/02/2026,112
5441,P260200193,S370A63T47X40X30,12/02/2026,88
5440,P260200190,C2J06LAAH080-30K,12/02/2026,456
5439,P260200183,DXT199-20-23-30,12/02/2026,108
5438,P260200176,CXS15J-28748-20K,12/02/2026,483
5437,P260200177,CXS20J-28749-20K,12/02/2026,340
5420,P251206185,C1G80L-AX760-30K,11/02/2026,15
5421,P251206199,S370A63T58X50X30,11/02/2026,108
5422,P260200142,CG-040K02-35903A,11/02/2026,162
5423,P260200143,C2Q020K31-49998A,11/02/2026,247
5424,P260200150,C1G40L-AT034-30K,11/02/2026,77
5425,P260200174,CXS32A-AS991-20K,11/02/2026,96
5426,P260200175,CXS06J-A5157-20K,11/02/2026,800
5427,P260200183,DXT199-20-23-30,11/02/2026,324
5428,P260200186,C2Q32-04-J0779-K,11/02/2026,60
5429,P260200188,P6260401-D,11/02/2026,60
5411,P260200169,C2Q12A-AD367-30K,10/02/2026,240
5410,P260200166,P3800401B-M,10/02/2026,77
5409,P260200164,P3800201B-M,10/02/2026,198
5408,P260200160,C2Q40A-AD139A30K,10/02/2026,108
5407,P260200142,CG-040K02-35903A,10/02/2026,108
5406,P251206198,S370A63T47X40X30,10/02/2026,88
5412,P260200173,CXS25A-AS990-20K,10/02/2026,90
5413,P260200186,C2Q32-04-J0779-K,10/02/2026,60
5419,P260201240,RHC32K27-82083A,10/02/2026,56
5418,P260201242,MGZ63LBQ5434-20K,10/02/2026,20
5417,P260201243,MYM20LAK0501-20K,10/02/2026,100
5416,P260200209,MLU25-27-Z0411-K,10/02/2026,160
5415,P260200208,CYR20E-AX663-30K,10/02/2026,240
5414,P260200195,P4811501-M-1,10/02/2026,49
5396,P251206142,MGP20A-AC903-30K,09/02/2026,56
5397,P251206144,MGP20A-AC893-30K,09/02/2026,56
5398,P251206184,C1G80K02-AH117,09/02/2026,15
5399,P251206218,CYR40K-AX666-20K,09/02/2026,35
5400,P260200166,P3800401B-M,09/02/2026,231
5401,P260200172,CXS20A-AS989-20K,09/02/2026,308
5402,P260200189,P3800602-M-2,09/02/2026,150
5403,P260200208,CYR20E-AX663-30K,09/02/2026,560
5404,P250902980,CXS10A-AS987-20K,09/02/2026,30
5405,P250902980,CXS10A-AS987-20K,09/02/2026,135
5389,P251206171,CXS16A-AS988-20K,06/02/2026,91
5388,P251206150,S502A61T63X13X20,06/02/2026,105
5387,P251206148,S500A61T63X14X20,06/02/2026,70
5386,P251206133,APTE00-96001042-D,06/02/2026,77
5390,P251206183,C1K63L-AS976-30K,06/02/2026,28
5391,P251206191,XLA25-1B-S,06/02/2026,36
5392,P251206195,C2M040K03-68717B,06/02/2026,96
5393,P260104468,CYR15E-AX662-30K,06/02/2026,292
5394,P260200174,CXS32A-AS991-20K,06/02/2026,32
5395,P260200189,P3800602-M-2,06/02/2026,150
5378,P251206173,CXS32A-AS991-20K,05/02/2026,32
5377,P251206165,P3802801B-M,05/02/2026,120
5376,P251206147,S500A61T50X14X30,05/02/2026,60
5375,P251105576,CYB15L-AS377-30K,05/02/2026,476
5379,P251206189,SY7000-20-1,05/02/2026,84
5380,P251206194,P6260301-D,05/02/2026,42
5381,P260104470,CYR40E-AX666-30K,05/02/2026,80
5382,P260104469,CYR20E-AX663-30K,05/02/2026,240
5383,P260106423,S500A61T80X17X20,05/02/2026,100
5384,P260200188,P6260401-D,05/02/2026,30
5385,P260200200,XLA80-1B,05/02/2026,24
5367,P251206188,SY5000-20-1,04/02/2026,108
5366,P251206161,C2Q50A-AD140A30K,04/02/2026,35
5365,P251206144,MGP20A-AC893-30K,04/02/2026,56
5364,P251206142,MGP20A-AC903-30K,04/02/2026,112
5368,P251206192,XLA40-1B-S,04/02/2026,180
5369,P251206220,CYP025-32D29449,04/02/2026,144
5370,P260200160,C2Q40A-AD139A30K,04/02/2026,54
5371,P260200162,C2Q80A-AD142-30K,04/02/2026,30
5372,P260200196,C1GA0L-M3207-20K,04/02/2026,8
5373,P260200207,CYR40L-AX666-20K,04/02/2026,40
5374,P260200211,CYR32E-AX665-30K,04/02/2026,300
5356,P251206149,S502A61T50X13X27,03/02/2026,180
5355,P251206145,MGP25A-AC894-30K,03/02/2026,108
5354,P251206137,C2M025K02-68715B,03/02/2026,340
5353,P251206136,S501A61T35X16X30,03/02/2026,135
5352,P251206131,APTE00-96000150-D,03/02/2026,77
5357,P251206216,MYH40J-R6302-30K,03/02/2026,96
5358,P260103265,P4730002-D,03/02/2026,104
5363,P260200188,P6260401-D,03/02/2026,30
5362,P260200186,C2Q32-04-J0779-K,03/02/2026,60
5361,P260200173,CXS25A-AS990-20K,03/02/2026,45
5360,P260200159,C2Q80G-F2258-20K,03/02/2026,30
5359,P260200158,MGP50A-AC897-20K,03/02/2026,28
5344,P250801087,P4811251-MH1,02/02/2026,47
5345,P251206157,MGP50A-AC897-20K,02/02/2026,112
5346,P251206163,P3802601B-M,02/02/2026,84
5347,P260103265,P4730002-D,02/02/2026,104
5348,P260104470,CYR40E-AX666-30K,02/02/2026,320
5349,P260104469,CYR20E-AX663-30K,02/02/2026,560
5350,P260104468,CYR15E-AX662-30K,02/02/2026,408
5351,P260104468,CYR15E-AX662-30K,02/02/2026,292
5310,P251206219,P8910180-D,28/01/2026,63
5311,P260104859,JSY31M-20-E-3,28/01/2026,20
5312,P251206145,MGP25A-AC894-30K,28/01/2026,108
5313,P251206161,C2Q50A-AD140A30K,28/01/2026,105
5314,P251206162,C2Q80A-AD142-30K,28/01/2026,45
5315,P260104863,CQS25-04-F6467-30K,28/01/2026,130
5316,P260104875,S370A63T89X80X30,28/01/2026,2
5317,P260105542,C9650ABAC960-30K,28/01/2026,40
5318,P260105543,AXT663-1-X437,28/01/2026,77
5319,P260105544,AXT663-1-X448,28/01/2026,88
5309,P251206191,XLA25-1B-S,28/01/2026,72
5308,P251206188,SY5000-20-1,28/01/2026,162
5298,P250703084,P6260401-D,28/01/2026,60
5299,P260104468,CYR15E-AX662-30K,28/01/2026,408
5300,P260104467,CYR10E-AX661-30K,28/01/2026,200
5301,P251206140,C1G50L-AT035-30K,28/01/2026,54
5302,P251206147,S500A61T50X14X30,28/01/2026,60
5303,P251206154,CQS20-04-F6466-K,28/01/2026,96
5304,P251206159,S502A61TA0X20X20,28/01/2026,12
5305,P251206166,CYB40K-AS381-20K,28/01/2026,24
5306,P251206180,DXT192-11-44-30,28/01/2026,165
5307,P251206186,C1GA0L-AX761-30K,28/01/2026,8
5320,P260105545,C2Q12A-AD367-20K,28/01/2026,176
5321,P260105546,C2Q40-02-J0786-K,28/01/2026,192
5334,P260105560,P8910202-D,28/01/2026,63
5336,P260105562,MTS25-02-J3853-K,28/01/2026,30
5335,P260105561,P40109002-D,28/01/2026,70
5337,P260105563,MXH16-47A7630K-K,28/01/2026,32
5338,P260105566,V100-75-4,28/01/2026,80
5339,P260105567,XLA50-3-1B,28/01/2026,40
5340,P260105568,MXH06-27-E7098-K,28/01/2026,4
5341,P260105557,MGP32A-AC905-30K,28/01/2026,33
5342,P260105565,S502A61T80X17X20,28/01/2026,20
5343,P260106287,CXS20A-AS989-20K,28/01/2026,154
5333,P260105559,P40606002-D,28/01/2026,54
5332,P260105558,P4811301-M-1,28/01/2026,100
5322,P260105547,C2Q50-04-J0781-K,28/01/2026,28
5323,P260105548,C2Q63L-AD141-20K,28/01/2026,80
5324,P260105549,C2Q63A-AD141A20K,28/01/2026,20
5325,P260105550,C2Q80A-AD142-20K,28/01/2026,12
5326,P260105551,C2QA0A-AD143-20K,28/01/2026,30
5327,P260105552,P4730001-D,28/01/2026,150
5328,P260105553,C2U20A-AS923-20K,28/01/2026,121
5329,P260105554,C2U25A-AS924-20K,28/01/2026,162
5330,P260105555,C2U32A-AS925-20K,28/01/2026,49
5331,P260105556,CUJ12A-AD252-20K,28/01/2026,225
5287,P260104879,CYR25K-AX664-20K,27/01/2026,30
5286,P260104880,CYR20K-AX663-20K,27/01/2026,40
5285,P260104864,C2Q25A-AD137A30K,27/01/2026,25
5284,P251206199,S370A63T58X50X30,27/01/2026,54
5283,P251206176,C2Q025K04-49999,27/01/2026,154
5282,P251206175,C2Q020K04-49998,27/01/2026,192
5281,P251206173,CXS32A-AS991-20K,27/01/2026,64
5280,P260103993,CXS20A-AS989-20K,27/01/2026,60
5288,P260104878,CYR20K-AX663-20K,27/01/2026,40
5289,P260104877,CYR25K-AX664-20K,27/01/2026,30
5297,P251105609,P8910302-D,27/01/2026,48
5296,P260104869,MK-20L-AF607-20K,27/01/2026,5
5295,P260104870,MK-25L-AF608-20K,27/01/2026,5
5294,P260104871,MK-32L-AF609-20K,27/01/2026,5
5293,P260104872,MK-40L-AF610-20K,27/01/2026,5
5292,P260104873,CXS06A-R6000-20K,27/01/2026,2
5291,P260104874,CXS06A-R6000-20K,27/01/2026,4
5290,P260104876,CYR63K-AX668-20K,27/01/2026,8
5269,P250502855,P3800401B-M,26/01/2026,77
5270,P251206131,APTE00-96000150-D,26/01/2026,77
5271,P251206158,S502A61T80X17X20,26/01/2026,40
5272,P251206164,P3802701B-M,26/01/2026,60
5273,P251206191,XLA25-1B-S,26/01/2026,108
5274,P251206198,S370A63T47X40X30,26/01/2026,88
5275,P251206217,P7471701-M,26/01/2026,24
5276,P260104865,C2Q025K04-49999-30K,26/01/2026,15
5277,P260104862,C2Q020K04-49998-30K,26/01/2026,15
5278,P260104861,C2Q20A-AD136A30K,26/01/2026,25
5279,P260104860,CQS20-04-F6466-30K,26/01/2026,125
5261,P251206165,P3802801B-M,23/01/2026,80
5260,P251206164,P3802701B-M,23/01/2026,120
5259,P251206161,C2Q50A-AD140A30K,23/01/2026,35
5258,P251206156,S370A63T72X63X30,23/01/2026,56
5257,P251206138,C2M025K03-68715B,23/01/2026,170
5262,P251206171,CXS16A-AS988-20K,23/01/2026,182
5263,P251206177,CKZ40ABAT388-30K,23/01/2026,108
5268,P260104868,CXS20A-AS989-20K,23/01/2026,50
5267,P260104881,MGP40A-AC896-30K,23/01/2026,20
5266,P260104472,CYR63E-AX668-30K,23/01/2026,25
5265,P251206203,S369A63T45X40X30,23/01/2026,117
5264,P251206202,S369A63T36X32X30,23/01/2026,140
5248,P251206137,C2M025K02-68715B,22/01/2026,170
5249,P251206143,MGP25A-AC904-30K,22/01/2026,36
5250,P251206163,P3802601B-M,22/01/2026,84
5251,P251206200,S370A63T72X63X30,22/01/2026,35
5252,P260104471,CYR50E-AX667-30K,22/01/2026,50
5253,P260104466,CYR32K-AX665-20K,22/01/2026,60
5254,P260104465,CYR25K-AX664-20K,22/01/2026,35
5255,P260104464,CYR20K-AX663-20K,22/01/2026,37
5256,P260104463,CYR15K-AX662-20K,22/01/2026,26
5238,P251206131,APTE00-96000150-D,21/01/2026,77
5239,P251206150,S502A61T63X13X20,21/01/2026,105
5240,P251206152,CQS12-04-F6464-K,21/01/2026,176
5241,P251206177,CKZ40ABAT388-30K,21/01/2026,54
5242,P251206179,CKZ63ABAT390-30K,21/01/2026,60
5243,P251206187,DXT201-13-13,21/01/2026,80
5244,P251206192,XLA40-1B-S,21/01/2026,40
5245,P251206200,S370A63T72X63X30,21/01/2026,70
5246,P251206204,S369A63T55X50X30,21/01/2026,54
5247,P260104310,CYV32C-R5503A20K,21/01/2026,24
5230,P251206138,C2M025K03-68715B,20/01/2026,170
5231,P251206146,CXS10A-R6001-20K,20/01/2026,160
5232,P251206164,P3802701B-M,20/01/2026,120
5233,P251206180,DXT192-11-44-30,20/01/2026,330
5234,P251206203,S369A63T45X40X30,20/01/2026,117
5235,P251206204,S369A63T55X50X30,20/01/2026,108
5236,P251206222,P8910202-D,20/01/2026,63
5237,P260103266,DXT199-20-23,20/01/2026,231
5225,P250902980,CXS10A-AS987-20K,19/01/2026,105
5226,P251105552,C2M025K02-68715B,19/01/2026,170
5227,P251206155,S370A63T58X50X30,19/01/2026,45
5228,P251206160,C2Q40A-AD139A30K,19/01/2026,216
5229,P251206222,P8910202-D,19/01/2026,63
5224,P260103755,C2Q40A-AD139A20K,16/01/2026,10
5223,P260103756,CYR50L-AX667-20K,16/01/2026,5
5222,P260103757,C2Q32A-AD138A20K,16/01/2026,2
5214,P250502855,P3800401B-M,16/01/2026,77
5215,P251206145,MGP25A-AC894-30K,16/01/2026,72
5216,P251206148,S500A61T63X14X20,16/01/2026,35
5217,P251206160,C2Q40A-AD139A30K,16/01/2026,54
5218,P251206178,CKZ50ABAT389-30K,16/01/2026,42
5219,P251206190,VJ100-16-7,16/01/2026,304
5220,P251206191,XLA25-1B-S,16/01/2026,108
5221,P251206198,S370A63T47X40X30,16/01/2026,88
5204,P251206219,P8910180-D,15/01/2026,63
5203,P251206201,S370A63T89X80X30,15/01/2026,48
5202,P251206193,P6260201-D,15/01/2026,112
5201,P251206153,CQS16-04-F6465-K,15/01/2026,140
5200,P251206148,S500A61T63X14X20,15/01/2026,35
5199,P251206141,MGP16A-AC902-30K,15/01/2026,85
5205,P260103754,CYR32L-AX665-20K,15/01/2026,20
5206,P260103753,CYR06K-AX660-20K,15/01/2026,15
5207,P260103752,CYR06L-AX660-20K,15/01/2026,10
5213,P260103746,CYR25L-AX664-20K,15/01/2026,25
5212,P260103747,CYR25L-AX664-20K,15/01/2026,25
5211,P260103748,CYR25L-AX664-20K,15/01/2026,25
5210,P260103749,CYR15L-AX662-20K,15/01/2026,20
5209,P260103750,CYR20L-AX663-20K,15/01/2026,15
5208,P260103751,CYR10L-AX661-20K,15/01/2026,15
5189,P251206135,S501A61T27X12X30,14/01/2026,209
5190,P251206149,S502A61T50X13X27,14/01/2026,120
5191,P251206172,CXS25A-AS990-20K,14/01/2026,180
5192,P251206178,CKZ50ABAT389-30K,14/01/2026,42
5193,P251206194,P6260301-D,14/01/2026,84
5194,P251206202,S369A63T36X32X30,14/01/2026,140
5195,P251206204,S369A63T55X50X30,14/01/2026,162
5196,P251206221,CYP032-32D29450,14/01/2026,105
5197,P260103264,CYP32K-R5501-20K,14/01/2026,1
5198,P260103263,CXS06A-R6000-20K,14/01/2026,13
5182,P251206145,MGP25A-AC894-30K,13/01/2026,108
5181,P251206144,MGP20A-AC893-30K,13/01/2026,112
5180,P251206139,C1G40L-AT034-30K,13/01/2026,77
5179,P251206134,S501A61T23X10X30,13/01/2026,286
5183,P251206146,CXS10A-R6001-20K,13/01/2026,160
5184,P251206167,MK-25L-AF608-20K,13/01/2026,240
5185,P251206174,CXS20J-28749-20K,13/01/2026,340
5186,P251206194,P6260301-D,13/01/2026,84
5187,P251206198,S370A63T47X40X30,13/01/2026,176
5188,P251206204,S369A63T55X50X30,13/01/2026,54
5174,P251206147,S500A61T50X14X30,12/01/2026,120
5175,P251206182,C1K50L-AS975-30K,12/01/2026,45
5176,P251206190,VJ100-16-7,12/01/2026,304
5177,P251206200,S370A63T72X63X30,12/01/2026,35
5178,P251206202,S369A63T36X32X30,12/01/2026,140
5173,P251206204,S369A63T55X50X30,09/01/2026,54
5172,P251206196,C2J06LAAH080-30K,09/01/2026,456
5171,P251206191,XLA25-1B-S,09/01/2026,72
5170,P251206138,C2M025K03-68715B,09/01/2026,170
5166,P250902980,CXS10A-AS987-20K,08/01/2026,43
5167,P250902980,CXS10A-AS987-20K,08/01/2026,135
5168,P251206132,CG-040K02-35903A,08/01/2026,54
5169,P251206181,DXT199-20-23-30,08/01/2026,216
5157,P250902959,P3802501B-M,07/01/2026,92
5158,P251105584,C2Q020K04-49998,07/01/2026,96
5159,P251105582,CXS25A-AS990-20K,07/01/2026,225
5160,P251105570,C2Q50A-AD140A30K,07/01/2026,70
5161,P251105563,MGP40A-AC896-30K,07/01/2026,20
5162,P251206147,S500A61T50X14X30,07/01/2026,60
5163,P251206170,P4811351-MH1,07/01/2026,300
5164,P251206198,S370A63T47X40X30,07/01/2026,264
5165,P251206203,S369A63T45X40X30,07/01/2026,234
5146,P251004523,CXS15A-BA022-20K,06/01/2026,36
5147,P251105570,C2Q50A-AD140A30K,06/01/2026,280
5148,P251105549,S501A61T35X16X30,06/01/2026,135
5149,P251105546,C2Q25G-P1283-30K,06/01/2026,209
5150,P251206166,CYB40K-AS381-20K,06/01/2026,24
5151,P251206173,CXS32A-AS991-20K,06/01/2026,128
5152,P251206181,DXT199-20-23-30,06/01/2026,216
5153,P251206190,VJ100-16-7,06/01/2026,304
5154,P251206191,XLA25-1B-S,06/01/2026,72
5155,P251206194,P6260301-D,06/01/2026,42
5156,P251206204,S369A63T55X50X30,06/01/2026,54
5137,P251105582,CXS25A-AS990-20K,05/01/2026,45
5138,P251105581,CXS16A-AS988-20K,05/01/2026,182
5139,P251105580,C2Q25A-AD137A30K,05/01/2026,104
5140,P251105572,P3802601B-M,05/01/2026,168
5141,P251105570,C2Q50A-AD140A30K,05/01/2026,105
5142,P251105562,MGP32A-AC895-30K,05/01/2026,165
5143,P251105548,S501A61T23X10X30,05/01/2026,286
5144,P251105547,S500A61T40X10X30,05/01/2026,208
5145,P251105594,S369A63T55X50X30,05/01/2026,162
5126,P251105575,CYB10L-AS376-30K,25/12/2025,660
5125,P251105578,CYB40L-AS381-30K,25/12/2025,77
5124,P251105580,C2Q25A-AD137A30K,25/12/2025,104
5123,P251105582,CXS25A-AS990-20K,25/12/2025,135
5122,P251105583,CXS15J-28748-20K,25/12/2025,483
5121,P251105584,C2Q020K04-49998,25/12/2025,96
5120,P251105588,DXT199-20-23-30,25/12/2025,216
5127,P251105570,C2Q50A-AD140A30K,25/12/2025,70
5128,P251105568,S370A63T47X40X30,25/12/2025,77
5129,P251105563,MGP40A-AC896-30K,25/12/2025,140
5136,P251105593,S370A63T89X80X30,25/12/2025,96
5135,P251105545,C2J16M-AF113-25K,25/12/2025,522
5134,P251105551,C2M020K03-68714B,25/12/2025,273
5133,P251105552,C2M025K02-68715B,25/12/2025,510
5132,P251105553,C2M025K03-68715B,25/12/2025,510
5131,P251105558,C2J06LAAH080-30K,25/12/2025,456
5130,P251105562,MGP32A-AC895-30K,25/12/2025,99
5114,P251105572,P3802601B-M,24/12/2025,84
5115,P251105568,S370A63T47X40X30,24/12/2025,154
5116,P251105566,C2Q016K04-56564,24/12/2025,280
5117,P251105562,MGP32A-AC895-30K,24/12/2025,33
5118,P251105600,MYB20-38AA7164-K,24/12/2025,136
5119,P251204904,MYM20-27AK0501AK,24/12/2025,84
5102,P251105582,CXS25A-AS990-20K,23/12/2025,45
5103,P251105559,MGP32A-AC905-30K,23/12/2025,132
5104,P251105556,C2M040K02-68717B,23/12/2025,84
5105,P251105553,C2M025K03-68715B,23/12/2025,170
5106,P251105546,C2Q25G-P1283-30K,23/12/2025,209
5107,P251105601,MYB20-42AA7164-20K,23/12/2025,812
5108,P251204037,C9663ABAC961-30K,23/12/2025,20
5110,P251204035,S370A63T38X32X30,23/12/2025,20
5109,P251204036,S370A63T89X80X30,23/12/2025,10
5111,P251204034,CQS16-04-F6463-K,23/12/2025,15
5112,P251204033,S370A63T26X20X20,23/12/2025,20
5113,P251204283,S370A63T38X32X30,23/12/2025,20
5097,P251105568,S370A63T47X40X30,22/12/2025,154
5098,P251105557,C2M040K03-68717B,22/12/2025,84
5099,P251105551,C2M020K03-68714B,22/12/2025,546
5100,P251105598,MYB16-38-A7163-K,22/12/2025,200
5101,P251203132,P3800602-M-2,22/12/2025,50
5089,P251004522,CXS10A-R6001-20K,19/12/2025,46
5090,P251004522,CXS10A-R6001-20K,19/12/2025,114
5091,P251105588,DXT199-20-23-30,19/12/2025,108
5092,P251105563,MGP40A-AC896-30K,19/12/2025,40
5093,P251105545,C2J16M-AF113-25K,19/12/2025,522
5094,P251105599,MYB16-42-A7163-20K,19/12/2025,1020
5095,P251105594,S369A63T55X50X30,19/12/2025,54
5096,P251105591,S370A63T47X40X30,19/12/2025,88
5083,P251105569,S369A63T36X32X30,18/12/2025,112
5084,P251105550,S501A61T43X16X30,18/12/2025,84
5085,P251105597,MYB16-46AA7163-K,18/12/2025,945
5086,P251105592,S370A63T72X63X30,18/12/2025,70
5087,P251105594,S369A63T55X50X30,18/12/2025,54
5088,P251105591,S370A63T47X40X30,18/12/2025,176
5074,P251102132,CKZ50ABAT389-30K,17/12/2025,48
5075,P251102130,CKZ50ABAT389-30K,17/12/2025,42
5076,P251105584,C2Q020K04-49998,17/12/2025,192
5077,P251105581,CXS16A-AS988-20K,17/12/2025,182
5078,P251105567,C9632ABAC958-30K,17/12/2025,77
5079,P251105608,P8910183-D,17/12/2025,63
5080,P251105592,S370A63T72X63X30,17/12/2025,35
5081,P251203124,NCA200-03-AV287-20K,17/12/2025,3
5082,P251203123,NCA200-02-AV287-20K,17/12/2025,9
5063,P251203588,P3800501B-M,16/12/2025,54
5062,P251203593,C2Q80A-AD142-30K,16/12/2025,15
5061,P251105593,S370A63T89X80X30,16/12/2025,48
5060,P251105549,S501A61T35X16X30,16/12/2025,135
5059,P251105555,C2M032K03-68716B,16/12/2025,270
5058,P251105562,MGP32A-AC895-30K,16/12/2025,99
5057,P251105567,C9632ABAC958-30K,16/12/2025,154
5056,P251105588,DXT199-20-23-30,16/12/2025,216
5064,P251203596,NCA250-03-AV288-20K,16/12/2025,24
5065,P251203595,NCA200-03-AV287-20K,16/12/2025,35
5073,P251203585,XLA80-1B,16/12/2025,6
5072,P251203586,XLA40-1B-S,16/12/2025,80
5071,P251203587,XGTP300-3-6M-1,16/12/2025,9
5070,P251203589,MGP80A-AC909-20K,16/12/2025,30
5069,P251203590,MGP63A-AC898-20K,16/12/2025,30
5068,P251203591,MYM32-27-A5904-K,16/12/2025,32
5067,P251203592,MYM40-27-A5905-K,16/12/2025,28
5066,P251203594,P3910013,16/12/2025,25
5050,P251004492,C2Q12A-AD367-30K,15/12/2025,240
5051,P251004509,CKZ40ABAT388-30K,15/12/2025,63
5052,P251105587,MK-50L-AF611-20K,15/12/2025,96
5053,P251105580,C2Q25A-AD137A30K,15/12/2025,104
5054,P251105559,MGP32A-AC905-30K,15/12/2025,99
5055,P251105550,S501A61T43X16X30,15/12/2025,168
5038,P250902959,P3802501B-M,12/12/2025,75
5039,P251105581,CXS16A-AS988-20K,12/12/2025,182
5040,P251105577,CYB32L-AS380-30K,12/12/2025,112
5041,P251105570,C2Q50A-AD140A30K,12/12/2025,35
5042,P251105567,C9632ABAC958-30K,12/12/2025,77
5043,P251105564,CG-040K02-35903A,12/12/2025,108
5044,P251105563,MGP40A-AC896-30K,12/12/2025,60
5045,P251105560,MGP12A-AC891-30K,12/12/2025,95
5046,P251105553,C2M025K03-68715B,12/12/2025,170
5047,P251203121,MXH16-27-E7100-K,12/12/2025,3
5048,P251203120,CXS06A-R6000-20K,12/12/2025,2
5049,P251203119,DXT192-11-3,12/12/2025,4
5034,P251004508,S369A63T45X40X30,11/12/2025,117
5035,P251102133,CKZ63ABAT390-30K,11/12/2025,35
5036,P251105588,DXT199-20-23-30,11/12/2025,216
5037,P251105567,C9632ABAC958-30K,11/12/2025,77
5029,P251004460,C9632ABAC958-30K,10/12/2025,77
5030,P251105572,P3802601B-M,10/12/2025,84
5031,P251105563,MGP40A-AC896-30K,10/12/2025,60
5032,P251105547,S500A61T40X10X30,10/12/2025,104
5033,P251201840,DXT199-20-23,10/12/2025,77
5024,P251004475,CXS20A-BA023-20K,09/12/2025,77
5025,P251105585,C2Q025K04-49999,09/12/2025,231
5026,P251105573,CYB15K-AS377-20K,09/12/2025,96
5027,P251105571,C2Q63A-AD141A30K,09/12/2025,72
5028,P251105605,MYM16-55-K0500-K,09/12/2025,286
5012,P251103893,MGP80A-AC909-20K,08/12/2025,25
5013,P251103890,MGP63A-AC898-20K,08/12/2025,20
5014,P251105581,CXS16A-AS988-20K,08/12/2025,182
5015,P251105566,C2Q016K04-56564,08/12/2025,280
5016,P251105562,MGP32A-AC895-30K,08/12/2025,99
5017,P251105561,MGP16A-AC892-30K,08/12/2025,170
5018,P251105560,MGP12A-AC891-30K,08/12/2025,95
5019,P251105554,C2M032K02-68716B,08/12/2025,135
5020,P251105551,C2M020K03-68714B,08/12/2025,273
5021,P251105550,S501A61T43X16X30,08/12/2025,168
5022,P251105606,MYM20-55-K0501-K,08/12/2025,220
5023,P250703046,C2Q32A-AD138A30K,08/12/2025,46
3435,P250402403,P3319401-M,05/12/2025,70
3429,P250402349,S370A63T31X25X30,05/12/2025,160
3431,P250402376,C9632ABAC958-30K,05/12/2025,88
3430,P250402371,P3802701B-M,05/12/2025,120
3432,P250402391,XLA25-1B-S,05/12/2025,108
3433,P250402395,C2Q32-04-J0779-K,05/12/2025,120
3434,P250402397,C2Q63-04-J0782AK,05/12/2025,126
3436,P250402413,V100-75-4,05/12/2025,80
5005,P251102130,CKZ50ABAT389-30K,04/12/2025,42
5006,P251105588,DXT199-20-23-30,04/12/2025,216
5007,P251105586,MK-40L-AF610-20K,04/12/2025,70
5008,P251105579,C2Q20A-AD136A30K,04/12/2025,112
5009,P251105555,C2M032K03-68716B,04/12/2025,135
5010,P251105549,S501A61T35X16X30,04/12/2025,135
5011,P251105596,P4811601-M-1,04/12/2025,36
4989,P251105607,MYM63-55-K0503-K,03/12/2025,32
4988,P251105557,C2M040K03-68717B,03/12/2025,84
4987,P251105561,MGP16A-AC892-30K,03/12/2025,85
4986,P251105570,C2Q50A-AD140A30K,03/12/2025,140
4985,P251105574,CYB25K-AS379-20K,03/12/2025,108
4984,P251105579,C2Q20A-AD136A30K,03/12/2025,112
4983,P251105584,C2Q020K04-49998,03/12/2025,192
4982,P251105586,MK-40L-AF610-20K,03/12/2025,70
4981,P251103892,MGP80A-AC899-20K,03/12/2025,25
4980,P251102131,CKZ63ABAT390-30K,03/12/2025,60
4979,P251004491,C2Q25A-AD137A30K,03/12/2025,104
4978,P251004475,CXS20A-BA023-20K,03/12/2025,77
4994,P251201451,CQM63J-AA073-20K,03/12/2025,24
4990,P251105595,DXT199-20-1,03/12/2025,77
4991,P251105589,DXT199-20-23,03/12/2025,77
5003,P251201460,MGP50A-AC907-20K,03/12/2025,84
5002,P251201459,MK-63L-AF612-20K,03/12/2025,35
5001,P251201458,MGPA0A-AC900-20K,03/12/2025,16
5000,P251201457,CYR63K-AX668-20K,03/12/2025,15
4999,P251201456,CYR50J-AX667-20K,03/12/2025,20
4998,P251201455,CYB32K-AS380-20K,03/12/2025,140
4997,P251201454,CXS06A-AS986-20K,03/12/2025,352
4992,P251201265,MGP80A-AC899-20K,03/12/2025,30
4993,P251201450,C2Q80A-AD142-30K,03/12/2025,14
5004,P251201461,MGP63A-AC908-20K,03/12/2025,30
4995,P251201452,CQM80J-AA074-20K,03/12/2025,15
4996,P251201453,CQMA0J-AA075-20K,03/12/2025,16
4970,P251004463,S370A63T47X40X30,02/12/2025,77
4971,P251004467,MGP12A-AC901-30K,02/12/2025,95
4972,P251004483,P3802401B-M,02/12/2025,216
4973,P251004495,P4811151-MH1,02/12/2025,544
4974,P251004506,S370A63T47X40X30,02/12/2025,88
4975,P251102701,DXT192-11-44-30,02/12/2025,495
4976,P251105581,CXS16A-AS988-20K,02/12/2025,182
4977,P251004483,P3802401B-M,02/12/2025,113
4962,P251004529,CXS10L-R6001-20K,01/12/2025,180
4961,P251004510,XLA25-1B-S,01/12/2025,36
4960,P251004506,S370A63T47X40X30,01/12/2025,88
4959,P251004494,MK-20L-AF607-20K,01/12/2025,247
4958,P251004464,S370A63T89X80X30,01/12/2025,108
4963,P251102133,CKZ63ABAT390-30K,01/12/2025,35
4964,P251103894,XLA40-1B-S,01/12/2025,100
4965,P251103889,MGP50A-AC907-20K,01/12/2025,70
4966,P251105207,C9663ABAC961-30K,01/12/2025,5
4967,P251105291,S370A63T38X32X30,01/12/2025,10
4968,P251105290,S369A63T36X32X30,01/12/2025,7
4969,P251105289,SY3000-20-1,01/12/2025,1
4947,P251004507,S370A63T89X80X30,26/11/2025,48
4946,P251004505,S370A63T38X32X30,26/11/2025,126
4945,P251004496,CXS16A-AS988-20K,26/11/2025,182
4944,P251004482,C2Q80A-AD142-30K,26/11/2025,15
4943,P251004464,S370A63T89X80X30,26/11/2025,18
4942,P251004461,C9640ABAC959-30K,26/11/2025,60
4941,P251004460,C9632ABAC958-30K,26/11/2025,77
4948,P251103894,XLA40-1B-S,26/11/2025,20
4949,P251103888,MGP50A-AC897-20K,26/11/2025,70
4950,P251004523,CXS15A-BA022-20K,26/11/2025,40
4957,P251004502,CYP040-32D29451,26/11/2025,19
4956,P251103894,XLA40-1B-S,26/11/2025,20
4955,P251004526,CXR025-32-29954,26/11/2025,153
4954,P251004517,C2M025K03-68715B,26/11/2025,204
4953,P251004512,P6260201-D,26/11/2025,112
4952,P251004508,S369A63T45X40X30,26/11/2025,117
4951,P251004490,C2Q20A-AD136A30K,26/11/2025,112
4930,P251004489,P3800501B-M,25/11/2025,108
4931,P251004507,S370A63T89X80X30,25/11/2025,48
4932,P251004515,C2M020K03-68714B,25/11/2025,294
4933,P251004522,CXS10A-R6001-20K,25/11/2025,160
4934,P251004525,CXR016-32-29953,25/11/2025,204
4935,P251102701,DXT192-11-44-30,25/11/2025,330
4936,P251103897,C9632ABAC958-30K,25/11/2025,20
4937,P251103896,C2Q50-04-J0781-K,25/11/2025,10
4938,P251103895,CQS25-04-F6467-K,25/11/2025,30
4939,P250502855,P3800401B-M,25/11/2025,77
4940,P250502855,P3800401B-M,25/11/2025,28
4921,P251004463,S370A63T47X40X30,24/11/2025,77
4922,P251004480,MGP63A-AC898-20K,24/11/2025,10
4923,P251004507,S370A63T89X80X30,24/11/2025,24
4924,P251004512,P6260201-D,24/11/2025,56
4925,P251004522,CXS10A-R6001-20K,24/11/2025,160
4926,P251004524,C2Q012K04-56563,24/11/2025,176
4927,P251103886,CXS32A-AS991-20K,24/11/2025,128
4928,P251103894,XLA40-1B-S,24/11/2025,60
4929,P251103890,MGP63A-AC898-20K,24/11/2025,30
4912,P251004492,C2Q12A-AD367-30K,21/11/2025,201
4913,P251004461,C9640ABAC959-30K,21/11/2025,120
4914,P251004462,C9663ABAC961-30K,21/11/2025,84
4915,P251004478,MGP50A-AC897-20K,21/11/2025,112
4916,P251004482,C2Q80A-AD142-30K,21/11/2025,30
4917,P251004488,P3800101B-M,21/11/2025,260
4918,P251004510,XLA25-1B-S,21/11/2025,108
4919,P251004522,CXS10A-R6001-20K,21/11/2025,160
4920,P251102132,CKZ50ABAT389-30K,21/11/2025,48
4901,P251004460,C9632ABAC958-30K,20/11/2025,41
4902,P251004472,MGP25A-AC894-30K,20/11/2025,108
4903,P251004478,MGP50A-AC897-20K,20/11/2025,28
4904,P251004483,P3802401B-M,20/11/2025,216
4905,P251004489,P3800501B-M,20/11/2025,162
4906,P251004505,S370A63T38X32X30,20/11/2025,126
4907,P251004512,P6260201-D,20/11/2025,56
4908,P251004513,P6260301-D,20/11/2025,126
4909,P251004516,C2M025K02-68715B,20/11/2025,204
4910,P251004528,CXS06L-R6000-20K,20/11/2025,247
4911,P251102701,DXT192-11-44-30,20/11/2025,330
4889,P251103148,MB-63ABL8512-30K,18/11/2025,35
4888,P251102701,DXT192-11-44-30,18/11/2025,165
4887,P251004514,C2M020K02-68714B,18/11/2025,294
4886,P251004489,P3800501B-M,18/11/2025,216
4885,P251004478,MGP50A-AC897-20K,18/11/2025,168
4884,P251004469,MGP25A-AC904-30K,18/11/2025,108
4883,P251004465,DXT199-20-23,18/11/2025,385
4882,P251004463,S370A63T47X40X30,18/11/2025,77
4890,P251103146,XLA40-1B-S,18/11/2025,20
4891,P251103145,MYM50-27-K0502-K,18/11/2025,20
4892,P251103142,CXS25A-BA024-20K,18/11/2025,108
4900,P251103140,CXS06A-AS986-20K,18/11/2025,176
4899,P251103141,CXS25A-AS990-20K,18/11/2025,135
4898,P251103143,CYB32K-AS380-20K,18/11/2025,70
4897,P251103144,MGP50A-AC907-20K,18/11/2025,28
4896,P251103135,LEF40-9D,18/11/2025,20
4895,P251103136,LEF40-9D-HF,18/11/2025,15
4894,P251103139,C2M032K02-68716B,18/11/2025,150
4893,P251103407,MYH40J-R6302-30K,18/11/2025,32
4875,P251004465,DXT199-20-23,17/11/2025,77
4880,P251004500,C2Q025K04-49999,17/11/2025,77
4876,P251004480,MGP63A-AC898-20K,17/11/2025,90
4877,P251004481,C2Q50A-AD140A30K,17/11/2025,105
4878,P251004486,P3802701B-M,17/11/2025,60
4879,P251004496,CXS16A-AS988-20K,17/11/2025,91
4881,P251004496,CXS16A-AS988-20K,17/11/2025,22
4867,P251004486,P3802701B-M,14/11/2025,22
4868,P251004488,P3800101B-M,14/11/2025,173
4869,P251004472,MGP25A-AC894-30K,14/11/2025,108
4870,P251004478,MGP50A-AC897-20K,14/11/2025,140
4871,P251004482,C2Q80A-AD142-30K,14/11/2025,45
4872,P251004486,P3802701B-M,14/11/2025,60
4873,P251004487,P3802801B-M,14/11/2025,40
4874,P251004500,C2Q025K04-49999,14/11/2025,231
4859,P251004471,MGP16A-AC892-30K,13/11/2025,39
4860,P251004470,MGP12A-AC891-30K,13/11/2025,190
4861,P251004471,MGP16A-AC892-30K,13/11/2025,85
4862,P251004480,MGP63A-AC898-20K,13/11/2025,130
4863,P251004485,P3802601B-M,13/11/2025,168
4864,P251004491,C2Q25A-AD137A30K,13/11/2025,104
4865,P251004510,XLA25-1B-S,13/11/2025,72
4866,P251102701,DXT192-11-44-30,13/11/2025,165
4854,P251004489,P3800501B-M,12/11/2025,54
4855,P251004501,MYM16-27AK0500AK,12/11/2025,72
4856,P251004466,C2J06LAAH080-30K,12/11/2025,297
4857,P251004489,P3800501B-M,12/11/2025,33
4858,P251004513,P6260301-D,12/11/2025,33
4841,P251004490,C2Q20A-AD136A30K,11/11/2025,112
4840,P251004481,C2Q50A-AD140A30K,11/11/2025,105
4839,P251004479,MGP50A-AC907-20K,11/11/2025,42
4838,P251004472,MGP25A-AC894-30K,11/11/2025,108
4837,P251004469,MGP25A-AC904-30K,11/11/2025,72
4836,P251004465,DXT199-20-23,11/11/2025,231
4835,P251004521,C2M040K03-68717B,11/11/2025,30
4834,P251004479,MGP50A-AC907-20K,11/11/2025,6
4833,P251004469,MGP25A-AC904-30K,11/11/2025,26
4842,P251004500,C2Q025K04-49999,11/11/2025,77
4843,P251102668,S370A63T89X80X30,11/11/2025,2
4844,P251102667,S370A63T26X20X20,11/11/2025,10
4853,P251102129,JSY31M-20-E-3,11/11/2025,8
4852,P251102129,JSY31M-20-E-3,11/11/2025,2
4851,P251102670,SY5000-20-1,11/11/2025,5
4850,P251102671,SY7000-20-1,11/11/2025,4
4849,P251102669,SY3000-20-1,11/11/2025,1
4848,P251102663,CQS12-02-J4466-K,11/11/2025,5
4847,P251102664,CXS20A-BA023-20K,11/11/2025,56
4846,P251102665,DXT199-20-23,11/11/2025,4
4845,P251102666,MXH16-27-E7100-K,11/11/2025,3
4828,P251004465,DXT199-20-23,10/11/2025,14
4829,P251004467,MGP12A-AC901-30K,10/11/2025,63
4830,P251004490,C2Q20A-AD136A30K,10/11/2025,112
4831,P251101843,MK-63L-AF612-20K,10/11/2025,30
4832,P251101840,MK-50L-AF611-20K,10/11/2025,36
4824,P251004470,MGP12A-AC891-30K,07/11/2025,95
4825,P251004480,MGP63A-AC898-20K,07/11/2025,60
4826,P251004477,CQS16-04-F6465-K,07/11/2025,62
4827,P251004480,MGP63A-AC898-20K,07/11/2025,4
4822,P251004510,XLA25-1B-S,06/11/2025,17
4823,P250804644,P6260101-D,06/11/2025,72
4821,P251004473,CXS10A-R6001-20K,06/11/2025,32
4815,P251004487,P3802801B-M,05/11/2025,17
4816,P251004500,C2Q025K04-49999,05/11/2025,15
4817,P251004472,MGP25A-AC894-30K,05/11/2025,36
4818,P251004478,MGP50A-AC897-20K,05/11/2025,112
4819,P251004487,P3802801B-M,05/11/2025,40
4820,P251004527,CXR32-32-A2226-K,05/11/2025,112
4797,P251004471,MGP16A-AC892-30K,04/11/2025,46
4796,P251004469,MGP25A-AC904-30K,04/11/2025,10
4798,P251004473,CXS10A-R6001-20K,04/11/2025,128
4794,P251004466,C2J06LAAH080-30K,04/11/2025,159
4793,P251004465,DXT199-20-23,04/11/2025,63
4792,P251004460,C9632ABAC958-30K,04/11/2025,36
4791,P251004520,C2M040K02-68717B,04/11/2025,96
4790,P251004519,C2M032K03-68716B,04/11/2025,150
4789,P251004518,C2M032K02-68716B,04/11/2025,150
4788,P251004504,C1G63K02-AM410,04/11/2025,8
4787,P251004503,C1G50K02-AM409,04/11/2025,11
4786,P251004478,MGP50A-AC897-20K,04/11/2025,56
4785,P250902959,P3802501B-M,04/11/2025,135
4795,P251004467,MGP12A-AC901-30K,04/11/2025,32
4799,P251004474,CXS15A-BA022-20K,04/11/2025,44
4800,P251004477,CQS16-04-F6465-K,04/11/2025,78
4814,P251004521,C2M040K03-68717B,04/11/2025,66
4813,P251004513,P6260301-D,04/11/2025,9
4812,P251004510,XLA25-1B-S,04/11/2025,19
4811,P251004502,CYP040-32D29451,04/11/2025,41
4810,P251004500,C2Q025K04-49999,04/11/2025,62
4809,P251004496,CXS16A-AS988-20K,04/11/2025,69
4808,P251004492,C2Q12A-AD367-30K,04/11/2025,39
4807,P251004489,P3800501B-M,04/11/2025,21
4801,P251004479,MGP50A-AC907-20K,04/11/2025,8
4802,P251004480,MGP63A-AC898-20K,04/11/2025,6
4803,P251004483,P3802401B-M,04/11/2025,103
4804,P251004486,P3802701B-M,04/11/2025,38
4805,P251004487,P3802801B-M,04/11/2025,23
4806,P251004488,P3800101B-M,04/11/2025,87
4775,P250902986,XLA25-1B-S,03/11/2025,36
4774,P250902978,P4811351-MH1,03/11/2025,100
4773,P250902960,P3802601B-M,03/11/2025,84
4772,P250902949,CQS16-04-F6463-K,03/11/2025,140
4771,P250902947,S500A61T63X14X20,03/11/2025,70
4770,P250902943,MGP20A-AC893-30K,03/11/2025,112
4769,P250902924,APTE00-98000565-D,03/11/2025,126
4776,P251004468,MGP16A-AC902-30K,03/11/2025,170
4777,P251004476,CXS25A-BA024-20K,03/11/2025,108
4778,P251004477,CQS16-04-F6465-K,03/11/2025,140
4779,P251004481,C2Q50A-AD140A30K,03/11/2025,140
4780,P251004496,CXS16A-AS988-20K,03/11/2025,182
4768,P250902986,XLA25-1B-S,03/11/2025,13
4782,P251004499,CXS32A-AS991-20K,03/11/2025,160
4783,P251004511,C2Q40-04-J0780-K,03/11/2025,40
4784,P251004513,P6260301-D,03/11/2025,42
4781,P251004498,CXS25A-AS990-20K,03/11/2025,90
4767,P250902978,P4811351-MH1,03/11/2025,43
4766,P250902960,P3802601B-M,03/11/2025,40
4765,P250902949,CQS16-04-F6463-K,03/11/2025,75
4764,P250902947,S500A61T63X14X20,03/11/2025,13
4763,P250902924,APTE00-98000565-D,03/11/2025,64
4762,P250804644,P6260101-D,03/11/2025,62
4739,P250902961,P3802701B-M,29/10/2025,120
4740,P250902965,P3800601B-M,29/10/2025,240
4741,P250902981,CXS16A-AS988-20K,29/10/2025,182
4742,P250902983,C2Q020K04-49998,29/10/2025,288
4743,P250902952,MYB32-55-AS551-20-K,29/10/2025,40
4744,P250902989,CXS15A-BA022-20K,29/10/2025,120
4730,P250902923,APTE00-96000150-D,29/10/2025,77
4738,P250902959,P3802501B-M,29/10/2025,270
4736,P250902947,S500A61T63X14X20,29/10/2025,70
4735,P250902945,CXS15A-BA022-20K,29/10/2025,104
4734,P250902943,MGP20A-AC893-30K,29/10/2025,168
4733,P250902932,DXT192-11-44,29/10/2025,252
4732,P250902928,S370A63T72X63X30,29/10/2025,28
4731,P250902924,APTE00-98000565-D,29/10/2025,252
4745,P250902991,S369A63T55X50X30,29/10/2025,108
4746,P250902993,MYB32-55-AS551-20-K,29/10/2025,120
4747,P251003825,MGP50A-AC897-20K,29/10/2025,14
4737,P250902948,CQS12-04-F6464-K,29/10/2025,176
4761,P250902986,XLA25-1B-S,29/10/2025,23
4760,P250902978,P4811351-MH1,29/10/2025,57
4759,P250902977,C2Q16A-AD368-30K,29/10/2025,80
4758,P250902960,P3802601B-M,29/10/2025,44
4757,P250902959,P3802501B-M,29/10/2025,43
4756,P250902949,CQS16-04-F6463-K,29/10/2025,65
4755,P250902947,S500A61T63X14X20,29/10/2025,22
4754,P250902924,APTE00-98000565-D,29/10/2025,62
4748,P251003826,MGP63A-AC898-20K,29/10/2025,50
4749,P251003827,XLA50-1B-S,29/10/2025,16
4750,P251003828,XLA63-1B,29/10/2025,9
4751,P251003829,DXT192-11-3,29/10/2025,2
4752,P251003824,P3315561-M,29/10/2025,100
4753,P250902948,CQS12-04-F6464-K,29/10/2025,136
4720,P250703046,C2Q32A-AD138A30K,28/10/2025,70
4721,P250902941,MGP12A-AC891-30K,28/10/2025,285
4722,P250902942,MGP16A-AC892-30K,28/10/2025,170
4723,P250902956,C2Q40A-AD139A30K,28/10/2025,54
4724,P250902962,P3802801B-M,28/10/2025,280
4725,P250902964,P3800501B-M,28/10/2025,216
4726,P250902978,P4811351-MH1,28/10/2025,200
4727,P250902970,CYB25K-AS379-20K,28/10/2025,2
4728,P250902976,C2Q25A-AD137A30K,28/10/2025,59
4729,P250902978,P4811351-MH1,28/10/2025,6
4710,P250804088,C2Q12A-AD367-30K,27/10/2025,240
4709,P250902952,MYB32-55-AS551-20-K,27/10/2025,26
4708,P250902967,CYB10K-AS376-20K,27/10/2025,114
4707,P250902949,CQS16-04-F6463-K,27/10/2025,76
4706,P250804058,CXS32A-BA025-20K,27/10/2025,28
4712,P250902946,S500A61T50X14X30,27/10/2025,60
4713,P250902949,CQS16-04-F6463-K,27/10/2025,140
4714,P250902956,C2Q40A-AD139A30K,27/10/2025,54
4719,P250902986,XLA25-1B-S,27/10/2025,72
4718,P250902981,CXS16A-AS988-20K,27/10/2025,182
4717,P250902977,C2Q16A-AD368-30K,27/10/2025,170
4716,P250902962,P3802801B-M,27/10/2025,40
4715,P250902960,P3802601B-M,27/10/2025,252
4711,P250902945,CXS15A-BA022-20K,27/10/2025,104
4694,P250902990,S370A63T38X32X30,24/10/2025,252
4693,P250902989,CXS15A-BA022-20K,24/10/2025,120
4692,P250902987,P6260301-D,24/10/2025,42
4691,P250902979,P4811451-MH1,24/10/2025,64
4690,P250902976,C2Q25A-AD137A30K,24/10/2025,104
4689,P250902956,C2Q40A-AD139A30K,24/10/2025,54
4688,P250902943,MGP20A-AC893-30K,24/10/2025,112
4687,P250902979,P4811451-MH1,24/10/2025,25
4686,P250902969,CYB20K-AS378-20K,24/10/2025,26
4695,P250902991,S369A63T55X50X30,24/10/2025,216
4696,P250902996,MGP63A-AC898-20K,24/10/2025,20
4705,P251003056,MXH16-27-E7100-K,24/10/2025,1
4704,P251003055,C2M040K03-68717B,24/10/2025,9
4703,P251003054,C2M040K02-68717B,24/10/2025,12
4702,P251003053,C2M032K03-68716B,24/10/2025,33
4701,P251003052,C2M032K02-68716B,24/10/2025,40
4700,P251003051,C2M025K03-68715B,24/10/2025,13
4699,P251003050,C2M020K03-68714B,24/10/2025,24
4698,P251003049,C2M020K02-68714B,24/10/2025,29
4697,P251003006,CQS16-02-J4467-K,24/10/2025,12
4677,P250902956,C2Q40A-AD139A30K,23/10/2025,54
4676,P250902924,APTE00-98000565-D,23/10/2025,252
4675,P250804099,CXS32A-AS991-20K,23/10/2025,32
4674,P250804090,C2Q16A-AD368-30K,23/10/2025,170
4673,P250801086,P4811151-MH1,23/10/2025,272
4678,P250902961,P3802701B-M,23/10/2025,60
4679,P250902965,P3800601B-M,23/10/2025,200
4680,P250902992,MYB25-55-AS550-20-K,23/10/2025,140
4685,P250902998,C1SA6E-AA750-15K,23/10/2025,71
4684,P250902956,C2Q40A-AD139A30K,23/10/2025,30
4683,P250902951,MYB25-55-AS550-20-K,23/10/2025,37
4682,P250804099,CXS32A-AS991-20K,23/10/2025,2
4681,P250902994,MYB40-55-AS552-20-K,23/10/2025,84
4663,P250902928,S370A63T72X63X30,22/10/2025,28
4662,P250902927,S370A63T58X50X30,22/10/2025,45
4664,P250902929,S370A63T89X80X30,22/10/2025,18
4665,P250902943,MGP20A-AC893-30K,22/10/2025,56
4666,P250902961,P3802701B-M,22/10/2025,240
4667,P250902965,P3800601B-M,22/10/2025,40
4668,P250902982,CXS25A-AS990-20K,22/10/2025,225
4669,P250902986,XLA25-1B-S,22/10/2025,108
4670,P250902990,S370A63T38X32X30,22/10/2025,126
4671,P250902991,S369A63T55X50X30,22/10/2025,54
4672,P250902995,MGP50A-AC897-20K,22/10/2025,42
4653,P250902926,S370A63T38X32X30,21/10/2025,112
4654,P250902927,S370A63T58X50X30,21/10/2025,45
4656,P250902953,MGP50A-AC897-20K,21/10/2025,56
4657,P250902960,P3802601B-M,21/10/2025,84
4658,P250902995,MGP50A-AC897-20K,21/10/2025,140
4659,P250902997,P3315561-M,21/10/2025,160
4660,P251002255,XLA25-1B-S,21/10/2025,6
4661,P250902960,P3802601B-M,21/10/2025,53
4655,P250902930,CKZ40ABAT388-30K,21/10/2025,54
4644,P250902928,S370A63T72X63X30,20/10/2025,28
4643,P250902927,S370A63T58X50X30,20/10/2025,45
4642,P250902983,C2Q020K04-49998,20/10/2025,61
4641,P250902964,P3800501B-M,20/10/2025,29
4640,P250804090,C2Q16A-AD368-30K,20/10/2025,94
4645,P250902929,S370A63T89X80X30,20/10/2025,36
4646,P250902932,DXT192-11-44,20/10/2025,252
4647,P250902935,C2M025K02-68715B,20/10/2025,170
4652,P251002239,CXS06A-AS986-20K,20/10/2025,105
4651,P250902990,S370A63T38X32X30,20/10/2025,126
4650,P250902983,C2Q020K04-49998,20/10/2025,96
4649,P250902966,CYB06K-AS375-20K,20/10/2025,330
4648,P250902964,P3800501B-M,20/10/2025,162
4631,P250902923,APTE00-96000150-D,17/10/2025,36
4632,P250902958,P3802301B-M,17/10/2025,186
4633,P250902988,P3800602-M-2,17/10/2025,26
4634,P250902923,APTE00-96000150-D,17/10/2025,154
4635,P250902925,S370A63T26X20X20,17/10/2025,352
4636,P250902929,S370A63T89X80X30,17/10/2025,18
4637,P250902930,CKZ40ABAT388-30K,17/10/2025,54
4638,P250902933,C2Q32G-P1284-30K,17/10/2025,270
4639,P250902946,S500A61T50X14X30,17/10/2025,120
4623,P250903000,CKZ40ABAT388-30K,16/10/2025,38
4622,P250902985,SY7000-20-1,16/10/2025,13
4621,P250902962,P3802801B-M,16/10/2025,28
4620,P250902944,CXS06A-R6000-20K,16/10/2025,144
4619,P250502855,P3800401B-M,16/10/2025,49
4624,P250902928,S370A63T72X63X30,16/10/2025,28
4625,P250902929,S370A63T89X80X30,16/10/2025,18
4630,P250902986,XLA25-1B-S,16/10/2025,72
4629,P250902985,SY7000-20-1,16/10/2025,42
4628,P250902962,P3802801B-M,16/10/2025,120
4627,P250902953,MGP50A-AC897-20K,16/10/2025,84
4626,P250902947,S500A61T63X14X20,16/10/2025,105
4609,P250804056,CXS20A-BA023-20K,15/10/2025,77
4610,P250804636,C9632ABAC958-30K,15/10/2025,88
4611,P250902953,MGP50A-AC897-20K,15/10/2025,98
4612,P250902955,MGP63A-AC898-20K,15/10/2025,90
4613,P250902984,SY5000-20-1,15/10/2025,162
4614,P250902996,MGP63A-AC898-20K,15/10/2025,30
4615,P251002008,C2M040K02-69577B,15/10/2025,42
4616,P251002009,MK-63L-AF612-20K,15/10/2025,5
4617,P250804636,C9632ABAC958-30K,15/10/2025,61
4618,P250902950,C2Q040K31-49702A,15/10/2025,25
4601,P250902953,MGP50A-AC897-20K,14/10/2025,84
4600,P250902940,MGP12A-AC901-30K,14/10/2025,95
4599,P250902939,C2M040K03-68717B,14/10/2025,168
4598,P250902936,C2M025K03-68715B,14/10/2025,170
4597,P250902934,C2M020K02-68714B,14/10/2025,273
4602,P251001965,MGP63A-AC908-20K,14/10/2025,20
4603,P251001966,MGP80A-AC899-20K,14/10/2025,35
4604,P251001967,MGP80A-AC909-20K,14/10/2025,10
4605,P251001968,CYB63K-AS383-20K,14/10/2025,24
4606,P251001971,C2QA0A-AD143-30K,14/10/2025,40
4607,P251001972,C2Q25A-AD137A20K,14/10/2025,30
4608,P250902963,P3800101B-M,14/10/2025,210
4583,P250804057,CXS25A-BA024-20K,13/10/2025,108
4587,P250902953,MGP50A-AC897-20K,13/10/2025,140
4588,P250902965,P3800601B-M,13/10/2025,120
4591,P250804637,C9650ABAC960-30K,13/10/2025,80
4592,P250902942,MGP16A-AC892-30K,13/10/2025,85
4593,P250902943,MGP20A-AC893-30K,13/10/2025,56
4570,P250804637,C9650ABAC960-30K,10/10/2025,80
4571,P250804638,C9663ABAC961-30K,10/10/2025,35
4572,P250902936,C2M025K03-68715B,10/10/2025,170
4573,P250902947,S500A61T63X14X20,10/10/2025,35
4574,P250902953,MGP50A-AC897-20K,10/10/2025,28
4575,P250902968,CYB15K-AS377-20K,10/10/2025,96
4576,P250902971,CYB32K-AS380-20K,10/10/2025,35
4577,P250902987,P6260301-D,10/10/2025,42
4582,P250902975,C2Q20A-AD136A30K,10/10/2025,33
4581,P250902953,MGP50A-AC897-20K,10/10/2025,2
4580,P250902947,S500A61T63X14X20,10/10/2025,25
4579,P250902943,MGP20A-AC893-30K,10/10/2025,27
4578,P250902937,C2M032K02-68716B,10/10/2025,79
4561,P250902935,C2M025K02-68715B,09/10/2025,152
4562,P250902946,S500A61T50X14X30,09/10/2025,30
4563,P250902987,P6260301-D,09/10/2025,22
4564,P250902941,MGP12A-AC891-30K,09/10/2025,95
4565,P250902955,MGP63A-AC898-20K,09/10/2025,120
4566,P250902986,XLA25-1B-S,09/10/2025,36
4567,P250902987,P6260301-D,09/10/2025,84
4568,P250902999,CYR32-32-786GL,09/10/2025,36
4569,P251001655,MGP50A-AC907-20K,09/10/2025,84
4553,P250804088,C2Q12A-AD367-30K,08/10/2025,240
4552,P250804056,CXS20A-BA023-20K,08/10/2025,77
4551,P250902955,MGP63A-AC898-20K,08/10/2025,2
4550,P250804088,C2Q12A-AD367-30K,08/10/2025,98
4549,P250804056,CXS20A-BA023-20K,08/10/2025,30
4554,P250902933,C2Q32G-P1284-30K,08/10/2025,135
4555,P250902934,C2M020K02-68714B,08/10/2025,273
4556,P250902955,MGP63A-AC898-20K,08/10/2025,100
4557,P250902961,P3802701B-M,08/10/2025,60
4558,P250902974,CYB63K-AS383-20K,08/10/2025,12
4559,P250902982,CXS25A-AS990-20K,08/10/2025,45
4560,P250902999,CYR32-32-786GL,08/10/2025,108
4542,P250804055,CXS15A-BA022-20K,07/10/2025,104
4543,P250804647,CXS15A-BA022-20K,07/10/2025,80
4544,P250902931,DXT199-20-23,07/10/2025,308
4545,P250902932,DXT192-11-44,07/10/2025,378
4546,P250902954,MGP50A-AC907-20K,07/10/2025,42
4547,P250902989,CXS15A-BA022-20K,07/10/2025,40
4548,P250804647,CXS15A-BA022-20K,07/10/2025,10
4501,P250804637,C9650ABAC960-30K,06/10/2025,80
4502,P250804638,C9663ABAC961-30K,06/10/2025,105
4503,P250804031,S370A63T47X40X30,06/10/2025,45
4504,P250804638,C9663ABAC961-30K,06/10/2025,7
4505,P250804642,VJ100-16-7,06/10/2025,172
4506,P250902923,APTE00-96000150-D,06/10/2025,41
4507,P250902935,C2M025K02-68715B,06/10/2025,18
4508,P250902937,C2M032K02-68716B,06/10/2025,56
4509,P250902942,MGP16A-AC892-30K,06/10/2025,31
4510,P250902943,MGP20A-AC893-30K,06/10/2025,29
4511,P250902944,CXS06A-R6000-20K,06/10/2025,90
4512,P250902946,S500A61T50X14X30,06/10/2025,30
4500,P250804069,MGP50A-AC897-20K,06/10/2025,70
4499,P250804059,S500A61T50X14X30,06/10/2025,120
4488,P250902953,MGP50A-AC897-20K,06/10/2025,14
4489,P250902954,MGP50A-AC907-20K,06/10/2025,56
4490,P250902957,C2Q80A-AD142-30K,06/10/2025,15
4491,P251000669,CXS20A-AS989-20K,06/10/2025,40
4492,P251001115,S370A63T38X32X30,06/10/2025,10
4493,P251001114,DXT192-11-3,06/10/2025,1
4494,P251001112,S369A63T45X40X30,06/10/2025,95
4495,P251001113,C9632ABAC958-30K,06/10/2025,6
4487,P250902938,C2M040K02-68717B,06/10/2025,84
4496,P251001111,S370A63T31X25X30,06/10/2025,23
4497,P251001110,S370A63T26X20X20,06/10/2025,30
4498,P251001109,SY5000-20-1,06/10/2025,8
4513,P250902947,S500A61T63X14X20,06/10/2025,10
4514,P250902948,CQS12-04-F6464-K,06/10/2025,40
4533,P250902979,P4811451-MH1,06/10/2025,39
4530,P250902975,C2Q20A-AD136A30K,06/10/2025,79
4531,P250902976,C2Q25A-AD137A30K,06/10/2025,45
4532,P250902978,P4811351-MH1,06/10/2025,94
4534,P250902980,CXS10A-AS987-20K,06/10/2025,92
4535,P250902983,C2Q020K04-49998,06/10/2025,35
4536,P250902952,MYB32-55-AS551-20-K,06/10/2025,14
4537,P250902985,SY7000-20-1,06/10/2025,29
4538,P250902987,P6260301-D,06/10/2025,20
4539,P250902988,P3800602-M-2,06/10/2025,24
4540,P250902998,C1SA6E-AA750-15K,06/10/2025,37
4541,P250903000,CKZ40ABAT388-30K,06/10/2025,25
4529,P250902970,CYB25K-AS379-20K,06/10/2025,52
4528,P250902969,CYB20K-AS378-20K,06/10/2025,70
4527,P250902967,CYB10K-AS376-20K,06/10/2025,62
4515,P250902949,CQS16-04-F6463-K,06/10/2025,64
4516,P250902950,C2Q040K31-49702A,06/10/2025,45
4517,P250902951,MYB25-55-AS550-20-K,06/10/2025,33
4518,P250902953,MGP50A-AC897-20K,06/10/2025,12
4519,P250902955,MGP63A-AC898-20K,06/10/2025,8
4520,P250902956,C2Q40A-AD139A30K,06/10/2025,24
4521,P250902958,P3802301B-M,06/10/2025,74
4526,P250902964,P3800501B-M,06/10/2025,25
4525,P250902963,P3800101B-M,06/10/2025,50
4524,P250902962,P3802801B-M,06/10/2025,12
4523,P250902960,P3802601B-M,06/10/2025,31
4522,P250902959,P3802501B-M,06/10/2025,60
4478,P250804071,MGP50A-AC907-20K,03/10/2025,2
4479,P250804069,MGP50A-AC897-20K,03/10/2025,126
4480,P250804071,MGP50A-AC907-20K,03/10/2025,42
4481,P250804073,MGP63A-AC898-20K,03/10/2025,30
4482,P250804080,C2Q40A-AD139A30K,03/10/2025,54
4483,P250804082,C2Q50A-AD140A30K,03/10/2025,70
4484,P250804084,P3800501B-M,03/10/2025,108
4485,P250902929,S370A63T89X80X30,03/10/2025,18
4486,P250902955,MGP63A-AC898-20K,03/10/2025,30
4468,P250804084,P3800501B-M,02/10/2025,270
4467,P250804073,MGP63A-AC898-20K,02/10/2025,60
4466,P250804645,P6260301-D,02/10/2025,34
4465,P250804631,C2M025K02-67550D,02/10/2025,63
4464,P250804084,P3800501B-M,02/10/2025,43
4463,P250804073,MGP63A-AC898-20K,02/10/2025,2
4462,P250804047,C2M025K02-68715B,02/10/2025,139
4469,P250804592,C2M020K02-67545C,02/10/2025,108
4470,P250804629,C2M020K02-67549D,02/10/2025,126
4477,P250902952,MYB32-55-AS551-20-K,02/10/2025,40
4476,P250902982,CXS25A-AS990-20K,02/10/2025,45
4475,P250902979,P4811451-MH1,02/10/2025,64
4474,P250902973,CYB50K-AS382-20K,02/10/2025,15
4473,P250902972,CYB40K-AS381-20K,02/10/2025,24
4472,P250902932,DXT192-11-44,02/10/2025,126
4471,P250902931,DXT199-20-23,02/10/2025,77
4452,P250804071,MGP50A-AC907-20K,01/10/2025,42
4451,P250804059,S500A61T50X14X30,01/10/2025,60
4450,P250804055,CXS15A-BA022-20K,01/10/2025,208
4449,P250804590,C2Q025K04-49999,01/10/2025,55
4448,P250804038,C2Q12G-P1280-30K,01/10/2025,51
4447,P250804037,APTE00-96000152-D,01/10/2025,4
4453,P250804073,MGP63A-AC898-20K,01/10/2025,30
4454,P250804080,C2Q40A-AD139A30K,01/10/2025,108
4455,P250804590,C2Q025K04-49999,01/10/2025,77
4461,P250901044,DXT199-20-23,01/10/2025,200
4460,P250804647,CXS15A-BA022-20K,01/10/2025,40
4459,P250804645,P6260301-D,01/10/2025,42
4458,P250804638,C9663ABAC961-30K,01/10/2025,35
4457,P250804637,C9650ABAC960-30K,01/10/2025,80
4456,P250804634,C2M032K02-69578B,01/10/2025,70
4417,P250804061,C2Q016K04-56564,25/09/2025,140
4419,P250804082,C2Q50A-AD140A30K,25/09/2025,70
4420,P250804108,C2Q020K04-49998,25/09/2025,288
4421,P250804639,S370A63T110X100X30,25/09/2025,15
4422,P250804643,C2Q63-04-J0782AK,25/09/2025,90
4423,P250901043,DXT192-11-44,25/09/2025,100
4424,P250804040,C2Q40G-P1285-30K,25/09/2025,50
4425,P250804048,C2M025K03-68715B,25/09/2025,150
4418,P250804069,MGP50A-AC897-20K,25/09/2025,168
4416,P250804054,CXS10A-R6001-20K,25/09/2025,320
4415,P250804034,S370A63T110X100X30,25/09/2025,15
4407,P250804043,S501A61T23X10X30,25/09/2025,286
4408,P250804073,MGP63A-AC898-20K,25/09/2025,50
4409,P250804084,P3800501B-M,25/09/2025,108
4410,P250804086,P3800601B-M,25/09/2025,160
4411,P250804092,P4811351-MH1,25/09/2025,200
4412,P250804099,CXS32A-AS991-20K,25/09/2025,32
4413,P250804641,SY5000-20-1,25/09/2025,162
4414,P250804647,CXS15A-BA022-20K,25/09/2025,160
4426,P250804061,C2Q016K04-56564,25/09/2025,107
4427,P250804643,C2Q63-04-J0782AK,25/09/2025,5
4442,P250804038,C2Q12G-P1280-30K,25/09/2025,528
4441,P250804647,CXS15A-BA022-20K,25/09/2025,30
4440,P250804645,P6260301-D,25/09/2025,8
4439,P250804644,P6260101-D,25/09/2025,10
4438,P250804642,VJ100-16-7,25/09/2025,132
4437,P250804638,C9663ABAC961-30K,25/09/2025,28
4436,P250804636,C9632ABAC958-30K,25/09/2025,27
4435,P250804590,C2Q025K04-49999,25/09/2025,22
4434,P250804099,CXS32A-AS991-20K,25/09/2025,30
4428,P250804037,APTE00-96000152-D,25/09/2025,172
4429,P250804047,C2M025K02-68715B,25/09/2025,31
4430,P250804071,MGP50A-AC907-20K,25/09/2025,12
4431,P250804073,MGP63A-AC898-20K,25/09/2025,8
4432,P250804084,P3800501B-M,25/09/2025,11
4433,P250804088,C2Q12A-AD367-30K,25/09/2025,142
4398,P250902534,S369A63T45X40X30,24/09/2025,30
4397,P250902533,S369A63T36X32X30,24/09/2025,10
4396,P250902532,C9640ABAC959-30K,24/09/2025,58
4395,P250804648,MGP80A-AC899-20K,24/09/2025,5
4394,P250804596,C2M032K02-69576B,24/09/2025,63
4393,P250804073,MGP63A-AC898-20K,24/09/2025,40
4392,P250804071,MGP50A-AC907-20K,24/09/2025,42
4391,P250804067,MYB40-55-AS552-20-K,24/09/2025,28
4390,P250804052,MGP12A-AC891-30K,24/09/2025,190
4399,P250902535,S369A63T55X50X30,24/09/2025,41
4400,P250902536,S370A63T31X25X30,24/09/2025,2
4401,P250902537,S370A63T38X32X30,24/09/2025,14
4406,P250804648,MGP80A-AC899-20K,24/09/2025,1
4405,P250804062,MYB25-55-AS550-20-K,24/09/2025,33
4404,P250902568,C2Q020K04-51396,24/09/2025,26
4403,P250902539,S370A63T58X50X30,24/09/2025,42
4402,P250902538,S370A63T47X40X30,24/09/2025,28
4385,P250804054,CXS10A-R6001-20K,23/09/2025,97
4386,P250804069,MGP50A-AC897-20K,23/09/2025,3
4387,P250804069,MGP50A-AC897-20K,23/09/2025,42
4388,P250804080,C2Q40A-AD139A30K,23/09/2025,216
4389,P250901045,CYP32C-R5501A30K,23/09/2025,24
4381,P250804086,P3800601B-M,22/09/2025,40
4380,P250804073,MGP63A-AC898-20K,22/09/2025,20
4379,P250804041,S501A61T14X06X30,22/09/2025,714
4378,P250804029,C9663ABAC961-30K,22/09/2025,56
4382,P250804638,C9663ABAC961-30K,22/09/2025,105
4383,P250804073,MGP63A-AC898-20K,22/09/2025,2
4384,P250804627,C2M040K02-69577B,22/09/2025,4
4371,P250703045,C2J16L-AH081-30K,19/09/2025,208
4372,P250804033,S370A63T89X80X30,19/09/2025,18
4373,P250804035,APTE00-96000150-D,19/09/2025,154
4374,P250804060,S500A61T63X14X20,19/09/2025,35
4375,P250804086,P3800601B-M,19/09/2025,80
4376,P250804099,CXS32A-AS991-20K,19/09/2025,64
4377,P250804639,S370A63T110X100X30,19/09/2025,15
4446,P250804640,S369A63T36X32X30,19/09/2025,99
4445,P250804060,S500A61T63X14X20,19/09/2025,14
4444,P250804032,S370A63T72X63X30,19/09/2025,12
4443,P250900957,C2Q63A-AD141A30K,19/09/2025,720
4362,P250804029,C9663ABAC961-30K,18/09/2025,140
4363,P250804033,S370A63T89X80X30,18/09/2025,18
4364,P250804039,C2Q25G-P1283-30K,18/09/2025,209
4365,P250804042,S501A61T19X08X30,18/09/2025,416
4366,P250804051,C1G40L-AT034-30K,18/09/2025,77
4367,P250804082,C2Q50A-AD140A30K,18/09/2025,140
4368,P250804105,CXS25J-28750-20K,18/09/2025,280
4369,P250804637,C9650ABAC960-30K,18/09/2025,40
4370,P250804051,C1G40L-AT034-30K,18/09/2025,36
4354,P250900794,CXS16A-AS988-20K,17/09/2025,91
4353,P250900793,CXS10A-AS987-20K,17/09/2025,10
4352,P250804590,C2Q025K04-49999,17/09/2025,154
4351,P250804037,APTE00-96000152-D,17/09/2025,176
4350,P250804036,APTE00-98000565-D,17/09/2025,252
4355,P250804029,C9663ABAC961-30K,17/09/2025,17
4356,P250804030,S370A63T26X20X20,17/09/2025,22
4357,P250804036,APTE00-98000565-D,17/09/2025,65
4358,P250804064,MYB32-55-AS551-20-K,17/09/2025,5
4359,P250804092,P4811351-MH1,17/09/2025,68
4360,P250804101,CXS15J-28748-20K,17/09/2025,401
4361,P250804590,C2Q025K04-49999,17/09/2025,44
4348,P250804047,C2M025K02-68715B,16/09/2025,170
4349,P250804086,P3800601B-M,16/09/2025,120
4347,P250804103,CXS20J-28749-20K,15/09/2025,269
4346,P250804642,VJ100-16-7,15/09/2025,304
4345,P250804046,C2M020K03-68714B,15/09/2025,273
4338,P250804045,C2M020K02-68714B,12/09/2025,273
4339,P250804082,C2Q50A-AD140A30K,12/09/2025,105
4340,P250804108,C2Q020K04-49998,12/09/2025,192
4341,P250703084,P6260401-D,12/09/2025,12
4342,P250804053,CXS06A-R6000-20K,12/09/2025,197
4343,P250804082,C2Q50A-AD140A30K,12/09/2025,21
4344,P250804647,CXS15A-BA022-20K,12/09/2025,17
4326,P250502833,C2Q63A-AD141A30K,11/09/2025,24
4327,P250804044,S501A61T43X16X30,11/09/2025,84
4328,P250804080,C2Q40A-AD139A30K,11/09/2025,162
4329,P250804095,P4811451-MH1,11/09/2025,192
4330,P250804644,P6260101-D,11/09/2025,288
4331,P250804645,P6260301-D,11/09/2025,126
4332,P250804646,C2J06LAAH080-30K,11/09/2025,912
4337,P250900460,C2Q40A-AD139A20K,11/09/2025,10
4336,P250900461,SY30M-20-E-1,11/09/2025,18
4335,P250900462,DXT199-20-23,11/09/2025,22
4334,P250900463,VJ100-16-7,11/09/2025,55
4333,P250900464,S369A63T45X40X30,11/09/2025,26
4314,P250804082,C2Q50A-AD140A30K,10/09/2025,14
4313,P250804073,MGP63A-AC898-20K,10/09/2025,8
4312,P250804069,MGP50A-AC897-20K,10/09/2025,11
4311,P250804064,MYB32-55-AS551-20-K,10/09/2025,35
4310,P250804062,MYB25-55-AS550-20-K,10/09/2025,37
4309,P250804061,C2Q016K04-56564,10/09/2025,33
4308,P250804060,S500A61T63X14X20,10/09/2025,21
4307,P250804058,CXS32A-BA025-20K,10/09/2025,12
4306,P250804056,CXS20A-BA023-20K,10/09/2025,47
4315,P250804090,C2Q16A-AD368-30K,10/09/2025,76
4316,P250804092,P4811351-MH1,10/09/2025,32
4325,P250804648,MGP80A-AC899-20K,10/09/2025,4
4324,P250804647,CXS15A-BA022-20K,10/09/2025,23
4323,P250804643,C2Q63-04-J0782AK,10/09/2025,13
4322,P250804640,S369A63T36X32X30,10/09/2025,41
4321,P250804631,C2M025K02-67550D,10/09/2025,33
4320,P250804627,C2M040K02-69577B,10/09/2025,38
4319,P250804590,C2Q025K04-49999,10/09/2025,33
4318,P250804103,CXS20J-28749-20K,10/09/2025,71
4317,P250804101,CXS15J-28748-20K,10/09/2025,82
4305,P250804054,CXS10A-R6001-20K,10/09/2025,63
4304,P250804053,CXS06A-R6000-20K,10/09/2025,37
4292,P250804040,C2Q40G-P1285-30K,10/09/2025,168
4293,P250804050,C3G63K02-AG006,10/09/2025,28
4294,P250804594,C2M025K02-67546C,10/09/2025,88
4295,P250804029,C9663ABAC961-30K,10/09/2025,11
4296,P250804030,S370A63T26X20X20,10/09/2025,154
4297,P250804031,S370A63T47X40X30,10/09/2025,32
4298,P250804032,S370A63T72X63X30,10/09/2025,16
4299,P250804036,APTE00-98000565-D,10/09/2025,61
4300,P250804038,C2Q12G-P1280-30K,10/09/2025,135
4301,P250804040,C2Q40G-P1285-30K,10/09/2025,34
4302,P250804048,C2M025K03-68715B,10/09/2025,20
4303,P250804051,C1G40L-AT034-30K,10/09/2025,41
4290,P250502833,C2Q63A-AD141A30K,09/09/2025,168
4291,P250900283,CYV32C-R5503A30K,09/09/2025,24
4289,P250804647,CXS15A-BA022-20K,08/09/2025,40
4288,P250703078,VJ100-16-7,08/09/2025,304
4287,P250703058,C2Q20A-AD136A30K,08/09/2025,112
4286,P250703086,CXS15A-BA022-20K,08/09/2025,40
4276,P250804049,C3G50K02-AG005,05/09/2025,54
4275,P250804048,C2M025K03-68715B,05/09/2025,170
4274,P250703081,C2Q40-04-J0780-K,05/09/2025,120
4273,P250703065,CXS15J-28748-20K,05/09/2025,483
4272,P250703028,S501A61T35X16X30,05/09/2025,135
4271,P250703019,C9650ABAC960-30K,05/09/2025,40
4270,P250502833,C2Q63A-AD141A30K,05/09/2025,96
4277,P250804075,S502A61TA0X20X20,05/09/2025,12
4278,P250804635,C2M040K02-69579B,05/09/2025,48
4285,P250703066,CXS20J-28749-20K,05/09/2025,157
4284,P250703059,C2Q25A-AD137A30K,05/09/2025,56
4283,P250703055,CYB10L-AS376-30K,05/09/2025,472
4282,P250703041,S500A61T63X14X20,05/09/2025,21
4281,P250703040,S500A61T50X14X30,05/09/2025,37
4280,P250703024,C2J16M-AF113-25K,05/09/2025,141
4279,P250804643,C2Q63-04-J0782AK,05/09/2025,36
4259,P250703074,DXT155-38-1,04/09/2025,140
4258,P250703064,CXS10J-28747-20K,04/09/2025,624
4257,P250703058,C2Q20A-AD136A30K,04/09/2025,112
4256,P250703043,C2Q016K04-56564,04/09/2025,140
4255,P250703086,CXS15A-BA022-20K,04/09/2025,40
4254,P250703085,P3319201-M,04/09/2025,154
4253,P250502833,C2Q63A-AD141A30K,04/09/2025,72
4260,P250703078,VJ100-16-7,04/09/2025,304
4261,P250703081,C2Q40-04-J0780-K,04/09/2025,160
4262,P250703085,P3319201-M,04/09/2025,55
4269,P250703081,C2Q40-04-J0780-K,04/09/2025,16
4268,P250703078,VJ100-16-7,04/09/2025,89
4267,P250703074,DXT155-38-1,04/09/2025,34
4266,P250703064,CXS10J-28747-20K,04/09/2025,508
4265,P250703057,CYB32L-AS380-30K,04/09/2025,35
4264,P250703043,C2Q016K04-56564,04/09/2025,1
4263,P250703028,S501A61T35X16X30,04/09/2025,94
4211,P250703085,P3319201-M,27/08/2025,99
4212,P250703040,S500A61T50X14X30,27/08/2025,23
4213,P250703041,S500A61T63X14X20,27/08/2025,14
4214,P250703046,C2Q32A-AD138A30K,27/08/2025,24
4215,P250703066,CXS20J-28749-20K,27/08/2025,183
4216,P250703078,VJ100-16-7,27/08/2025,215
4217,P250703085,P3319201-M,27/08/2025,117
4218,P250703018,C9640ABAC959-30K,27/08/2025,43
4219,P250703040,S500A61T50X14X30,27/08/2025,6
4220,P250703046,C2Q32A-AD138A30K,27/08/2025,54
4221,P250703050,P3802601B-M,27/08/2025,74
4222,P250703083,P6260301-D,27/08/2025,9
4210,P250703077,SY5000-20-1,27/08/2025,108
4209,P250703072,C9632ABAC958-30K,27/08/2025,88
4208,P250703070,MK-40L-AF610-20K,27/08/2025,70
4196,P250703019,C9650ABAC960-30K,27/08/2025,120
4197,P250703021,S370A63T58X50X30,27/08/2025,135
4198,P250703025,S501A61T19X08X30,27/08/2025,416
4199,P250703040,S500A61T50X14X30,27/08/2025,60
4200,P250703046,C2Q32A-AD138A30K,27/08/2025,70
4201,P250703050,P3802601B-M,27/08/2025,84
4202,P250703052,P3802801B-M,27/08/2025,160
4203,P250703083,P6260301-D,27/08/2025,126
4204,P250703051,P3802701B-M,27/08/2025,120
4205,P250703054,P3800601B-M,27/08/2025,80
4206,P250703058,C2Q20A-AD136A30K,27/08/2025,112
4207,P250703067,CXS25J-28750-20K,27/08/2025,280
4223,P250703023,S369A63T36X32X30,27/08/2025,71
4224,P250703044,C2J10L-AH082-30K,27/08/2025,72
4225,P250703051,P3802701B-M,27/08/2025,54
4231,P250801790,C2Q63A-AD141A20K,27/08/2025,12
4230,P250703070,MK-40L-AF610-20K,27/08/2025,40
4229,P250703067,CXS25J-28750-20K,27/08/2025,61
4228,P250703065,CXS15J-28748-20K,27/08/2025,154
4227,P250703056,CYB15L-AS377-30K,27/08/2025,321
4226,P250703054,P3800601B-M,27/08/2025,28
4246,P250803416,C3G50K02-AG005,26/08/2025,15
4247,P250803415,C3G32K02-AG003,26/08/2025,13
4248,P250803414,C3G20K02-AG001,26/08/2025,14
4249,P250803413,C1G50L-AT035-30K,26/08/2025,5
4250,P250803412,C1G40L-AT034-30K,26/08/2025,4
4251,P250803411,C1G32L-AT033-30K,26/08/2025,4
4252,P250803410,C1G20K02-AM405,26/08/2025,4
4195,P250703080,C2Q32-04-J0779-K,26/08/2025,22
4194,P250703041,S500A61T63X14X20,26/08/2025,18
4193,P250703080,C2Q32-04-J0779-K,26/08/2025,120
4191,P250703066,CXS20J-28749-20K,26/08/2025,340
4192,P250703073,S370A63T110X100X30,26/08/2025,15
4245,P250803417,C3G63K02-AG006,26/08/2025,30
4244,P250803418,CYR06E-AX660-30K,26/08/2025,5
4232,P250803429,C9640AAAZ034-30K,26/08/2025,1
4233,P250803428,C9632AAAZ033-30K,26/08/2025,1
4234,P250803430,C9650AAAZ035-30K,26/08/2025,1
4235,P250803427,C96A0AAAZ038-30K,26/08/2025,1
4236,P250803426,CYR63E-AX668-30K,26/08/2025,5
4237,P250803423,CYR32E-AX665-30K,26/08/2025,5
4238,P250803425,CYR50E-AX667-30K,26/08/2025,5
4243,P250803419,CYR10E-AX661-30K,26/08/2025,5
4242,P250803420,CYR15E-AX662-30K,26/08/2025,5
4241,P250803421,CYR20E-AX663-30K,26/08/2025,5
4240,P250803422,CYR25E-AX664-30K,26/08/2025,5
4239,P250803424,CYR40E-AX666-30K,26/08/2025,5
4177,P250703017,C9632ABAC958-30K,25/08/2025,231
4178,P250703021,S370A63T58X50X30,25/08/2025,45
4179,P250703073,S370A63T110X100X30,25/08/2025,45
4180,P250703019,C9650ABAC960-30K,25/08/2025,31
4181,P250703021,S370A63T58X50X30,25/08/2025,26
4182,P250703052,P3802801B-M,25/08/2025,28
4183,P250703063,CXS06J-A5157-20K,25/08/2025,626
4184,P250703073,S370A63T110X100X30,25/08/2025,4
4185,P250703078,VJ100-16-7,25/08/2025,173
4171,P250703086,CXS15A-BA022-20K,22/08/2025,80
4172,P250703027,S501A61T27X12X30,22/08/2025,209
4173,P250703042,S502A61T63X13X20,22/08/2025,70
4174,P250703068,CXS32J-28751-20K,22/08/2025,192
4175,P250703042,S502A61T63X13X20,22/08/2025,17
4176,P250703068,CXS32J-28751-20K,22/08/2025,62
4157,P250703018,C9640ABAC959-30K,21/08/2025,17
4156,P250703084,P6260401-D,21/08/2025,18
4155,P250801794,MGP40A-AC896-30K,21/08/2025,20
4154,P250801863,MGP50A-AC907-20K,21/08/2025,42
4153,P250801790,C2Q63A-AD141A20K,21/08/2025,20
4152,P250703073,S370A63T110X100X30,21/08/2025,15
4151,P250703047,C2Q50A-AD140A30K,21/08/2025,105
4150,P250703046,C2Q32A-AD138A30K,21/08/2025,70
4149,P250703034,MGP16A-AC892-30K,21/08/2025,85
4148,P250703022,S370A63T72X63X30,21/08/2025,56
4147,P250703018,C9640ABAC959-30K,21/08/2025,120
4158,P250703028,S501A61T35X16X30,21/08/2025,41
4159,P250703046,C2Q32A-AD138A30K,21/08/2025,16
4170,P250703073,S370A63T110X100X30,21/08/2025,5
4169,P250703039,APTE00-96000152-D,21/08/2025,108
4168,P250703035,MGP20A-AC893-30K,21/08/2025,26
4167,P250703034,MGP16A-AC892-30K,21/08/2025,50
4166,P250703091,P4811301-M-1,21/08/2025,1
4165,P250801790,C2Q63A-AD141A20K,21/08/2025,8
4164,P250703083,P6260301-D,21/08/2025,33
4163,P250703080,C2Q32-04-J0779-K,21/08/2025,38
4162,P250703073,S370A63T110X100X30,21/08/2025,11
4161,P250703062,CUJ10A-P7103A20K,21/08/2025,71
4160,P250703052,P3802801B-M,21/08/2025,12
4135,P250801801,C2Q50-04-J0781-K,20/08/2025,10
4134,P250801802,C9640ABAC959-30K,20/08/2025,20
4133,P250801803,C2Q32A-AD138A20K,20/08/2025,10
4132,P250801790,C2Q63A-AD141A20K,20/08/2025,200
4131,P250703080,C2Q32-04-J0779-K,20/08/2025,300
4130,P250703076,DXT199-20-23,20/08/2025,231
4129,P250703069,MK-32L-AF609-20K,20/08/2025,117
4128,P250703046,C2Q32A-AD138A30K,20/08/2025,140
4127,P250703084,P6260401-D,20/08/2025,60
4136,P250801800,CXS32A-AS991-20K,20/08/2025,32
4137,P250801799,CXS25A-AS990-20K,20/08/2025,45
4146,P250703076,DXT199-20-23,20/08/2025,49
4145,P250703069,MK-32L-AF609-20K,20/08/2025,68
4144,P250703018,C9640ABAC959-30K,20/08/2025,36
4143,P250703084,P6260401-D,20/08/2025,5
4142,P250801807,C2Q32A-AD138A20K,20/08/2025,2
4141,P250801808,SY3000-20-1,20/08/2025,5
4140,P250801795,C2Q40A-AD139A20K,20/08/2025,96
4139,P250801796,C2Q50A-AD140A20K,20/08/2025,60
4138,P250801798,P3315561-M,20/08/2025,40
4116,P250703036,MGP25A-AC894-30K,19/08/2025,72
4117,P250703052,P3802801B-M,19/08/2025,40
4118,P250703062,CUJ10A-P7103A20K,19/08/2025,324
4119,P250703080,C2Q32-04-J0779-K,19/08/2025,60
4120,P250703036,MGP25A-AC894-30K,19/08/2025,13
4121,P250703052,P3802801B-M,19/08/2025,6
4122,P250703061,CUJ08A-P7102A20K,19/08/2025,59
4123,P250703062,CUJ10A-P7103A20K,19/08/2025,47
4124,P250801805,CYR20J-AX663-20K,19/08/2025,15
4125,P250801804,CYR10J-AX661-20K,19/08/2025,16
4126,P250801806,CYR40J-AX666-20K,19/08/2025,8
4111,P250703033,MGP12A-AC891-30K,18/08/2025,190
4112,P250703046,C2Q32A-AD138A30K,18/08/2025,210
4113,P250703071,MK-50L-AF611-20K,18/08/2025,96
4114,P250703083,P6260301-D,18/08/2025,84
4115,P250703083,P6260301-D,18/08/2025,14
4063,P250703024,C2J16M-AF113-25K,15/08/2025,381
4064,P250703034,MGP16A-AC892-30K,15/08/2025,35
4065,P250703035,MGP20A-AC893-30K,15/08/2025,30
4066,P250703036,MGP25A-AC894-30K,15/08/2025,23
4067,P250703039,APTE00-96000152-D,15/08/2025,68
4068,P250703040,S500A61T50X14X30,15/08/2025,54
4069,P250703041,S500A61T63X14X20,15/08/2025,17
4070,P250703042,S502A61T63X13X20,15/08/2025,18
4071,P250703043,C2Q016K04-56564,15/08/2025,139
4072,P250703044,C2J10L-AH082-30K,15/08/2025,207
4062,P250703023,S369A63T36X32X30,15/08/2025,41
4061,P250703021,S370A63T58X50X30,15/08/2025,19
4060,P250703019,C9650ABAC960-30K,15/08/2025,9
4058,P250703091,P4811301-M-1,15/08/2025,99
4050,P250502885,C2Q63A-AD141A20K,15/08/2025,60
4051,P250703034,MGP16A-AC892-30K,15/08/2025,170
4052,P250703054,P3800601B-M,15/08/2025,80
4053,P250703058,C2Q20A-AD136A30K,15/08/2025,112
4054,P250703059,C2Q25A-AD137A30K,15/08/2025,104
4055,P250801088,P4811351-MH1,15/08/2025,100
4056,P250703084,P6260401-D,15/08/2025,25
4057,P250703085,P3319201-M,15/08/2025,37
4059,P250703018,C9640ABAC959-30K,15/08/2025,24
4073,P250703050,P3802601B-M,15/08/2025,10
4074,P250703051,P3802701B-M,15/08/2025,6
4101,P250703068,CXS32J-28751-20K,15/08/2025,130
4110,P250801087,P4811251-MH1,15/08/2025,68
4102,P250703069,MK-32L-AF609-20K,15/08/2025,49
4103,P250703070,MK-40L-AF610-20K,15/08/2025,30
4104,P250703073,S370A63T110X100X30,15/08/2025,10
4105,P250703074,DXT155-38-1,15/08/2025,36
4106,P250703076,DXT199-20-23,15/08/2025,28
4107,P250703078,VJ100-16-7,15/08/2025,131
4108,P250703081,C2Q40-04-J0780-K,15/08/2025,24
4109,P250703083,P6260301-D,15/08/2025,28
4100,P250703067,CXS25J-28750-20K,15/08/2025,219
4099,P250703065,CXS15J-28748-20K,15/08/2025,329
4098,P250703064,CXS10J-28747-20K,15/08/2025,116
4075,P250703052,P3802801B-M,15/08/2025,34
4076,P250703054,P3800601B-M,15/08/2025,12
4077,P250703055,CYB10L-AS376-30K,15/08/2025,188
4078,P250703056,CYB15L-AS377-30K,15/08/2025,155
4079,P250703057,CYB32L-AS380-30K,15/08/2025,77
4080,P250703059,C2Q25A-AD137A30K,15/08/2025,48
4081,P250703060,CUJ06A-P7101A20K,15/08/2025,82
4082,P250703061,CUJ08A-P7102A20K,15/08/2025,302
4083,P250703062,CUJ10A-P7103A20K,15/08/2025,277
4084,P250703063,CXS06J-A5157-20K,15/08/2025,174
4045,P250703085,P3319201-M,14/08/2025,154
4046,P250703050,P3802601B-M,14/08/2025,168
4047,P250703078,VJ100-16-7,14/08/2025,304
4048,P250703079,XLA16-3-1B,14/08/2025,77
4049,P250801592,C2Q020K04-49998,14/08/2025,96
4037,P250703035,MGP20A-AC893-30K,13/08/2025,56
4038,P250703051,P3802701B-M,13/08/2025,120
4039,P250703053,P3800501B-M,13/08/2025,108
4040,P250703081,C2Q40-04-J0780-K,13/08/2025,80
4041,P250703083,P6260301-D,13/08/2025,126
4042,P250801262,P4811451-MH1,13/08/2025,10
4043,P250801261,P4811351-MH1,13/08/2025,10
4044,P250801260,P4811251-MH1,13/08/2025,10
4033,P250703084,P6260401-D,12/08/2025,90
4034,P250703092,XLS25-1-1B,12/08/2025,72
4035,P250703059,C2Q25A-AD137A30K,12/08/2025,104
4036,P250703082,C2Q63-04-J0782AK,12/08/2025,18
4025,P250502885,C2Q63A-AD141A20K,11/08/2025,40
4026,P250703087,CXS32A-BA025-20K,11/08/2025,40
4027,P250703088,C2Q32A-AD138A20K,11/08/2025,189
4028,P250703090,DXT199-20-1,11/08/2025,77
4029,P250703099,CU-016K27-57157A,11/08/2025,150
4030,P250703099,CU-016K27-57157A,11/08/2025,32
4031,P250703101,DXT192-11-44,11/08/2025,126
4032,P250703032,MGP25A-AC904-30K,11/08/2025,36
4008,P250703029,C2M032K03-68716B,08/08/2025,135
4009,P250703038,MGP40A-AC896-30K,08/08/2025,20
4010,P250703062,CUJ10A-P7103A20K,08/08/2025,324
4011,P250801192,P3315661-M,08/08/2025,64
4012,P250801263,C9650ABAC960-30K,08/08/2025,24
4013,P250801264,C9640ABAC959-30K,08/08/2025,6
4014,P250801265,MGP50A-AC897-20K,08/08/2025,2
4015,P250801266,S369A63T45X40X30,08/08/2025,83
4016,P250502885,C2Q63A-AD141A20K,08/08/2025,40
3999,P250703093,P4811321-M,07/08/2025,48
4000,P250703026,S501A61T23X10X30,07/08/2025,286
4001,P250703030,MGP12A-AC901-30K,07/08/2025,95
4002,P250703037,MGP32A-AC895-30K,07/08/2025,33
4003,P250703075,DXT192-11-3,07/08/2025,126
4004,P250703076,DXT199-20-23,07/08/2025,154
4005,P250801086,P4811151-MH1,07/08/2025,272
4006,P250801088,P4811351-MH1,07/08/2025,100
4007,P250801089,P4811451-MH1,07/08/2025,256
3990,P250703020,S370A63T31X25X30,06/08/2025,160
3989,P250703100,C2U16A-AS922-20K,06/08/2025,182
3988,P250703092,XLS25-1-1B,06/08/2025,72
3987,P250703091,P4811301-M-1,06/08/2025,100
3986,P250703089,C2Q50A-AD140A20K,06/08/2025,30
3991,P250703034,MGP16A-AC892-30K,06/08/2025,85
3992,P250703046,C2Q32A-AD138A30K,06/08/2025,140
3993,P250703047,C2Q50A-AD140A30K,06/08/2025,70
3994,P250703075,DXT192-11-3,06/08/2025,252
3995,P250801082,SY30M-20-E-1,06/08/2025,5
3996,P250801083,VJ100-16-7,06/08/2025,5
3997,P250801084,SY7000-20-1,06/08/2025,5
3998,P250801085,SY7000-20-1,06/08/2025,8
3979,P250602925,C2Q20A-AD136A30K,05/08/2025,112
3980,P250703095,MTS25-02-J3853-K,05/08/2025,90
3981,P250703031,MGP16A-AC902-30K,05/08/2025,255
3982,P250703038,MGP40A-AC896-30K,05/08/2025,100
3983,P250704006,C9632ABAC958-30K,05/08/2025,15
3984,P250602925,C2Q20A-AD136A30K,05/08/2025,13
3985,P250602925,C2Q20A-AD136A30K,05/08/2025,30
3414,P250402391,XLA25-1B-S,05/08/2025,72
3413,P250402390,XLA16-1B-S,05/08/2025,55
3412,P250402377,C9650ABAC960-30K,05/08/2025,160
3410,P250402375,P3800601B-M,05/08/2025,80
3411,P250402376,C9632ABAC958-30K,05/08/2025,88
3409,P250402372,P3802801B-M,05/08/2025,80
3408,P250402371,P3802701B-M,05/08/2025,120
3407,P250402368,P3802401B-M,05/08/2025,432
3406,P250402359,MGP20A-AC893-30K,05/08/2025,56
3405,P250402351,S370A63T89X80X30,05/08/2025,18
3404,P250402350,S370A63T58X50X30,05/08/2025,45
3415,P250402392,XLA40-1B-S,05/08/2025,40
3416,P250402396,C2Q40-04-J0780-K,05/08/2025,40
3421,P250402416,C2Q80A-AD142-20K,05/08/2025,36
3428,P250402434,XLA40-3-1B,05/08/2025,72
3420,P250402415,C2Q80-04-J0783-K,05/08/2025,12
3427,P250402430,P7471701-M,05/08/2025,24
3426,P250402428,P3910014,05/08/2025,20
3425,P250402426,P3315661-M,05/08/2025,16
3424,P250402423,MYB80-02-K2470-K,05/08/2025,32
3423,P250402422,MGP80A-AC909-20K,05/08/2025,15
3422,P250402417,C2QA0A-AD143-20K,05/08/2025,24
3419,P250402409,DXT199-20-1,05/08/2025,77
3418,P250402402,P3319201-M,05/08/2025,154
3417,P250402401,P6260401-D,05/08/2025,30
3972,P250602942,P3802501B-M,04/08/2025,135
3973,P250703084,P6260401-D,04/08/2025,60
3974,P250703098,P3800403-MH2,04/08/2025,112
3975,P250703035,MGP20A-AC893-30K,04/08/2025,168
3976,P250703036,MGP25A-AC894-30K,04/08/2025,108
3977,P250703061,CUJ08A-P7102A20K,04/08/2025,361
3978,P250703083,P6260301-D,04/08/2025,42
3947,P250703086,CXS15A-BA022-20K,01/08/2025,40
3948,P250703089,C2Q50A-AD140A20K,01/08/2025,90
3949,P250703094,CYR32-32-786GL,01/08/2025,36
3950,P250703096,CYR50K-AX667-20K,01/08/2025,20
3951,P250703097,CYR63K-AX668-20K,01/08/2025,15
3952,P250703018,C9640ABAC959-30K,01/08/2025,180
3953,P250703022,S370A63T72X63X30,01/08/2025,56
3946,P250703085,P3319201-M,01/08/2025,154
3945,P250703084,P6260401-D,01/08/2025,30
3944,P250602977,XLA40-1B-S,01/08/2025,140
3943,P250602972,P5053-1081,01/08/2025,70
3942,P250602958,P6260201-D,01/08/2025,56
3941,P250602956,XLA25-1B-S,01/08/2025,36
3940,P250602942,P3802501B-M,01/08/2025,135
3939,P250602938,MK-32L-AF609-20K,01/08/2025,351
3938,P250602931,CUJ10A-P7103A20K,01/08/2025,324
3954,P250703035,MGP20A-AC893-30K,01/08/2025,56
3955,P250703046,C2Q32A-AD138A30K,01/08/2025,210
3971,P250602977,XLA40-1B-S,01/08/2025,10
3970,P250602972,P5053-1081,01/08/2025,12
3969,P250602958,P6260201-D,01/08/2025,21
3968,P250602956,XLA25-1B-S,01/08/2025,26
3967,P250602942,P3802501B-M,01/08/2025,9
3966,P250602935,MGP25A-AC894-30K,01/08/2025,24
3965,P250602931,CUJ10A-P7103A20K,01/08/2025,105
3964,P250602926,C2Q25A-AD137A30K,01/08/2025,37
3963,P250602914,CG-040K02-35903A,01/08/2025,14
3956,P250703047,C2Q50A-AD140A30K,01/08/2025,35
3957,P250703048,CYR50J-AX667-20K,01/08/2025,20
3958,P250703049,CYR63J-AX668-20K,01/08/2025,12
3959,P250703053,P3800501B-M,01/08/2025,54
3960,P250703074,DXT155-38-1,01/08/2025,70
3961,P250703082,C2Q63-04-J0782AK,01/08/2025,18
3962,P250703083,P6260301-D,01/08/2025,42
3923,P250602954,VJ100-16-7,29/07/2025,608
3922,P250602952,S370A63T110X100X30,29/07/2025,45
3921,P250602934,MGP20A-AC903-30K,29/07/2025,56
3920,P250602929,CUJ06A-P7101A20K,29/07/2025,380
3919,P250602922,C2Q32A-AD138A30K,29/07/2025,70
3918,P250602916,S502A61T63X13X20,29/07/2025,70
3917,P250602977,XLA40-1B-S,29/07/2025,180
3916,P250602975,C1SA6E-AA750-15K,29/07/2025,108
3915,P250602956,XLA25-1B-S,29/07/2025,108
3914,P250602910,S370A63T26X20X20,29/07/2025,352
3924,P250602969,P4811201-M-1,29/07/2025,312
3925,P250602979,C2QA0A-AD143-20K,29/07/2025,18
3926,P250602914,CG-040K02-35903A,29/07/2025,40
3936,P250602977,XLA40-1B-S,29/07/2025,10
3935,P250602972,P5053-1081,29/07/2025,58
3934,P250602958,P6260201-D,29/07/2025,35
3933,P250602956,XLA25-1B-S,29/07/2025,10
3932,P250602946,P3800301B-M,29/07/2025,20
3931,P250602942,P3802501B-M,29/07/2025,126
3930,P250602935,MGP25A-AC894-30K,29/07/2025,12
3929,P250602931,CUJ10A-P7103A20K,29/07/2025,219
3928,P250602926,C2Q25A-AD137A30K,29/07/2025,67
3927,P250602925,C2Q20A-AD136A30K,29/07/2025,69
3906,P250602952,S370A63T110X100X30,28/07/2025,90
3905,P250602939,MK-40L-AF610-20K,28/07/2025,210
3904,P250602916,S502A61T63X13X20,28/07/2025,105
3903,P250602913,S370A63T89X80X30,28/07/2025,18
3902,P250602911,S370A63T31X25X30,28/07/2025,160
3907,P250602960,P3319101-M,28/07/2025,476
3908,P250602966,MGJ06K-BA394-20K,28/07/2025,476
3913,P250702634,C2Q80A-AD142-30K,28/07/2025,60
3912,P250702635,MYH40J-R6302-30K,28/07/2025,32
3911,P250702868,MK-63L-AF612-20K,28/07/2025,70
3910,P250702633,MGP63A-AC898-20K,28/07/2025,100
3909,P250602972,P5053-1081,28/07/2025,140
3894,P250602921,C2Q63G-F2257-20K,25/07/2025,56
3895,P250602922,C2Q32A-AD138A30K,25/07/2025,210
3896,P250602924,C2Q50A-AD140A30K,25/07/2025,105
3897,P250602926,C2Q25A-AD137A30K,25/07/2025,104
3898,P250602973,P5053-1083,25/07/2025,72
3899,P250602929,CUJ06A-P7101A20K,25/07/2025,380
3900,P250602931,CUJ10A-P7103A20K,25/07/2025,972
3901,P250702777,CUJ08A-P7102A20K,25/07/2025,1083
3884,P250602910,S370A63T26X20X20,24/07/2025,176
3885,P250602911,S370A63T31X25X30,24/07/2025,160
3886,P250602913,S370A63T89X80X30,24/07/2025,18
3887,P250602938,MK-32L-AF609-20K,24/07/2025,117
3888,P250602948,C9632ABAC958-30K,24/07/2025,88
3889,P250602950,C9650ABAC960-30K,24/07/2025,40
3890,P250602951,C9663ABAC961-30K,24/07/2025,35
3891,P250602952,S370A63T110X100X30,24/07/2025,45
3892,P250602974,XLS25-1-1B,24/07/2025,36
3893,P250701679,SY5000-20-1,24/07/2025,2
3877,P250602965,MB-40-32-C6777-K,23/07/2025,192
3876,P250602952,S370A63T110X100X30,23/07/2025,45
3875,P250602950,C9650ABAC960-30K,23/07/2025,40
3874,P250602932,CXS10A-AS987-20K,23/07/2025,46
3878,P250602967,P3318110-M,23/07/2025,208
3879,P250701683,C2Q50-02-J0787-K,23/07/2025,30
3880,P250701684,MGP50A-AC907-20K,23/07/2025,28
3881,P250701682,MGP50A-AC907-20K,23/07/2025,28
3882,P250701680,MXH16-27-E7100-K,23/07/2025,2
3883,P250701681,MGP50A-AC897-20K,23/07/2025,2
3868,P250602918,C2M032K02-68716B,22/07/2025,270
3869,P250602921,C2Q63G-F2257-20K,22/07/2025,28
3870,P250602922,C2Q32A-AD138A30K,22/07/2025,280
3871,P250602940,MK-50L-AF611-20K,22/07/2025,48
3872,P250602949,C9640ABAC959-30K,22/07/2025,70
3873,P250602977,XLA40-1B-S,22/07/2025,40
3860,P250602912,S370A63T58X50X30,21/07/2025,45
3861,P250602940,MK-50L-AF611-20K,21/07/2025,96
3862,P250602941,MK-63L-AF612-20K,21/07/2025,70
3863,P250602949,C9640ABAC959-30K,21/07/2025,70
3864,P250602950,C9650ABAC960-30K,21/07/2025,40
3865,P250602951,C9663ABAC961-30K,21/07/2025,35
3866,P250602971,P4811501-M-1,21/07/2025,98
3867,P250602977,XLA40-1B-S,21/07/2025,120
3852,P250602910,S370A63T26X20X20,18/07/2025,176
3853,P250602915,S502A61T50X13X27,18/07/2025,60
3854,P250602920,S500A61T63X14X20,18/07/2025,35
3855,P250602928,C2Q025K31-49999A,18/07/2025,176
3856,P250602932,CXS10A-AS987-20K,18/07/2025,89
3857,P250602943,P3802601B-M,18/07/2025,252
3858,P250602950,C9650ABAC960-30K,18/07/2025,40
3859,P250602968,P4811101-M-2,18/07/2025,544
3847,P250602922,C2Q32A-AD138A30K,17/07/2025,140
3848,P250602934,MGP20A-AC903-30K,17/07/2025,56
3849,P250602948,C9632ABAC958-30K,17/07/2025,88
3850,P250602951,C9663ABAC961-30K,17/07/2025,105
3851,P250602977,XLA40-1B-S,17/07/2025,180
3839,P250602915,S502A61T50X13X27,16/07/2025,120
3840,P250602919,S500A61T50X14X30,16/07/2025,60
3841,P250602942,P3802501B-M,16/07/2025,135
3842,P250602947,P3800601B-M,16/07/2025,120
3843,P250602958,P6260201-D,16/07/2025,56
3844,P250602984,P3315661-M,16/07/2025,16
3845,P250602987,CYR32-32-786GL,16/07/2025,144
3846,P250700886,P79001005-M,16/07/2025,20
3829,P250602922,C2Q32A-AD138A30K,15/07/2025,140
3830,P250602924,C2Q50A-AD140A30K,15/07/2025,140
3832,P250602964,C2Q040K31-49702A,15/07/2025,70
3833,P250602969,P4811201-M-1,15/07/2025,156
3834,P250700838,CYR32K-AX665-20K,15/07/2025,2
3835,P250700836,CYR63K-AX668-20K,15/07/2025,2
3836,P250700835,CYR50K-AX667-20K,15/07/2025,1
3837,P250700833,CYR06K-AX660-20K,15/07/2025,3
3838,P250700837,DXT199-20-23,15/07/2025,17
3831,P250602934,MGP20A-AC903-30K,15/07/2025,56
3824,P250602928,C2Q025K31-49999A,14/07/2025,176
3825,P250602936,MGP50A-AC897-20K,14/07/2025,28
3826,P250602980,MGP50A-AC897-20K,14/07/2025,14
3827,P250602982,MGP63A-AC908-20K,14/07/2025,20
3828,P250602985,VP500-22,14/07/2025,42
3823,P250602923,C2Q40A-AD139A30K,14/07/2025,108
3822,P250602957,P6260101-D,11/07/2025,288
3821,P250602923,C2Q40A-AD139A30K,11/07/2025,378
3816,P250602945,P3800201B-M,10/07/2025,198
3815,P250602937,MK-25L-AF608-20K,10/07/2025,240
3817,P250602954,VJ100-16-7,10/07/2025,304
3818,P250602974,XLS25-1-1B,10/07/2025,36
3819,P250602945,P3800201B-M,10/07/2025,36
3820,P250602945,P3800201B-M,10/07/2025,162
3814,P250602920,S500A61T63X14X20,10/07/2025,35
3808,P250602974,XLS25-1-1B,09/07/2025,36
3809,P250602975,C1SA6E-AA750-15K,09/07/2025,108
3810,P250700606,C9650ABAZ035-30K,09/07/2025,1
3811,P250700605,C9640ABAZ034-30K,09/07/2025,1
3812,P250700604,C9632ABAZ033-30K,09/07/2025,1
3813,P250700603,C96A0ABAZ038-30K,09/07/2025,1
3806,P250602924,C2Q50A-AD140A30K,09/07/2025,140
3804,P250602922,C2Q32A-AD138A30K,09/07/2025,210
3805,P250602923,C2Q40A-AD139A30K,09/07/2025,54
3802,P250700471,MGP32A-AC895-30K,08/07/2025,165
3796,P250602923,C2Q40A-AD139A30K,08/07/2025,270
3795,P250602917,C2J16L-AH081-30K,08/07/2025,208
3797,P250602924,C2Q50A-AD140A30K,08/07/2025,70
3798,P250602944,P3802701B-M,08/07/2025,300
3799,P250602955,XLA16-1B-S,08/07/2025,110
3800,P250700473,S502A61T40X09X27,08/07/2025,6
3803,P250700470,P4811151-MH1,08/07/2025,10
3801,P250700472,S502A61T32X06X27,08/07/2025,2
3788,P250602924,C2Q50A-AD140A30K,07/07/2025,70
3794,P250502878,P6260201-D,07/07/2025,56
3793,P250602970,P4811301-M-1,07/07/2025,100
3792,P250602969,P4811201-M-1,07/07/2025,156
3791,P250602963,CXS15A-BA022-20K,07/07/2025,80
3790,P250602959,P6260301-D,07/07/2025,84
3789,P250602958,P6260201-D,07/07/2025,112
3787,P250502829,C2Q32A-AD138A30K,04/07/2025,210
3777,P250602927,C2QA0A-AD143-30K,04/07/2025,16
3778,P250602933,CXS25A-AS990-20K,04/07/2025,90
3779,P250602935,MGP25A-AC894-30K,04/07/2025,216
3780,P250602947,P3800601B-M,04/07/2025,40
3781,P250602953,SY5000-20-1,04/07/2025,216
3782,P250602962,P3319301-M,04/07/2025,396
3783,P250602965,MB-40-32-C6777-K,04/07/2025,48
3784,P250700218,MGP40A-AC896-30K,04/07/2025,140
3785,P250700221,CYR25J-AX664-20K,04/07/2025,70
3786,P250700222,CYR32J-AX665-20K,04/07/2025,40
3775,P250602943,P3802601B-M,03/07/2025,168
3776,P250602956,XLA25-1B-S,03/07/2025,72
3774,P250502878,P6260201-D,03/07/2025,56
3773,P250202778,P3800401B-M,02/07/2025,231
3769,P250602913,S370A63T89X80X30,02/07/2025,18
3770,P250602921,C2Q63G-F2257-20K,02/07/2025,28
3771,P250602955,XLA16-1B-S,02/07/2025,110
3772,P250602961,P3319201-M,02/07/2025,308
3766,P250602984,P3315661-M,01/07/2025,16
3764,P250602981,MGP63A-AC898-20K,01/07/2025,20
3761,P250602978,C2Q80-04-J0783-K,01/07/2025,12
3763,P250602980,MGP50A-AC897-20K,01/07/2025,28
3755,P250602924,C2Q50A-AD140A30K,01/07/2025,175
3762,P250602979,C2QA0A-AD143-20K,01/07/2025,18
3757,P250602955,XLA16-1B-S,01/07/2025,110
3758,P250602956,XLA25-1B-S,01/07/2025,108
3759,P250602976,DXT192-11-44,01/07/2025,126
3760,P250602977,XLA40-1B-S,01/07/2025,20
3756,P250602949,C9640ABAC959-30K,01/07/2025,140
3768,P250604167,MGP32A-AC895-30K,01/07/2025,198
3753,P250502884,CXS15A-BA022-20K,01/07/2025,80
3752,P250502882,P6260401-D,01/07/2025,120
3751,P250502855,P3800401B-M,01/07/2025,77
3750,P250502829,C2Q32A-AD138A30K,01/07/2025,140
3749,P250602993,CXS10A-AS987-20K,01/07/2025,5
3765,P250602983,MGP80A-AC899-20K,01/07/2025,10
3754,P250502829,C2Q32A-AD138A30K,01/07/2025,420
3767,P250602986,XLA40-3-1B,01/07/2025,24
3748,P250402404,CXS06A-R6000-20K,01/07/2025,234
3743,P250502882,P6260401-D,26/06/2025,90
3742,P250502881,P6260301-D,26/06/2025,42
3747,P250603003,CQS20-04-F6466-K,26/06/2025,96
3746,P250603002,MGP32A-AC895-30K,26/06/2025,66
3745,P250603001,MGP40A-AC896-30K,26/06/2025,200
3744,P250602896,S370A63T38X32X30,26/06/2025,120
3741,P250502850,P3802601B-M,26/06/2025,168
3739,P250502830,C2Q40A-AD139A30K,26/06/2025,162
3740,P250502834,CYB06L-AS375-30K,26/06/2025,1144
3734,P250402401,P6260401-D,25/06/2025,30
3736,P250502829,C2Q32A-AD138A30K,25/06/2025,70
3737,P250502830,C2Q40A-AD139A30K,25/06/2025,54
3738,P241102057,C9650ABAC960-30K,25/06/2025,200
3735,P250402404,CXS06A-R6000-20K,25/06/2025,234
3728,P250502846,MGP40A-AC896-30K,24/06/2025,240
3730,P250601579,SY3000-20-1,24/06/2025,10
3729,P250601580,SY5000-20-1,24/06/2025,10
3726,P250502835,CYB40L-AS381-30K,24/06/2025,77
3731,P250601583,SY5000-20-118,24/06/2025,10
3732,P250601582,SY30M-20-E-1,24/06/2025,10
3733,P250601581,SY7000-20-1,24/06/2025,10
3725,P250502829,C2Q32A-AD138A30K,24/06/2025,210
3727,P250502844,MGP32A-AC895-30K,24/06/2025,99
3718,P250502837,MGP16A-AC902-30K,23/06/2025,85
3720,P250502849,P3802301B-M,23/06/2025,196
3724,P250502854,P3800301B-M,23/06/2025,56
3716,P250502831,C2Q50A-AD140A30K,23/06/2025,175
3723,P250502849,P3802301B-M,23/06/2025,64
3722,P250502889,CU-010K27-57156A,23/06/2025,289
3721,P250502854,P3800301B-M,23/06/2025,61
3719,P250502844,MGP32A-AC895-30K,23/06/2025,165
3717,P250502836,MGP12A-AC901-30K,23/06/2025,95
3715,P250502827,C2J06LAAH080-30K,23/06/2025,456
3713,P250502846,MGP40A-AC896-30K,20/06/2025,40
3710,P250502830,C2Q40A-AD139A30K,20/06/2025,216
3711,P250502839,MGP12A-AC891-30K,20/06/2025,285
3712,P250502844,MGP32A-AC895-30K,20/06/2025,99
3714,P250502853,P3800101B-M,20/06/2025,260
3706,P250502868,VJ100-16-7,19/06/2025,304
3708,P250600436,CG-040K02-35903A,19/06/2025,54
3709,P250502868,VJ100-16-7,19/06/2025,62
3707,P250502878,P6260201-D,19/06/2025,168
3705,P250502846,MGP40A-AC896-30K,19/06/2025,160
3704,P250502842,S500A61T50X14X30,19/06/2025,60
3702,P250502831,C2Q50A-AD140A30K,19/06/2025,140
3701,P250402404,CXS06A-R6000-20K,19/06/2025,234
3700,P250402352,C2Q32A-AD138A30K,19/06/2025,70
3699,P250200315,MYB100-02-K2471-K,19/06/2025,32
3698,P250300741,C2Q63A-AD141A30K,19/06/2025,168
3703,P250502837,MGP16A-AC902-30K,19/06/2025,85
3693,P250601429,C9632ABAC958-30K,18/06/2025,8
3697,P250502868,VJ100-16-7,18/06/2025,242
3696,P250601426,MTS16-02-J3851-K,18/06/2025,39
3695,P250601427,CXS20A-BA023-20K,18/06/2025,59
3694,P250601428,C9640ABAC959-30K,18/06/2025,42
3688,P250502890,CU-020K27-57158A,18/06/2025,121
3692,P250601422,C9663ABAC961-30K,18/06/2025,20
3691,P250601423,S369A63T55X50X30,18/06/2025,10
3690,P250601424,S370A63T38X32X30,18/06/2025,1
3686,P250502868,VJ100-16-7,18/06/2025,304
3684,P250502844,MGP32A-AC895-30K,18/06/2025,132
3679,P250402352,C2Q32A-AD138A30K,18/06/2025,210
3680,P250402373,P3800301B-M,18/06/2025,234
3681,P250402401,P6260401-D,18/06/2025,90
3687,P250502881,P6260301-D,18/06/2025,126
3685,P250502849,P3802301B-M,18/06/2025,260
3682,P250502832,C2Q025K04-49999,18/06/2025,231
3683,P250502838,MGP20A-AC903-30K,18/06/2025,56
3689,P250601425,MTS12-02-J3850-K,18/06/2025,42
3676,P250502846,MGP40A-AC896-30K,17/06/2025,20
3678,P250502887,P4811321-M,17/06/2025,144
3677,P250502876,P6260101-D,17/06/2025,216
3675,P250502844,MGP32A-AC895-30K,17/06/2025,33
3674,P250502830,C2Q40A-AD139A30K,17/06/2025,270
3670,P250502828,S501A61T43X16X30,16/06/2025,168
3672,P250502872,C2Q32-04-J0779-K,16/06/2025,360
3673,P250502888,CU-006K27-57155A,16/06/2025,342
3671,P250502837,MGP16A-AC902-30K,16/06/2025,85
3668,P250502870,XLA25-1B-S,13/06/2025,108
3667,P250502868,VJ100-16-7,13/06/2025,304
3666,P250502840,MGP16A-AC892-30K,13/06/2025,255
3665,P250502831,C2Q50A-AD140A30K,13/06/2025,105
3669,P250502884,CXS15A-BA022-20K,13/06/2025,40
3663,P250402352,C2Q32A-AD138A30K,13/06/2025,70
3664,P250502824,C2M025K02-68715B,13/06/2025,170
3656,P250502839,MGP12A-AC891-30K,12/06/2025,190
3654,P250502827,C2J06LAAH080-30K,12/06/2025,456
3662,P250600965,XLA80-1B,12/06/2025,1
3661,P250502881,P6260301-D,12/06/2025,126
3659,P250502856,P3800501B-M,12/06/2025,54
3655,P250502830,C2Q40A-AD139A30K,12/06/2025,54
3658,P250502842,S500A61T50X14X30,12/06/2025,60
3657,P250502840,MGP16A-AC892-30K,12/06/2025,170
3660,P250502860,DXT155-38-1,12/06/2025,280
3650,P250600899,CUJ06A-P7101A20K,11/06/2025,20
3653,P250600902,CYR32-32-786GL,11/06/2025,216
3645,P250600436,CG-040K02-35903A,11/06/2025,54
3638,P250402401,P6260401-D,11/06/2025,60
3639,P250502824,C2M025K02-68715B,11/06/2025,170
3640,P250502852,P3802801B-M,11/06/2025,160
3641,P250502858,P3800601B-M,11/06/2025,40
3642,P250502864,DXT199-20-23,11/06/2025,231
3643,P250502866,SY5000-20-1,11/06/2025,162
3644,P250502964,MGP63A-AC898-20K,11/06/2025,60
3652,P250600901,CUJ10A-P7103A20K,11/06/2025,20
3651,P250600900,CUJ08A-P7102A20K,11/06/2025,20
3649,P250600898,CUJ04A-P7100A20K,11/06/2025,20
3648,P250600897,S370A63T38X32X30,11/06/2025,100
3647,P250600896,CUJ10A-P7103A20K,11/06/2025,40
3646,P250600895,CQS12-04-F6464-K,11/06/2025,18
3624,P250402369,P3802501B-M,10/06/2025,135
3628,P250402424,MYB100-02-K2471-K,10/06/2025,8
3625,P250402392,XLA40-1B-S,10/06/2025,160
3626,P250402415,C2Q80-04-J0783-K,10/06/2025,48
3627,P250402418,MB-50-32-C6778-K,10/06/2025,35
3629,P250502830,C2Q40A-AD139A30K,10/06/2025,54
3630,P250502831,C2Q50A-AD140A30K,10/06/2025,105
3631,P250502839,MGP12A-AC891-30K,10/06/2025,190
3637,P250502964,MGP63A-AC898-20K,10/06/2025,70
3636,P250502870,XLA25-1B-S,10/06/2025,72
3635,P250502853,P3800101B-M,10/06/2025,260
3634,P250502852,P3802801B-M,10/06/2025,160
3633,P250502851,P3802701B-M,10/06/2025,60
3632,P250502840,MGP16A-AC892-30K,10/06/2025,510
3623,P250600435,S370A63T110X100X30,09/06/2025,15
3615,P250502855,P3800401B-M,09/06/2025,77
3610,P250502836,MGP12A-AC901-30K,09/06/2025,95
3607,P250402374,P3800501B-M,09/06/2025,54
3608,P250402424,MYB100-02-K2471-K,09/06/2025,16
3609,P250502831,C2Q50A-AD140A30K,09/06/2025,105
3622,P250502887,P4811321-M,09/06/2025,48
3611,P250502839,MGP12A-AC891-30K,09/06/2025,95
3612,P250502840,MGP16A-AC892-30K,09/06/2025,170
3613,P250502841,MGP25A-AC894-30K,09/06/2025,108
3614,P250502851,P3802701B-M,09/06/2025,120
3620,P250502874,C2Q40-04-J0780-K,09/06/2025,240
3616,P250502856,P3800501B-M,09/06/2025,54
3617,P250502858,P3800601B-M,09/06/2025,200
3618,P250502862,DXT192-11-3,09/06/2025,126
3619,P250502870,XLA25-1B-S,09/06/2025,180
3621,P250502884,CXS15A-BA022-20K,09/06/2025,80
3392,P250500016,S500A61T32X08X30,05/06/2025,7
3402,P250302584,APTE00-96000152-D,05/06/2025,176
3400,P250302269,MYB80-02-K2470-K,05/06/2025,56
3387,P250500011,C2J10M-AF112-25K,05/06/2025,5
3401,P250302270,MYB100-02-K2471-K,05/06/2025,32
3396,P250302237,P3802501B-M,05/06/2025,135
3390,P250500014,C2Q32G-P1284-30K,05/06/2025,2
3393,P250500017,S501A61T23X10X30,05/06/2025,25
3403,P250400386,P7471701-M,05/06/2025,48
3394,P250500018,S500A61T32X08X30,05/06/2025,5
3395,P250302231,MGP20A-AC903-30K,05/06/2025,168
3399,P250302261,MB-40-32-C6777-K,05/06/2025,144
3398,P250302251,XLA40-1B-S,05/06/2025,120
3397,P250302239,P3802701B-M,05/06/2025,60
3389,P250500013,C2Q25G-P1283-30K,05/06/2025,5
3391,P250500015,S500A61T25X06X30,05/06/2025,7
3388,P250500012,C2Q12G-P1280-30K,05/06/2025,2
3583,P250402415,C2Q80-04-J0783-K,04/06/2025,12
3586,P250502883,P3319401-M,04/06/2025,70
3587,P250502886,P40109002-D,04/06/2025,70
3585,P250502862,DXT192-11-3,04/06/2025,126
3589,P250600435,S370A63T110X100X30,04/06/2025,15
3588,P250600434,C2Q32A-AD138A30K,04/06/2025,80
3584,P250502841,MGP25A-AC894-30K,04/06/2025,36
3582,P250402362,C2Q63G-F2257-20K,03/06/2025,56
3580,P250402352,C2Q32A-AD138A30K,03/06/2025,70
3581,P250402355,C2Q20A-AD136A30K,03/06/2025,112
3577,P250402406,CXS32A-BA025-20K,02/06/2025,40
3571,P250402362,C2Q63G-F2257-20K,02/06/2025,112
3572,P250402369,P3802501B-M,02/06/2025,135
3573,P250402372,P3802801B-M,02/06/2025,40
3574,P250402391,XLA25-1B-S,02/06/2025,144
3579,P250501479,P7471701-M,02/06/2025,24
3575,P250402395,C2Q32-04-J0779-K,02/06/2025,60
3576,P250402405,CXS15A-BA022-20K,02/06/2025,104
3578,P250402420,MGP63A-AC898-20K,02/06/2025,30
3570,P250402353,C2Q50A-AD140A30K,02/06/2025,245
3551,P250402392,XLA40-1B-S,28/05/2025,180
3569,P250501539,DXT192-11-44,28/05/2025,50
3568,P250402411,P5053-1083,28/05/2025,72
3557,P250402414,VP300-22,28/05/2025,72
3560,P250402423,MYB80-02-K2470-K,28/05/2025,8
3561,P250501706,SY50M-20-E-1,28/05/2025,2
3562,P250402352,C2Q32A-AD138A30K,28/05/2025,70
3564,P250402362,C2Q63G-F2257-20K,28/05/2025,28
3556,P250402410,MB-40-32-C6777-K,28/05/2025,48
3566,P250402398,P6260101-D,28/05/2025,216
3567,P250402405,CXS15A-BA022-20K,28/05/2025,104
3558,P250402417,C2QA0A-AD143-20K,28/05/2025,12
3555,P250402409,DXT199-20-1,28/05/2025,77
3563,P250402357,C2Q025K04-49999,28/05/2025,154
3559,P250402421,MGP63A-AC908-20K,28/05/2025,40
3565,P250402390,XLA16-1B-S,28/05/2025,55
3544,P250402356,C2Q25A-AD137A30K,28/05/2025,104
3546,P250402378,CYR06E-AX660-30K,28/05/2025,1260
3547,P250402381,CYR20E-AX663-30K,28/05/2025,560
3548,P250402384,CYR40E-AX666-30K,28/05/2025,320
3549,P250402387,DXT192-11-3,28/05/2025,126
3554,P250402402,P3319201-M,28/05/2025,462
3545,P250402359,MGP20A-AC893-30K,28/05/2025,168
3553,P250402394,XLA25-3-1B,28/05/2025,108
3552,P250402393,XLA16-3-1B,28/05/2025,154
3550,P250402389,VJ100-16-7,28/05/2025,304
3543,P250402417,C2QA0A-AD143-20K,26/05/2025,12
3538,P250402380,CYR15E-AX662-30K,26/05/2025,680
3541,P250402392,XLA40-1B-S,26/05/2025,20
3540,P250402391,XLA25-1B-S,26/05/2025,144
3535,P250402361,S500A61T63X14X20,26/05/2025,35
3536,P250402370,P3802601B-M,26/05/2025,252
3542,P250402398,P6260101-D,26/05/2025,144
3539,P250402389,VJ100-16-7,26/05/2025,608
3537,P250402379,CYR10E-AX661-30K,26/05/2025,756
3531,P250402400,P6260301-D,23/05/2025,168
3530,P250402362,C2Q63G-F2257-20K,23/05/2025,28
3532,P250402407,C2Q32A-AD138A20K,23/05/2025,63
3533,P250402418,MB-50-32-C6778-K,23/05/2025,105
3534,P250402426,P3315661-M,23/05/2025,64
3529,P250402352,C2Q32A-AD138A30K,23/05/2025,140
3519,P250501703,DXT199-20-23,22/05/2025,20
3520,P250501704,SY30M-20-E-1,22/05/2025,2
3522,P250501707,SY7000-20-1,22/05/2025,2
3514,P250402387,DXT192-11-3,22/05/2025,126
3518,P250501702,DXT192-11-44,22/05/2025,20
3517,P250501642,S370A63T110X100X30,22/05/2025,45
3516,P250402434,XLA40-3-1B,22/05/2025,120
3515,P250402427,P3910013,22/05/2025,50
3513,P250402383,CYR32E-AX665-30K,22/05/2025,400
3512,P250402352,C2Q32A-AD138A30K,22/05/2025,70
3503,P250402360,MGP25A-AC894-30K,21/05/2025,72
3504,P250402362,C2Q63G-F2257-20K,21/05/2025,28
3505,P250402367,MK-25L-AF608-20K,21/05/2025,260
3506,P250402394,XLA25-3-1B,21/05/2025,162
3507,P250402408,AXT835-30D-1,21/05/2025,100
3508,P250402410,MB-40-32-C6777-K,21/05/2025,48
3509,P250402412,V100-75-25,21/05/2025,75
3510,P250402428,P3910014,21/05/2025,20
3511,P250402429,P40108002-D,21/05/2025,40
3500,P250501544,C9640ABAC959-30K,20/05/2025,30
3491,P250402365,MK-16L-AF606-20K,20/05/2025,294
3493,P250402388,SY5000-20-1,20/05/2025,54
3494,P250402391,XLA25-1B-S,20/05/2025,72
3495,P250402392,XLA40-1B-S,20/05/2025,200
3496,P250402419,MB-63-32-C6779-K,20/05/2025,48
3497,P250402424,MYB100-02-K2471-K,20/05/2025,16
3498,P250501351,C2J06LAAH080-30K,20/05/2025,456
3499,P250501543,C2Q012K04-56563,20/05/2025,5
3501,P250501545,C9663ABAC961-30K,20/05/2025,10
3502,P250501546,C9632ABAC958-30K,20/05/2025,24
3492,P250402372,P3802801B-M,20/05/2025,40
3487,P250402418,MB-50-32-C6778-K,16/05/2025,70
3486,P250402360,MGP25A-AC894-30K,16/05/2025,144
3489,P250402433,XLA63-1B,16/05/2025,9
3488,P250402420,MGP63A-AC898-20K,16/05/2025,40
3490,P250302270,MYB100-02-K2471-K,16/05/2025,8
3485,P250402432,XLA50-1B-S,15/05/2025,16
3484,P250402431,VP500-22,15/05/2025,84
3483,P250402425,MYM50-27-K0502-K,15/05/2025,20
3482,P250402416,C2Q80A-AD142-20K,15/05/2025,72
3481,P250402366,MK-20L-AF607-20K,15/05/2025,247
3480,P250402358,C2Q025K31-49999A,15/05/2025,176
3479,P250402354,C2Q80A-AD142-30K,15/05/2025,15
3476,P250402400,P6260301-D,14/05/2025,84
3478,P250402431,VP500-22,14/05/2025,42
3470,P250402361,S500A61T63X14X20,14/05/2025,70
3471,P250402362,C2Q63G-F2257-20K,14/05/2025,28
3472,P250402376,C9632ABAC958-30K,14/05/2025,88
3473,P250402377,C9650ABAC960-30K,14/05/2025,120
3474,P250402396,C2Q40-04-J0780-K,14/05/2025,40
3475,P250402399,P6260201-D,14/05/2025,112
3477,P250402407,C2Q32A-AD138A20K,14/05/2025,126
3464,P250402376,C9632ABAC958-30K,13/05/2025,88
3463,P250402364,MK-12L-AF605-20K,13/05/2025,425
3465,P250402385,CYR50E-AX667-30K,13/05/2025,180
3466,P250402386,CYR63E-AX668-30K,13/05/2025,180
3467,P250402387,DXT192-11-3,13/05/2025,378
3468,P250402396,C2Q40-04-J0780-K,13/05/2025,160
3469,P250402403,P3319401-M,13/05/2025,70
3462,P250402359,MGP20A-AC893-30K,13/05/2025,56
3378,P250302215,S370A63T47X40X30,05/05/2025,231
3379,P250302228,C2Q40A-AD139A30K,05/05/2025,108
3380,P250302229,C2Q50A-AD140A30K,05/05/2025,140
3381,P250302237,P3802501B-M,05/05/2025,270
3382,P250302240,P3800201B-M,05/05/2025,396
3383,P250302251,XLA40-1B-S,05/05/2025,200
3384,P250302257,CXS32A-BA025-20K,05/05/2025,40
3385,P250302275,MXH16-27-E7100-K,05/05/2025,220
3386,P250302584,APTE00-96000152-D,05/05/2025,176
3368,P250302239,P3802701B-M,25/04/2025,120
3367,P250302238,P3802601B-M,25/04/2025,168
3366,P250302231,MGP20A-AC903-30K,25/04/2025,168
3365,P250302227,C2M025K02-68715B,25/04/2025,510
3364,P250302226,S501A61T35X16X30,25/04/2025,270
3363,P250302224,C2M025K03-68715B,25/04/2025,170
3369,P250302246,C9650ABAC960-30K,25/04/2025,80
3370,P250302250,S369A63T55X50X30,25/04/2025,162
3371,P250302260,AXT835-30D-1,25/04/2025,100
3377,P250302251,XLA40-1B-S,25/04/2025,140
3376,P250302224,C2M025K03-68715B,25/04/2025,340
3375,P250302221,S369A63T55X50X30,25/04/2025,54
3374,P250302214,S370A63T38X32X30,25/04/2025,112
3373,P250400363,P3910014,25/04/2025,40
3372,P250302275,MXH16-27-E7100-K,25/04/2025,110
3353,P250302229,C2Q50A-AD140A30K,24/04/2025,35
3352,P250302228,C2Q40A-AD139A30K,24/04/2025,162
3351,P250302227,C2M025K02-68715B,24/04/2025,170
3350,P250302226,S501A61T35X16X30,24/04/2025,135
3349,P250302215,S370A63T47X40X30,24/04/2025,308
3348,P250302214,S370A63T38X32X30,24/04/2025,336
3347,P250302213,S370A63T31X25X30,24/04/2025,160
3354,P250302234,MGP25A-AC894-30K,24/04/2025,288
3355,P250302238,P3802601B-M,24/04/2025,252
3362,P250302584,APTE00-96000152-D,24/04/2025,176
3361,P250302261,MB-40-32-C6777-K,24/04/2025,240
3360,P250302255,CXS15A-BA022-20K,24/04/2025,104
3359,P250302250,S369A63T55X50X30,24/04/2025,162
3358,P250302246,C9650ABAC960-30K,24/04/2025,120
3357,P250302243,S502A61T63X13X20,24/04/2025,35
3356,P250302242,P3800601B-M,24/04/2025,160
3332,P250302246,C9650ABAC960-30K,22/04/2025,80
3331,P250302245,C9640ABAC959-30K,22/04/2025,70
3330,P250302242,P3800601B-M,22/04/2025,200
3329,P250302241,P3800301B-M,22/04/2025,117
3328,P250302235,MGP63A-AC898-20K,22/04/2025,80
3327,P250302234,MGP25A-AC894-30K,22/04/2025,36
3326,P250302233,MGP20A-AC893-30K,22/04/2025,56
3325,P250302224,C2M025K03-68715B,22/04/2025,170
3324,P250302220,S369A63T45X40X30,22/04/2025,104
3323,P250302215,S370A63T47X40X30,22/04/2025,154
3322,P250302214,S370A63T38X32X30,22/04/2025,448
3321,P250302212,S370A63T26X20X20,22/04/2025,528
3333,P250302249,S370A63T47X40X30,22/04/2025,88
3334,P250302254,CXS10A-R6001-20K,22/04/2025,160
3346,P250302210,C9632ABAC958-30K,22/04/2025,77
3345,P250400385,C2Q50-02-J0787-K,22/04/2025,60
3344,P250400384,C2Q63G-F2257-20K,22/04/2025,56
3343,P250302278,CUJ08A-P7102A20K,22/04/2025,361
3342,P250302277,CUJ06A-P7101A20K,22/04/2025,380
3341,P250302272,P3315661-M,22/04/2025,16
3340,P250302269,MYB80-02-K2470-K,22/04/2025,24
3339,P250302268,MGP80A-AC899-20K,22/04/2025,15
3338,P250302267,MGP63A-AC898-20K,22/04/2025,40
3337,P250302264,C2Q80-04-J0783-K,22/04/2025,60
3336,P250302258,C2Q40A-AD139A20K,22/04/2025,144
3335,P250302255,CXS15A-BA022-20K,22/04/2025,104
3319,P250401002,C3G50K02-AG005,21/04/2025,1
3318,P250401003,SY3000-20-1,21/04/2025,5
3317,P250401004,C9632ABAC958-30K,21/04/2025,64
3316,P250401005,C9663ABAC961-30K,21/04/2025,10
3311,P250400887,MK-40L-AF610-20K,17/04/2025,80
3312,P250400886,MK-32L-AF609-20K,17/04/2025,50
3313,P250400926,S370A63T110X100X30,17/04/2025,3
3314,P250400889,MK-63L-AF612-20K,17/04/2025,50
3315,P250400888,MK-50L-AF611-20K,17/04/2025,50
3299,P250302246,C9650ABAC960-30K,15/04/2025,40
3298,P250302245,C9640ABAC959-30K,15/04/2025,140
3297,P250302234,MGP25A-AC894-30K,15/04/2025,180
3296,P250302233,MGP20A-AC893-30K,15/04/2025,168
3295,P250302224,C2M025K03-68715B,15/04/2025,340
3294,P250302223,S500A61T63X14X20,15/04/2025,70
3293,P250302219,S369A63T36X32X30,15/04/2025,112
3292,P250302217,S370A63T72X63X30,15/04/2025,56
3291,P250302211,C9663ABAC961-30K,15/04/2025,28
3300,P250302247,C9663ABAC961-30K,15/04/2025,105
3301,P250302250,S369A63T55X50X30,15/04/2025,162
3310,P250400367,MK-25L-AF608-20K,15/04/2025,50
3309,P250400366,MK-20L-AF607-20K,15/04/2025,50
3308,P250400365,MK-16L-AF606-20K,15/04/2025,50
3307,P250400364,MK-12L-AF605-20K,15/04/2025,50
3306,P250400368,DXT192-11-44,15/04/2025,40
3305,P250302583,CYR40E-AX666-30K,15/04/2025,110
3304,P250302582,CYR32E-AX665-30K,15/04/2025,100
3303,P250302273,P3910017,15/04/2025,60
3302,P250302266,MGP50A-AC897-20K,15/04/2025,84
3280,P250400633,NCA400-02-AV290-20K,14/04/2025,10
3281,P250400632,NCA325-02-AV289-20K,14/04/2025,9
3282,P250400631,NCA250-02-AV288-20K,14/04/2025,8
3283,P250400630,NCA200-02-AV287-20K,14/04/2025,8
3284,P250400629,N2A150-02-AV286-20K,14/04/2025,8
3285,P250400638,NCA400-03-AV290-20K,14/04/2025,10
3286,P250400637,NCA325-03-AV289-20K,14/04/2025,4
3287,P250400636,NCA250-03-AV288-20K,14/04/2025,4
3288,P250400635,NCA200-03-AV287-20K,14/04/2025,4
3289,P250400634,NCA150-03-AV286-20K,14/04/2025,4
3290,P250300741,C2Q63A-AD141A30K,14/04/2025,72
3259,P250302245,C9640ABAC959-30K,11/04/2025,140
3258,P250302244,C9632ABAC958-30K,11/04/2025,176
3257,P250302234,MGP25A-AC894-30K,11/04/2025,36
3256,P250302233,MGP20A-AC893-30K,11/04/2025,168
3255,P250302217,S370A63T72X63X30,11/04/2025,140
3260,P250302246,C9650ABAC960-30K,11/04/2025,80
3261,P250302247,C9663ABAC961-30K,11/04/2025,70
3262,P250302248,S370A63T38X32X30,11/04/2025,126
3263,P250302252,C2Q32-04-J0779-K,11/04/2025,120
3264,P250302253,C2Q40-04-J0780-K,11/04/2025,40
3265,P250302265,C2QA0A-AD143-20K,11/04/2025,18
3266,P250302276,CUJ04A-P7100A20K,11/04/2025,552
3267,P250302279,CUJ10A-P7103A20K,11/04/2025,324
3250,P250302218,S370A63T89X80X30,09/04/2025,36
3251,P250302224,C2M025K03-68715B,09/04/2025,170
3252,P250302233,MGP20A-AC893-30K,09/04/2025,168
3253,P250302245,C9640ABAC959-30K,09/04/2025,140
3254,P250302247,C9663ABAC961-30K,09/04/2025,35
3235,P250302213,S370A63T31X25X30,08/04/2025,160
3236,P250302216,S370A63T58X50X30,08/04/2025,45
3237,P250302227,C2M025K02-68715B,08/04/2025,170
3238,P250302245,C9640ABAC959-30K,08/04/2025,210
3239,P250302246,C9650ABAC960-30K,08/04/2025,40
3240,P250302247,C9663ABAC961-30K,08/04/2025,70
3241,P250302578,CYR10E-AX661-30K,08/04/2025,40
3242,P250400010,CYR06K-AX660-20K,08/04/2025,20
3243,P250400011,CYR06L-AX660-20K,08/04/2025,15
3249,P250400017,CYR40L-AX666-20K,08/04/2025,15
3248,P250400016,CYR32L-AX665-20K,08/04/2025,45
3247,P250400015,CYR25L-AX664-20K,08/04/2025,55
3246,P250400014,CYR20L-AX663-20K,08/04/2025,30
3245,P250400013,CYR15L-AX662-20K,08/04/2025,40
3244,P250400012,CYR10L-AX661-20K,08/04/2025,30
3212,P250302236,P3802301B-M,04/04/2025,260
3213,P250302239,P3802701B-M,04/04/2025,120
3214,P250302243,S502A61T63X13X20,04/04/2025,35
3215,P250302244,C9632ABAC958-30K,04/04/2025,88
3216,P250302246,C9650ABAC960-30K,04/04/2025,40
3217,P250302247,C9663ABAC961-30K,04/04/2025,35
3211,P250302232,MGP40A-AC906-30K,04/04/2025,40
3210,P250302230,C2Q80A-AD142-30K,04/04/2025,30
3209,P250302229,C2Q50A-AD140A30K,04/04/2025,70
3208,P250302225,C2M032K02-68716B,04/04/2025,405
3207,P250302224,C2M025K03-68715B,04/04/2025,170
3206,P250302222,APTE00-98000565-D,04/04/2025,252
3205,P250302217,S370A63T72X63X30,04/04/2025,84
3204,P250302216,S370A63T58X50X30,04/04/2025,45
3218,P250302248,S370A63T38X32X30,04/04/2025,126
3219,P250302251,XLA40-1B-S,04/04/2025,20
3220,P250302253,C2Q40-04-J0780-K,04/04/2025,40
3234,P250302584,APTE00-96000152-D,04/04/2025,176
3233,P250302581,CYR25E-AX664-30K,04/04/2025,100
3232,P250302580,CYR20E-AX663-30K,04/04/2025,130
3231,P250302579,CYR15E-AX662-30K,04/04/2025,100
3230,P250302274,P4811421-M,04/04/2025,35
3229,P250302272,P3315661-M,04/04/2025,16
3228,P250302271,MYM50-27-K0502-K,04/04/2025,20
3227,P250302265,C2QA0A-AD143-20K,04/04/2025,24
3221,P250302256,CXS25A-BA024-20K,04/04/2025,54
3222,P250302258,C2Q40A-AD139A20K,04/04/2025,48
3223,P250302259,C2Q50A-AD140A20K,04/04/2025,60
3224,P250302262,C2Q50L-AD140-20K,04/04/2025,60
3225,P250302263,C2Q63L-AD141-20K,04/04/2025,40
3226,P250302264,C2Q80-04-J0783-K,04/04/2025,36
3179,P250300873,P4811251-MH1,26/03/2025,7
3165,P250202785,C9650ABAC960-30K,25/03/2025,320
3164,P250202780,C9632ABAC958-30K,25/03/2025,264
3163,P250202772,P3802801B-M,25/03/2025,200
3162,P250202768,C2Q50A-AD140A30K,25/03/2025,595
3161,P250202766,C2Q40A-AD139A30K,25/03/2025,648
3160,P250202757,MGP25A-AC894-30K,25/03/2025,108
3159,P250202755,MGP20A-AC893-30K,25/03/2025,336
3158,P250202741,S370A63T58X50X30,25/03/2025,270
3157,P250202733,C9650ABAC960-30K,25/03/2025,200
3156,P250202727,APTE00-98000565-D,25/03/2025,504
3155,P250202724,APTE00-96000150-D,25/03/2025,154
3166,P250202787,C9663ABAC961-30K,25/03/2025,175
3168,P250202819,P3319301-M,25/03/2025,198
3178,P250300004,P4811451-MH1,25/03/2025,1
3177,P250300744,CYR40J-AX666-20K,25/03/2025,15
3176,P250300995,S370A63T38X32X30,25/03/2025,2
3175,P250202862,CXS15J-28748-20K,25/03/2025,483
3174,P250202844,C2Q032K31-49701A,25/03/2025,234
3173,P250202842,P5053-1083,25/03/2025,96
3172,P250202840,P4811401-M-1,25/03/2025,320
3171,P250202838,MB-40-32-C6777-K,25/03/2025,192
3170,P250202836,C2Q020K04-51396,25/03/2025,96
3169,P250202830,CXS32A-BA025-20K,25/03/2025,40
3167,P250202811,C2Q32-04-J0779-K,25/03/2025,300
3151,P250202733,C9650ABAC960-30K,24/03/2025,40
3152,P250202776,P3800301B-M,24/03/2025,234
3153,P250202780,C9632ABAC958-30K,24/03/2025,176
3154,P250202828,CXS25A-BA024-20K,24/03/2025,54
3145,P250202733,C9650ABAC960-30K,21/03/2025,120
3146,P250202748,S501A61T23X10X30,21/03/2025,286
3147,P250202768,C2Q50A-AD140A30K,21/03/2025,175
3148,P250202780,C9632ABAC958-30K,21/03/2025,352
3149,P250202785,C9650ABAC960-30K,21/03/2025,40
3150,P250202787,C9663ABAC961-30K,21/03/2025,105
3133,P250202731,C9640ABAC959-30K,20/03/2025,180
3134,P250202737,S370A63T26X20X20,20/03/2025,176
3135,P250202741,S370A63T58X50X30,20/03/2025,90
3136,P250202750,S501A61T43X16X30,20/03/2025,168
3137,P250202766,C2Q40A-AD139A30K,20/03/2025,108
3138,P250202768,C2Q50A-AD140A30K,20/03/2025,35
3139,P250202780,C9632ABAC958-30K,20/03/2025,176
3140,P250202785,C9650ABAC960-30K,20/03/2025,80
3141,P250202787,C9663ABAC961-30K,20/03/2025,105
3142,P250202821,CXS06A-R6000-20K,20/03/2025,234
3143,P250202834,CQS25-04-F6467-K,20/03/2025,77
3144,P250202836,C2Q020K04-51396,20/03/2025,192
3126,P250202755,MGP20A-AC893-30K,18/03/2025,168
3127,P250202768,C2Q50A-AD140A30K,18/03/2025,105
3128,P250202787,C9663ABAC961-30K,18/03/2025,105
3129,P250202798,CYR25E-AX664-30K,18/03/2025,400
3130,P250300740,MGP40A-AC906-30K,18/03/2025,160
3131,P250300742,CYR25J-AX664-20K,18/03/2025,31
3132,P250300743,CYR32J-AX665-20K,18/03/2025,38
3113,P250202832,C2Q50A-AD140A20K,17/03/2025,60
3112,P250202806,CYR63E-AX668-30K,17/03/2025,20
3111,P250202804,CYR50E-AX667-30K,17/03/2025,40
3110,P250202789,CYR06E-AX660-30K,17/03/2025,40
3109,P250202796,CYR20E-AX663-30K,17/03/2025,450
3108,P250202791,CYR10E-AX661-30K,17/03/2025,200
3107,P250202783,C9640ABAC959-30K,17/03/2025,70
3106,P250202731,C9640ABAC959-30K,17/03/2025,120
3114,P250202860,CXS10J-28747-20K,17/03/2025,624
3115,P250300731,P4811151-MH1,17/03/2025,17
3116,P250300732,P4811451-MH1,17/03/2025,13
3125,P250103305,XLA25-1B-S,17/03/2025,360
3124,P250103292,C2Q32A-AD138A30K,17/03/2025,420
3123,P250300740,MGP40A-AC906-30K,17/03/2025,120
3122,P250300739,MGP40A-AC896-30K,17/03/2025,40
3121,P250300738,MGP32A-AC905-30K,17/03/2025,83
3120,P250300737,MGP32A-AC895-30K,17/03/2025,33
3118,P250300735,C2M025K02-68715B,17/03/2025,52
3117,P250300733,C2M020K02-68714B,17/03/2025,53
3097,P250202729,C9632ABAC958-30K,14/03/2025,308
3098,P250202743,S370A63T72X63X30,14/03/2025,84
3099,P250202824,CXS10A-R6001-20K,14/03/2025,320
3100,P250202826,CXS15A-BA022-20K,14/03/2025,208
3101,P250202830,CXS32A-BA025-20K,14/03/2025,40
3102,P250300734,C2M020K03-68714B,14/03/2025,26
3103,P250300738,MGP32A-AC905-30K,14/03/2025,132
3104,P250300741,C2Q63A-AD141A30K,14/03/2025,720
3105,P250300745,CYR63J-AX668-20K,14/03/2025,15
3088,P250202741,S370A63T58X50X30,13/03/2025,90
3089,P250202743,S370A63T72X63X30,13/03/2025,28
3090,P250202757,MGP25A-AC894-30K,13/03/2025,180
3091,P250202766,C2Q40A-AD139A30K,13/03/2025,162
3092,P250202794,CYR15E-AX662-30K,13/03/2025,400
3093,P250202800,CYR32E-AX665-30K,13/03/2025,200
3094,P250202802,CYR40E-AX666-30K,13/03/2025,250
3095,P250202848,XLA50-1B-S,13/03/2025,16
3096,P250202864,CXS20J-28749-20K,13/03/2025,340
3086,P250202774,P3800101B-M,10/03/2025,260
3087,P250202852,MXH16-27-E7100-K,10/03/2025,220
3076,P250202739,S370A63T31X25X30,07/03/2025,160
3077,P250202809,DXT199-20-23,07/03/2025,77
3078,P250202852,MXH16-27-E7100-K,07/03/2025,110
3079,P250202858,CXS06J-A5157-20K,07/03/2025,800
3080,P250202866,CXS25J-28750-20K,07/03/2025,280
3081,P250202867,CXS32J-28751-20K,07/03/2025,192
3082,P241002137,P3800401B-M,07/03/2025,154
3084,P250300554,S370A63T110X100X30,07/03/2025,3
3085,P240901931,P3802601B-M,07/03/2025,168
3069,P250202731,C9640ABAC959-30K,05/03/2025,120
3070,P250202737,S370A63T26X20X20,05/03/2025,176
3071,P250202743,S370A63T72X63X30,05/03/2025,112
3072,P250202752,MGP40A-AC906-30K,05/03/2025,40
3073,P250202759,MGP32A-AC895-30K,05/03/2025,198
3074,P250202764,S500A61T63X14X20,05/03/2025,105
3075,P250202846,MGZ80LBY0501-20K,05/03/2025,12
3061,P250202735,C9663ABAC961-30K,04/03/2025,28
3062,P250202746,S370A63T89X80X30,04/03/2025,36
3063,P250202772,P3802801B-M,04/03/2025,40
3064,P250202778,P3800401B-M,04/03/2025,77
3065,P250202809,DXT199-20-23,04/03/2025,77
3066,P250202813,P6260201-D,04/03/2025,56
3067,P250202815,P6260301-D,04/03/2025,42
3068,P250202856,P3800603-MH1,04/03/2025,50
3048,P250202762,MGP40A-AC896-30K,03/03/2025,300
3047,P250202759,MGP32A-AC895-30K,03/03/2025,297
3046,P250202757,MGP25A-AC894-30K,03/03/2025,72
3045,P250202755,MGP20A-AC893-30K,03/03/2025,56
3044,P250202752,MGP40A-AC906-30K,03/03/2025,60
3043,P250202743,S370A63T72X63X30,03/03/2025,56
3042,P250202731,C9640ABAC959-30K,03/03/2025,120
3041,P250202729,C9632ABAC958-30K,03/03/2025,77
3050,P250202783,C9640ABAC959-30K,03/03/2025,70
3049,P250202770,C2Q63A-AD141A30K,03/03/2025,600
3057,P250300004,P4811451-MH1,03/03/2025,5
3060,P250300009,CUJ08A-P7102A20K,03/03/2025,30
3059,P250300008,CUJ06A-P7101A20K,03/03/2025,30
3058,P250300007,CUJ04A-P7100A20K,03/03/2025,16
3056,P250300003,P4811351-MH1,03/03/2025,5
3055,P250300002,P4811251-MH1,03/03/2025,5
3054,P250300001,P4811151-MH1,03/03/2025,83
3053,P250202854,P3800503-MH1,03/03/2025,36
3052,P250202850,XLA63-1B,03/03/2025,27
3051,P250202817,P6260401-D,03/03/2025,30
3031,P250103294,C2Q50A-AD140A30K,26/02/2025,420
3030,P250103293,C2Q40A-AD139A30K,26/02/2025,594
3029,P250103292,C2Q32A-AD138A30K,26/02/2025,350
3028,P250103287,C2Q012K04-56563,26/02/2025,528
3027,P250103284,APTE00-98000565-D,26/02/2025,756
3026,P250103283,APTE00-96000150-D,26/02/2025,462
3032,P250103297,P3802301B-M,26/02/2025,260
3033,P250103301,P3800601B-M,26/02/2025,280
3034,P250103305,XLA25-1B-S,26/02/2025,144
3036,P250103319,XT331-7433-25-1-M,26/02/2025,264
3040,P241202462,C2Q32A-AD138A30K,26/02/2025,140
3039,P250200043,C2Q63A-AD141A30K,26/02/2025,96
3038,P250200041,C2M025K02-68715B,26/02/2025,510
3037,P250200039,C2M020K02-68714B,26/02/2025,273
3035,P250103310,P5053-1082,26/02/2025,140
3019,P250103280,S370A63T58X50X30,25/02/2025,180
3020,P250103293,C2Q40A-AD139A30K,25/02/2025,108
3021,P250103294,C2Q50A-AD140A30K,25/02/2025,70
3018,P250103279,S370A63T31X25X30,25/02/2025,160
3023,P250200039,C2M020K02-68714B,25/02/2025,273
3024,P250200042,C2M025K03-68715B,25/02/2025,340
3025,P241202462,C2Q32A-AD138A30K,25/02/2025,280
3022,P250103304,DXT156-10-11,25/02/2025,200
3005,P241202472,C2Q16A-AD368-30K,24/02/2025,170
3004,P241202471,C2Q12A-AD367-30K,24/02/2025,240
3003,P250200043,C2Q63A-AD141A30K,24/02/2025,216
3002,P250200040,C2M020K03-68714B,24/02/2025,546
3001,P250103318,CYR32-32-786GL,24/02/2025,36
3000,P250103302,CYB15K-AS377-20K,24/02/2025,96
2999,P250103291,MYB40-55-AS552-20-K,24/02/2025,28
2998,P250103290,MYB32-55-AS551-20-K,24/02/2025,160
2997,P250103287,C2Q012K04-56563,24/02/2025,352
3006,P250200315,MYB100-02-K2471-K,24/02/2025,24
3007,P250200813,P3800102-M-1,24/02/2025,1
3017,P250200823,P3800603-MH1,24/02/2025,1
3016,P250200822,P3800503-MH1,24/02/2025,1
3015,P250200821,P3800403-MH2,24/02/2025,1
3014,P250200820,P3800303-MH1,24/02/2025,1
3013,P250200819,P3800203-MH1,24/02/2025,1
3012,P250200818,P3800602-M-2,24/02/2025,1
3011,P250200817,P3800502-M-2,24/02/2025,1
3010,P250200816,P3800402-M-2,24/02/2025,1
3008,P250200814,P3800202-M-1,24/02/2025,1
2986,P250200040,C2M020K03-68714B,21/02/2025,273
2985,P250103314,P4811321-M,21/02/2025,192
2984,P250103306,P3319301-M,21/02/2025,99
2983,P250103305,XLA25-1B-S,21/02/2025,108
2982,P250103298,P3802401B-M,21/02/2025,216
2981,P250103289,MYB25-55-AS550-20-K,21/02/2025,280
2980,P250103287,C2Q012K04-56563,21/02/2025,176
2987,P250200042,C2M025K03-68715B,21/02/2025,170
2988,P250200791,C2M032K02-68716B,21/02/2025,62
2989,P250200792,C2M032K03-68716B,21/02/2025,11
2993,P250200803,SY3000-20-1,21/02/2025,5
2996,P250200806,S369A63T36X32X30,21/02/2025,50
2995,P250200805,C9663ABAC961-30K,21/02/2025,10
2994,P250200804,C9632ABAC958-30K,21/02/2025,64
2979,P250103280,S370A63T58X50X30,21/02/2025,135
2992,P241202468,P3802601B-M,21/02/2025,168
2991,P250200794,C2M040K03-68717B,21/02/2025,34
2990,P250200793,C2M040K02-68717B,21/02/2025,21
2973,P250103277,C9663ABAC961-30K,20/02/2025,84
2974,P250103293,C2Q40A-AD139A30K,20/02/2025,162
2975,P250103311,VP300-22,20/02/2025,72
2976,P250103318,CYR32-32-786GL,20/02/2025,288
2977,P250200039,C2M020K02-68714B,20/02/2025,273
2978,P250200041,C2M025K02-68715B,20/02/2025,170
2963,P250200042,C2M025K03-68715B,19/02/2025,170
2962,P250103295,C2Q80A-AD142-30K,19/02/2025,90
2961,P250103293,C2Q40A-AD139A30K,19/02/2025,54
2960,P250103277,C9663ABAC961-30K,19/02/2025,84
2959,P250103276,C9650ABAC960-30K,19/02/2025,120
2958,P250103274,C9632ABAC958-30K,19/02/2025,231
2964,P250200619,CYR06E-AX660-30K,19/02/2025,5
2965,P250200620,CYR10E-AX661-30K,19/02/2025,5
2966,P250200621,CYR15E-AX662-30K,19/02/2025,5
2972,P250200627,CYR63E-AX668-30K,19/02/2025,5
2971,P250200626,CYR50E-AX667-30K,19/02/2025,5
2970,P250200625,CYR40E-AX666-30K,19/02/2025,5
2969,P250200624,CYR32E-AX665-30K,19/02/2025,5
2968,P250200623,CYR25E-AX664-30K,19/02/2025,5
2967,P250200622,CYR20E-AX663-30K,19/02/2025,5
2950,P250103276,C9650ABAC960-30K,18/02/2025,160
2951,P250103278,S370A63T26X20X20,18/02/2025,176
2952,P250103290,MYB32-55-AS551-20-K,18/02/2025,40
2953,P250103294,C2Q50A-AD140A30K,18/02/2025,105
2954,P250103312,P3910016,18/02/2025,30
2955,P250103315,P7471701-M,18/02/2025,48
2956,P250103318,CYR32-32-786GL,18/02/2025,36
2957,P250200041,C2M025K02-68715B,18/02/2025,170
2941,P250103274,C9632ABAC958-30K,17/02/2025,77
2942,P250103276,C9650ABAC960-30K,17/02/2025,120
2943,P250103277,C9663ABAC961-30K,17/02/2025,84
2944,P250103294,C2Q50A-AD140A30K,17/02/2025,70
2945,P250103300,P3800401B-M,17/02/2025,385
2946,P250103307,C2Q12A-AD367-20K,17/02/2025,176
2947,P250103313,P40606002-D,17/02/2025,162
2948,P250200039,C2M020K02-68714B,17/02/2025,273
2949,P250200040,C2M020K03-68714B,17/02/2025,273
2935,P250103276,C9650ABAC960-30K,14/02/2025,80
2936,P250103281,S370A63T72X63X30,14/02/2025,56
2937,P250103316,XLA50-1B-S,14/02/2025,16
2938,P250103317,XLA63-1B,14/02/2025,9
2939,P250200040,C2M020K03-68714B,14/02/2025,273
2940,P250200041,C2M025K02-68715B,14/02/2025,170
2926,P250103274,C9632ABAC958-30K,13/02/2025,77
2927,P250103278,S370A63T26X20X20,13/02/2025,176
2928,P250103281,S370A63T72X63X30,13/02/2025,84
2929,P250103294,C2Q50A-AD140A30K,13/02/2025,35
2930,P250103295,C2Q80A-AD142-30K,13/02/2025,120
2931,P250103313,P40606002-D,13/02/2025,162
2932,P250103316,XLA50-1B-S,13/02/2025,48
2933,P250200042,C2M025K03-68715B,13/02/2025,170
2934,P250103282,S370A63T89X80X30,13/02/2025,54
2915,P250103277,C9663ABAC961-30K,12/02/2025,56
2916,P250103281,S370A63T72X63X30,12/02/2025,56
2918,P250103286,S502A61T50X13X27,12/02/2025,180
2919,P250103295,C2Q80A-AD142-30K,12/02/2025,15
2920,P250103296,C2QA0A-AD143-30K,12/02/2025,16
2921,P250103303,CYB32K-AS380-20K,12/02/2025,35
2922,P250103305,XLA25-1B-S,12/02/2025,36
2923,P250103316,XLA50-1B-S,12/02/2025,80
2924,P250103317,XLA63-1B,12/02/2025,36
2925,P250200042,C2M025K03-68715B,12/02/2025,170
2906,P250103296,C2QA0A-AD143-30K,11/02/2025,16
2905,P250103281,S370A63T72X63X30,11/02/2025,84
2904,P250103280,S370A63T58X50X30,11/02/2025,135
2903,P250103277,C9663ABAC961-30K,11/02/2025,168
2902,P250103276,C9650ABAC960-30K,11/02/2025,40
2907,P250103299,P3802501B-M,11/02/2025,135
2908,P250103308,AXT835-30D-1,11/02/2025,100
2909,P250103312,P3910016,11/02/2025,60
2910,P250103316,XLA50-1B-S,11/02/2025,16
2911,P250200039,C2M020K02-68714B,11/02/2025,273
2912,P250200043,C2Q63A-AD141A30K,11/02/2025,96
2913,P250200084,P3552332-0101M,11/02/2025,60
2914,P250200085,CXS15A-BA022-20K,11/02/2025,30
2895,P250103274,C9632ABAC958-30K,10/02/2025,154
2896,P250103275,C9640ABAC959-30K,10/02/2025,60
2897,P250103285,C2J06LAAH080-30K,10/02/2025,456
2898,P250103288,C2J16L-AH081-30K,10/02/2025,208
2899,P250103301,P3800601B-M,10/02/2025,120
2900,P250103305,XLA25-1B-S,10/02/2025,72
2901,P250103309,MB-40-32-C6777-K,10/02/2025,48
2889,P250103274,C9632ABAC958-30K,07/02/2025,231
2890,P250103275,C9640ABAC959-30K,07/02/2025,120
2891,P250103276,C9650ABAC960-30K,07/02/2025,200
2892,P250103277,C9663ABAC961-30K,07/02/2025,28
2893,P250103291,MYB40-55-AS552-20-K,07/02/2025,140
2894,P250103306,P3319301-M,07/02/2025,495
2888,P250103309,MB-40-32-C6777-K,06/02/2025,240
2887,P250103277,C9663ABAC961-30K,06/02/2025,112
2886,P250103275,C9640ABAC959-30K,06/02/2025,180
2883,P250100728,P3800601B-M,04/02/2025,80
2884,P250100062,APTE00-98000565-D,04/02/2025,252
2885,P250100729,CYR32-32-786GL,04/02/2025,144
2868,P241202470,C2Q25A-AD137A30K,21/01/2025,208
2867,P241202469,C2Q20A-AD136A30K,21/01/2025,112
2866,P241202467,C2QA0A-AD143-30K,21/01/2025,24
2865,P241202466,C2Q80A-AD142-30K,21/01/2025,45
2864,P241202464,C2Q50A-AD140A30K,21/01/2025,525
2863,P241202461,S502A61TA0X20X20,21/01/2025,12
2862,P241202460,C2J16L-AH081-30K,21/01/2025,208
2861,P241202456,C2M040K02-68717B,21/01/2025,84
2860,P241202446,S370A63T31X25X30,21/01/2025,160
2859,P241202443,C9650ABAC960-30K,21/01/2025,320
2878,P241102075,C2Q32A-AD138A30K,21/01/2025,630
2869,P241202473,S370A63T58X50X30,21/01/2025,162
2870,P241202475,XLA25-1B-S,21/01/2025,360
2871,P241202478,C2Q32A-AD138A20K,21/01/2025,126
2881,P241202454,C2M025K03-68715B,21/01/2025,12
2880,P241102108,C2Q50A-AD140A20K,21/01/2025,30
2879,P241102096,XLA25-1B-S,21/01/2025,396
2882,P241102112,CQS20-04-F6466-K,21/01/2025,96
2877,P241202490,VP500-22,21/01/2025,42
2876,P241202488,P40108002-D,21/01/2025,40
2875,P241202487,P3910017,21/01/2025,40
2874,P241202486,P3315661-M,21/01/2025,64
2873,P241202485,MYH40J-R6302-30K,21/01/2025,32
2872,P241202482,MYB25-55-AS550-20-K,21/01/2025,140
2851,P241202448,S370A63T72X63X30,17/01/2025,140
2852,P241202449,S370A63T89X80X30,17/01/2025,36
2853,P241202450,S501A61T43X16X30,17/01/2025,168
2854,P241202452,C2M020K03-68714B,17/01/2025,546
2855,P241202463,C2Q40A-AD139A30K,17/01/2025,432
2856,P241202473,S370A63T58X50X30,17/01/2025,270
2857,P241202481,MB-40-32-C6777-K,17/01/2025,96
2858,P241102078,C2Q63A-AD141A30K,17/01/2025,240
2850,P241202476,P6260101-D,16/01/2025,144
2845,P241202444,C9663ABAC961-30K,16/01/2025,28
2846,P241202451,C2M020K02-68714B,16/01/2025,546
2847,P241202453,C2M025K02-68715B,16/01/2025,170
2848,P241202463,C2Q40A-AD139A30K,16/01/2025,162
2849,P241202474,DXT155-38-1,16/01/2025,210
2837,P241202440,APTE00-96000150-D,15/01/2025,154
2838,P241202444,C9663ABAC961-30K,15/01/2025,56
2839,P241202451,C2M020K02-68714B,15/01/2025,273
2840,P241202452,C2M020K03-68714B,15/01/2025,273
2841,P241202454,C2M025K03-68715B,15/01/2025,170
2842,P241202473,S370A63T58X50X30,15/01/2025,108
2843,P241102075,C2Q32A-AD138A30K,15/01/2025,140
2844,P241102114,C2Q020K04-51396,15/01/2025,192
2828,P241202443,C9650ABAC960-30K,14/01/2025,40
2829,P241202444,C9663ABAC961-30K,14/01/2025,112
2830,P241202447,S370A63T58X50X30,14/01/2025,180
2831,P241202464,C2Q50A-AD140A30K,14/01/2025,70
2832,P241202477,P6260301-D,14/01/2025,126
2833,P241202480,C2Q50A-AD140A20K,14/01/2025,180
2836,P241102099,C2Q63-04-J0782AK,14/01/2025,36
2835,P241102081,P3800401B-M,14/01/2025,154
2834,P241202489,P40606002-D,14/01/2025,54
2822,P250100944,MGP80A-AC899-20K,13/01/2025,15
2827,P241102076,C2Q40A-AD139A30K,13/01/2025,108
2825,P241102057,C9650ABAC960-30K,13/01/2025,80
2824,P250100943,MGP63A-AC908-20K,13/01/2025,20
2823,P250100941,MGP63A-AC898-20K,13/01/2025,20
2826,P241102075,C2Q32A-AD138A30K,13/01/2025,490
2814,P241202456,C2M040K02-68717B,13/01/2025,84
2813,P241202453,C2M025K02-68715B,13/01/2025,170
2821,P250100939,MGP50A-AC907-20K,13/01/2025,56
2815,P241202458,MGP32A-AC895-30K,13/01/2025,66
2816,P241202463,C2Q40A-AD139A30K,13/01/2025,324
2817,P241202479,C2Q40A-AD139A20K,13/01/2025,144
2818,P250100932,MGP12A-AC901-30K,13/01/2025,114
2819,P250100934,MGP16A-AC902-30K,13/01/2025,85
2820,P250100937,MGP50A-AC897-20K,13/01/2025,28
2806,P241202458,MGP32A-AC895-30K,10/01/2025,165
2805,P241202447,S370A63T58X50X30,10/01/2025,45
2804,P241202445,S370A63T26X20X20,10/01/2025,176
2803,P241202444,C9663ABAC961-30K,10/01/2025,140
2802,P241202442,C9640ABAC959-30K,10/01/2025,180
2801,P241202441,C9632ABAC958-30K,10/01/2025,308
2808,P241202464,C2Q50A-AD140A30K,10/01/2025,35
2809,P241102057,C9650ABAC960-30K,10/01/2025,80
2810,P241102070,MGP32A-AC895-30K,10/01/2025,66
2811,P241102090,S370A63T58X50X30,10/01/2025,54
2812,P241102092,S370A63T89X80X30,10/01/2025,48
2807,P241202462,C2Q32A-AD138A30K,10/01/2025,280
2797,P241202455,C2M032K02-68716B,09/01/2025,135
2798,P241202459,C2Q012K04-56563,09/01/2025,352
2799,P241102058,C9663ABAC961-30K,09/01/2025,56
2800,P241102077,C2Q50A-AD140A30K,09/01/2025,280
2786,P250100063,S502A61T50X13X27,08/01/2025,10
2785,P241202495,CXS32A-BA025-20K,08/01/2025,40
2784,P241202494,CXS10A-R6001-20K,08/01/2025,69
2783,P241202459,C2Q012K04-56563,08/01/2025,176
2782,P241102114,C2Q020K04-51396,08/01/2025,96
2781,P241102105,C2Q25A-AD137A20K,08/01/2025,77
2780,P241102096,XLA25-1B-S,08/01/2025,36
2779,P241102070,MGP32A-AC895-30K,08/01/2025,66
2787,P250100064,S500A61T63X14X20,08/01/2025,15
2788,P250100698,CYR15L-AX662-20K,08/01/2025,5
2796,P250100706,CYR50L-AX667-20K,08/01/2025,5
2795,P250100705,CYR63L-AX668-20K,08/01/2025,5
2794,P250100704,CYR06L-AX660-20K,08/01/2025,5
2793,P250100703,CYR10L-AX661-20K,08/01/2025,5
2792,P250100702,CYR20L-AX663-20K,08/01/2025,5
2791,P250100701,CYR25L-AX664-20K,08/01/2025,5
2790,P250100700,CYR32L-AX665-20K,08/01/2025,5
2789,P250100699,CYR40L-AX666-20K,08/01/2025,5
2769,P241102070,MGP32A-AC895-30K,07/01/2025,66
2770,P241102075,C2Q32A-AD138A30K,07/01/2025,70
2771,P241102076,C2Q40A-AD139A30K,07/01/2025,270
2772,P241102096,XLA25-1B-S,07/01/2025,108
2773,P241102105,C2Q25A-AD137A20K,07/01/2025,77
2774,P241102117,P5053-1083,07/01/2025,120
2775,P241202441,C9632ABAC958-30K,07/01/2025,77
2776,P241202482,MYB25-55-AS550-20-K,07/01/2025,140
2777,P241202483,MYB32-55-AS551-20-K,07/01/2025,240
2778,P241202484,MYB40-55-AS552-20-K,07/01/2025,280
2760,P241102090,S370A63T58X50X30,06/01/2025,216
2759,P241102077,C2Q50A-AD140A30K,06/01/2025,560
2755,P241102057,C9650ABAC960-30K,06/01/2025,200
2758,P241102076,C2Q40A-AD139A30K,06/01/2025,324
2757,P241102075,C2Q32A-AD138A30K,06/01/2025,210
2756,P241102058,C9663ABAC961-30K,06/01/2025,140
2761,P241102091,S370A63T72X63X30,06/01/2025,175
2762,P241102092,S370A63T89X80X30,06/01/2025,120
2765,P241102108,C2Q50A-AD140A20K,06/01/2025,30
2768,P241002137,P3800401B-M,06/01/2025,77
2767,P241102114,C2Q020K04-51396,06/01/2025,288
2766,P241102112,CQS20-04-F6466-K,06/01/2025,96
2764,P241102106,C2Q32A-AD138A20K,06/01/2025,252
2763,P241102099,C2Q63-04-J0782AK,06/01/2025,72
2740,P241102073,S500A61T63X14X20,26/12/2024,140
2739,P241102069,MGP25A-AC894-30K,26/12/2024,108
2738,P241102066,C2M025K02-68715B,26/12/2024,170
2737,P241102065,S501A61T43X16X30,26/12/2024,252
2736,P241102064,S501A61T35X16X30,26/12/2024,405
2735,P241102062,C2J16M-AF113-25K,26/12/2024,1044
2734,P241102061,S370A63T72X63X30,26/12/2024,28
2733,P241102060,S370A63T58X50X30,26/12/2024,45
2732,P241102058,C9663ABAC961-30K,26/12/2024,112
2731,P241102057,C9650ABAC960-30K,26/12/2024,80
2730,P241102056,C9640ABAC959-30K,26/12/2024,180
2741,P241102076,C2Q40A-AD139A30K,26/12/2024,432
2742,P241102077,C2Q50A-AD140A30K,26/12/2024,70
2743,P241102093,SY5000-20-1,26/12/2024,108
2754,P240701207,S370A63T58X50X30,26/12/2024,162
2753,P241002117,MGP40A-AC896-30K,26/12/2024,80
2752,P240701705,S370A63T89X80X30,26/12/2024,48
2751,P241002125,C2Q50A-AD140A30K,26/12/2024,140
2750,P241002123,C2Q32A-AD138A30K,26/12/2024,280
2749,P241002117,MGP40A-AC896-30K,26/12/2024,180
2748,P241102123,P3800203-MH1,26/12/2024,132
2747,P241102109,C2Q63A-AD141A20K,26/12/2024,60
2746,P241102103,P3319401-M,26/12/2024,210
2745,P241102100,P6260301-D,26/12/2024,84
2744,P241102096,XLA25-1B-S,26/12/2024,540
2723,P241102055,C9632ABAC958-30K,25/12/2024,77
2724,P241102056,C9640ABAC959-30K,25/12/2024,60
2725,P241102057,C9650ABAC960-30K,25/12/2024,120
2726,P241102058,C9663ABAC961-30K,25/12/2024,56
2727,P241102069,MGP25A-AC894-30K,25/12/2024,108
2728,P241102092,S370A63T89X80X30,25/12/2024,72
2729,P241102115,MGJ06K-BA394-20K,25/12/2024,714
2712,P241102056,C9640ABAC959-30K,24/12/2024,60
2713,P241102057,C9650ABAC960-30K,24/12/2024,40
2714,P241102062,C2J16M-AF113-25K,24/12/2024,522
2715,P241102065,S501A61T43X16X30,24/12/2024,168
2716,P241102067,MGP32A-AC905-30K,24/12/2024,66
2717,P241102068,MGP20A-AC893-30K,24/12/2024,224
2718,P241102076,C2Q40A-AD139A30K,24/12/2024,270
2719,P241102090,S370A63T58X50X30,24/12/2024,54
2720,P241102092,S370A63T89X80X30,24/12/2024,96
2721,P241102103,P3319401-M,24/12/2024,210
2722,P241102123,P3800203-MH1,24/12/2024,264
2703,P241102055,C9632ABAC958-30K,23/12/2024,77
2704,P241102058,C9663ABAC961-30K,23/12/2024,168
2705,P241102084,CYB10L-AS376-30K,23/12/2024,660
2706,P241102098,C2Q40-04-J0780-K,23/12/2024,40
2707,P241102107,C2Q40A-AD139A20K,23/12/2024,144
2708,P241102110,CQS12-04-F6464-K,23/12/2024,176
2709,P241102113,CQS25-04-F6467-K,23/12/2024,154
2710,P241002123,C2Q32A-AD138A30K,23/12/2024,70
2711,P241002137,P3800401B-M,23/12/2024,77
2693,P241102091,S370A63T72X63X30,20/12/2024,35
2692,P241102074,S502A61T50X13X27,20/12/2024,60
2691,P241102069,MGP25A-AC894-30K,20/12/2024,72
2690,P241102058,C9663ABAC961-30K,20/12/2024,84
2689,P241102057,C9650ABAC960-30K,20/12/2024,40
2688,P241102055,C9632ABAC958-30K,20/12/2024,154
2694,P241102092,S370A63T89X80X30,20/12/2024,24
2695,P241102097,XLA40-1B-S,20/12/2024,100
2696,P241102101,P3319201-M,20/12/2024,308
2702,P241102120,MGZ80LBY0501-20K,20/12/2024,12
2701,P241102119,MGP63A-AC898-20K,20/12/2024,60
2700,P241102118,VP300-22,20/12/2024,144
2699,P241102111,CQS16-04-F6465-K,20/12/2024,84
2698,P241102109,C2Q63A-AD141A20K,20/12/2024,40
2697,P241102106,C2Q32A-AD138A20K,20/12/2024,63
2681,P241002125,C2Q50A-AD140A30K,19/12/2024,175
2682,P241002137,P3800401B-M,19/12/2024,96
2683,P241102058,C9663ABAC961-30K,19/12/2024,28
2684,P241102078,C2Q63A-AD141A30K,19/12/2024,168
2685,P241102080,C2QA0A-AD143-30K,19/12/2024,8
2686,P241102092,S370A63T89X80X30,19/12/2024,72
2687,P241102098,C2Q40-04-J0780-K,19/12/2024,280
2671,P241102055,C9632ABAC958-30K,18/12/2024,154
2672,P241102056,C9640ABAC959-30K,18/12/2024,120
2673,P241102057,C9650ABAC960-30K,18/12/2024,80
2674,P241102058,C9663ABAC961-30K,18/12/2024,140
2675,P241102091,S370A63T72X63X30,18/12/2024,70
2676,P241102097,XLA40-1B-S,18/12/2024,60
2677,P241102106,C2Q32A-AD138A20K,18/12/2024,126
2678,P241002114,MGP20A-AC893-30K,18/12/2024,168
2679,P241002115,MGP25A-AC894-30K,18/12/2024,72
2680,P241002123,C2Q32A-AD138A30K,18/12/2024,210
2662,P241102124,P3800603-MH1,17/12/2024,125
2661,P241102115,MGJ06K-BA394-20K,17/12/2024,238
2660,P241102095,XLA16-1B-S,17/12/2024,275
2659,P241102092,S370A63T89X80X30,17/12/2024,48
2658,P241102055,C9632ABAC958-30K,17/12/2024,154
2663,P241200925,CYR40K-AX666-20K,17/12/2024,1
2664,P241200926,CYR50K-AX667-20K,17/12/2024,1
2665,P241200921,CYR10K-AX661-20K,17/12/2024,1
2670,P241002124,C2Q40A-AD139A30K,17/12/2024,378
2669,P241002114,MGP20A-AC893-30K,17/12/2024,112
2668,P241200924,CYR32K-AX665-20K,17/12/2024,1
2667,P241200923,CYR25K-AX664-20K,17/12/2024,1
2666,P241200922,CYR20K-AX663-20K,17/12/2024,1
2647,P241002114,MGP20A-AC893-30K,16/12/2024,112
2648,P241002115,MGP25A-AC894-30K,16/12/2024,36
2649,P241002117,MGP40A-AC896-30K,16/12/2024,100
2650,P241002123,C2Q32A-AD138A30K,16/12/2024,70
2651,P241002137,P3800401B-M,16/12/2024,58
2652,P241102056,C9640ABAC959-30K,16/12/2024,180
2653,P241102057,C9650ABAC960-30K,16/12/2024,80
2654,P241102058,C9663ABAC961-30K,16/12/2024,56
2655,P241102073,S500A61T63X14X20,16/12/2024,175
2656,P241102090,S370A63T58X50X30,16/12/2024,108
2657,P241200738,CYR06K-AX660-20K,16/12/2024,6
2639,P241102092,S370A63T89X80X30,13/12/2024,240
2638,P241102088,S370A63T26X20X20,13/12/2024,176
2637,P241102061,S370A63T72X63X30,13/12/2024,28
2636,P241102058,C9663ABAC961-30K,13/12/2024,224
2640,P241102104,C2Q016K04-56564,13/12/2024,140
2641,P241102106,C2Q32A-AD138A20K,13/12/2024,63
2642,P241102107,C2Q40A-AD139A20K,13/12/2024,192
2643,P241002115,MGP25A-AC894-30K,13/12/2024,180
2644,P241002117,MGP40A-AC896-30K,13/12/2024,60
2645,P241002124,C2Q40A-AD139A30K,13/12/2024,108
2646,P241002125,C2Q50A-AD140A30K,13/12/2024,70
2629,P241102061,S370A63T72X63X30,12/12/2024,28
2628,P241102057,C9650ABAC960-30K,12/12/2024,80
2627,P241102056,C9640ABAC959-30K,12/12/2024,60
2626,P241102055,C9632ABAC958-30K,12/12/2024,154
2630,P241102066,C2M025K02-68715B,12/12/2024,340
2631,P241102091,S370A63T72X63X30,12/12/2024,35
2632,P241102094,VJ100-16-7,12/12/2024,304
2633,P241102103,P3319401-M,12/12/2024,210
2634,P241002115,MGP25A-AC894-30K,12/12/2024,36
2635,P241002117,MGP40A-AC896-30K,12/12/2024,80
2606,P241102055,C9632ABAC958-30K,11/12/2024,231
2607,P241102061,S370A63T72X63X30,11/12/2024,84
2608,P241102063,S501A61T23X10X30,11/12/2024,286
2609,P241102090,S370A63T58X50X30,11/12/2024,108
2610,P241102091,S370A63T72X63X30,11/12/2024,35
2611,P241102094,VJ100-16-7,11/12/2024,304
2612,P241102103,P3319401-M,11/12/2024,140
2613,P241002125,C2Q50A-AD140A30K,11/12/2024,105
2614,P241002165,P3910014,11/12/2024,100
2595,P241102056,C9640ABAC959-30K,10/12/2024,180
2596,P241102058,C9663ABAC961-30K,10/12/2024,28
2597,P241102059,S370A63T26X20X20,10/12/2024,176
2598,P241102072,S500A61T50X14X30,10/12/2024,180
2599,P241102079,C2Q80A-AD142-30K,10/12/2024,75
2600,P241102085,CYB15L-AS377-30K,10/12/2024,476
2601,P241102086,CYB32L-AS380-30K,10/12/2024,112
2602,P241102088,S370A63T26X20X20,10/12/2024,352
2603,P241102091,S370A63T72X63X30,10/12/2024,70
2604,P241102108,C2Q50A-AD140A20K,10/12/2024,120
2605,P241002157,XLA40-1B-S,10/12/2024,20
2587,P241102058,C9663ABAC961-30K,09/12/2024,112
2588,P241102082,CYB25K-AS379-20K,09/12/2024,54
2589,P241102083,CYB32K-AS380-20K,09/12/2024,105
2590,P241102097,XLA40-1B-S,09/12/2024,140
2591,P241102116,P4811101-M-2,09/12/2024,272
2592,P241002101,C9650ABAC960-30K,09/12/2024,120
2593,P241002149,C9650ABAC960-30K,09/12/2024,40
2594,P241002157,XLA40-1B-S,09/12/2024,80
2580,P241002115,MGP25A-AC894-30K,06/12/2024,72
2581,P241002126,C2Q63A-AD141A30K,06/12/2024,168
2579,P241002102,C9663ABAC961-30K,06/12/2024,56
2582,P241002134,P3802401B-M,06/12/2024,216
2583,P241102089,S370A63T31X25X30,06/12/2024,352
2585,P241102124,P3800603-MH1,06/12/2024,25
2586,P241200437,MGP25A-AC904-30K,06/12/2024,144
2584,P241102102,P3319301-M,06/12/2024,297
2570,P241002101,C9650ABAC960-30K,05/12/2024,200
2571,P241002117,MGP40A-AC896-30K,05/12/2024,40
2572,P241002123,C2Q32A-AD138A30K,05/12/2024,70
2573,P241002125,C2Q50A-AD140A30K,05/12/2024,175
2574,P241002134,P3802401B-M,05/12/2024,432
2575,P241002152,S370A63T47X40X30,05/12/2024,88
2576,P241002154,S369A63T45X40X30,05/12/2024,117
2577,P241002169,P3800603-MH1,05/12/2024,25
2578,P241102058,C9663ABAC961-30K,05/12/2024,56
2559,P241002100,C9640ABAC959-30K,04/12/2024,60
2560,P241002101,C9650ABAC960-30K,04/12/2024,80
2561,P241002102,C9663ABAC961-30K,04/12/2024,56
2562,P241002124,C2Q40A-AD139A30K,04/12/2024,162
2563,P241002126,C2Q63A-AD141A30K,04/12/2024,144
2564,P241002149,C9650ABAC960-30K,04/12/2024,40
2565,P241102055,C9632ABAC958-30K,04/12/2024,77
2566,P241102056,C9640ABAC959-30K,04/12/2024,120
2567,P241102064,S501A61T35X16X30,04/12/2024,135
2568,P241102087,C9632ABAC958-30K,04/12/2024,88
2569,P241102122,XLA40-3-1B,04/12/2024,72
2553,P241002157,XLA40-1B-S,03/12/2024,40
2554,P241002161,P6260301-D,03/12/2024,126
2555,P241002163,P3801101-M,03/12/2024,72
2556,P241002165,P3910014,03/12/2024,60
2557,P241002169,P3800603-MH1,03/12/2024,25
2558,P240901935,P3800201B-M,03/12/2024,594
2545,P241002100,C9640ABAC959-30K,02/12/2024,120
2546,P241002102,C9663ABAC961-30K,02/12/2024,168
2547,P241002124,C2Q40A-AD139A30K,02/12/2024,486
2548,P241002134,P3802401B-M,02/12/2024,216
2549,P241002149,C9650ABAC960-30K,02/12/2024,600
2550,P241002157,XLA40-1B-S,02/12/2024,60
2551,P241102108,C2Q50A-AD140A20K,02/12/2024,60
2552,P241102121,P7471701-M,02/12/2024,24
2534,P241002132,C2Q80G-F2258-20K,28/11/2024,45
2533,P241002123,C2Q32A-AD138A30K,28/11/2024,280
2532,P241002120,S502A61T63X13X20,28/11/2024,315
2531,P241002119,S502A61T50X13X27,28/11/2024,420
2530,P241002118,S500A61T63X14X20,28/11/2024,525
2529,P241002116,MGP32A-AC895-30K,28/11/2024,99
2528,P241002112,MGP20A-AC903-30K,28/11/2024,448
2527,P241002104,S501A61T35X16X30,28/11/2024,405
2535,P241002133,C2QA0G-F2259-20K,28/11/2024,36
2536,P241002140,CYB15K-AS377-20K,28/11/2024,96
2544,P241100307,C2Q25A-AD137A30K,28/11/2024,208
2543,P241100306,C2Q20A-AD136A30K,28/11/2024,224
2542,P241002168,P3800403-MH2,28/11/2024,168
2541,P241002164,MB-40-32-C6777-K,28/11/2024,192
2540,P241002162,P3319301-M,28/11/2024,198
2539,P241002160,P6260201-D,28/11/2024,224
2538,P241002156,DXT199-20-23,28/11/2024,154
2537,P241002150,C9663ABAC961-30K,28/11/2024,175
2518,P241002139,CYB10K-AS376-20K,27/11/2024,176
2517,P241002131,MGP63A-AC898-20K,27/11/2024,50
2516,P241002129,C2QA0A-AD143-30K,27/11/2024,16
2515,P241002125,C2Q50A-AD140A30K,27/11/2024,210
2514,P241002100,C9640ABAC959-30K,27/11/2024,120
2513,P241002099,C9632ABAC958-30K,27/11/2024,154
2519,P241002149,C9650ABAC960-30K,27/11/2024,240
2520,P241002150,C9663ABAC961-30K,27/11/2024,105
2526,P240901927,MGP32A-AC895-30K,27/11/2024,165
2525,P241101487,CYV32C-R5503A20K,27/11/2024,24
2524,P241101486,NCA400-03-AV290-20K,27/11/2024,1
2523,P241101485,NCA325-03-AV289-20K,27/11/2024,1
2522,P241002167,XLA40-3-1B,27/11/2024,120
2521,P241002164,MB-40-32-C6777-K,27/11/2024,144
2503,P241002122,C2Q016K04-56564,26/11/2024,140
2502,P241002116,MGP32A-AC895-30K,26/11/2024,132
2501,P241002113,MGP25A-AC904-30K,26/11/2024,108
2500,P241002107,C2M025K02-68715B,26/11/2024,340
2499,P241002105,C2M020K02-68714B,26/11/2024,546
2498,P241002104,S501A61T35X16X30,26/11/2024,135
2497,P241002100,C9640ABAC959-30K,26/11/2024,300
2504,P241002150,C9663ABAC961-30K,26/11/2024,70
2505,P241002158,XLA25-3-1B,26/11/2024,324
2512,P241100692,CYR63K-AX668-20K,26/11/2024,5
2511,P241100691,CYR50K-AX667-20K,26/11/2024,5
2510,P241100690,CYR40K-AX666-20K,26/11/2024,5
2509,P241100689,CYR32K-AX665-20K,26/11/2024,5
2508,P241100688,CYR25K-AX664-20K,26/11/2024,5
2507,P241100687,CYR20K-AX663-20K,26/11/2024,5
2506,P241100686,CYR10K-AX661-20K,26/11/2024,5
2489,P241002107,C2M025K02-68715B,25/11/2024,340
2490,P241002108,C2M025K03-68715B,25/11/2024,340
2491,P241002123,C2Q32A-AD138A30K,25/11/2024,210
2492,P241002125,C2Q50A-AD140A30K,25/11/2024,35
2493,P241002141,CYB20K-AS378-20K,25/11/2024,96
2494,P241002142,CYB25K-AS379-20K,25/11/2024,54
2495,P241002149,C9650ABAC960-30K,25/11/2024,280
2496,P241002159,C2Q40-04-J0780-K,25/11/2024,400
2478,P241002148,C9640ABAC959-30K,22/11/2024,210
2477,P241002138,CYB06K-AS375-20K,22/11/2024,330
2476,P241002131,MGP63A-AC898-20K,22/11/2024,20
2475,P241002130,MGP50A-AC897-20K,22/11/2024,84
2474,P241002129,C2QA0A-AD143-30K,22/11/2024,8
2473,P241002109,C2M032K02-68716B,22/11/2024,405
2472,P241002106,C2M020K03-68714B,22/11/2024,273
2471,P241002102,C9663ABAC961-30K,22/11/2024,28
2479,P241002150,C9663ABAC961-30K,22/11/2024,140
2480,P241100678,N2A150-02-AV286-20K,22/11/2024,1
2488,P240901936,P3800301B-M,22/11/2024,117
2487,P241100685,NCA250-03-AV288-20K,22/11/2024,1
2486,P241100684,NCA200-03-AV287-20K,22/11/2024,1
2485,P241100683,NCA150-03-AV286-20K,22/11/2024,1
2484,P241100682,NCA400-02-AV290-20K,22/11/2024,1
2483,P241100681,NCA325-02-AV289-20K,22/11/2024,1
2482,P241100680,NCA250-02-AV288-20K,22/11/2024,1
2481,P241100679,NCA200-02-AV287-20K,22/11/2024,1
2462,P241002135,P3802501B-M,21/11/2024,270
2461,P241002124,C2Q40A-AD139A30K,21/11/2024,54
2460,P241002117,MGP40A-AC896-30K,21/11/2024,100
2459,P241002108,C2M025K03-68715B,21/11/2024,340
2458,P241002099,C9632ABAC958-30K,21/11/2024,308
2463,P241002136,P3800101B-M,21/11/2024,260
2464,P241002148,C9640ABAC959-30K,21/11/2024,210
2465,P241002149,C9650ABAC960-30K,21/11/2024,40
2470,P240901936,P3800301B-M,21/11/2024,468
2468,P240901927,MGP32A-AC895-30K,21/11/2024,132
2469,P240901931,P3802601B-M,21/11/2024,84
2467,P241002156,DXT199-20-23,21/11/2024,77
2466,P241002150,C9663ABAC961-30K,21/11/2024,385
2443,P241002146,CYB63K-AS383-20K,19/11/2024,24
2442,P241002145,CYB50K-AS382-20K,19/11/2024,30
2441,P241002144,CYB40K-AS381-20K,19/11/2024,48
2440,P241002143,CYB32K-AS380-20K,19/11/2024,70
2439,P241002128,C2Q80A-AD142-30K,19/11/2024,15
2438,P241002127,C2J16L-AH081-30K,19/11/2024,416
2437,P241002124,C2Q40A-AD139A30K,19/11/2024,162
2436,P241002117,MGP40A-AC896-30K,19/11/2024,40
2435,P241002105,C2M020K02-68714B,19/11/2024,273
2434,P241002102,C9663ABAC961-30K,19/11/2024,56
2433,P241002099,C9632ABAC958-30K,19/11/2024,77
2444,P241002147,C9632ABAC958-30K,19/11/2024,88
2445,P241002148,C9640ABAC959-30K,19/11/2024,350
2446,P241002149,C9650ABAC960-30K,19/11/2024,280
2457,P240901937,P3800501B-M,19/11/2024,54
2456,P240901936,P3800301B-M,19/11/2024,117
2455,P240901931,P3802601B-M,19/11/2024,84
2454,P240901927,MGP32A-AC895-30K,19/11/2024,165
2453,P241100636,C2Q016K04-56564,19/11/2024,10
2452,P241002167,XLA40-3-1B,19/11/2024,24
2451,P241002166,VP500-22,19/11/2024,42
2450,P241002161,P6260301-D,19/11/2024,42
2449,P241002155,S369A63T55X50X30,19/11/2024,216
2448,P241002153,S369A63T36X32X30,19/11/2024,140
2447,P241002150,C9663ABAC961-30K,19/11/2024,210
2421,P241002169,P3800603-MH1,15/11/2024,25
2420,P241002148,C9640ABAC959-30K,15/11/2024,210
2419,P241002147,C9632ABAC958-30K,15/11/2024,176
2418,P241002135,P3802501B-M,15/11/2024,135
2417,P241002117,MGP40A-AC896-30K,15/11/2024,20
2416,P241002110,C2M032K03-68716B,15/11/2024,540
2415,P241002106,C2M020K03-68714B,15/11/2024,273
2414,P241002102,C9663ABAC961-30K,15/11/2024,56
2413,P241002099,C9632ABAC958-30K,15/11/2024,77
2422,P240901927,MGP32A-AC895-30K,15/11/2024,33
2423,P240901928,MGP40A-AC896-30K,15/11/2024,144
2432,P241100386,CYP32C-R5501A30K,15/11/2024,24
2431,P241100548,C2Q25A-AD137A20K,15/11/2024,30
2430,P241100547,C2Q32A-AD138A20K,15/11/2024,63
2429,P240901945,C9663ABAC961-30K,15/11/2024,595
2428,P240901944,C9650ABAC960-30K,15/11/2024,360
2427,P240901937,P3800501B-M,15/11/2024,270
2426,P240901936,P3800301B-M,15/11/2024,117
2425,P240901932,P3802701B-M,15/11/2024,60
2424,P240901930,P3802501B-M,15/11/2024,405
2404,P241002099,C9632ABAC958-30K,13/11/2024,154
2403,P240901939,S500A61T80X17X20,13/11/2024,100
2402,P240901937,P3800501B-M,13/11/2024,216
2401,P240901936,P3800301B-M,13/11/2024,117
2400,P240901931,P3802601B-M,13/11/2024,252
2399,P240901924,MGP40A-AC906-30K,13/11/2024,40
2405,P241002101,C9650ABAC960-30K,13/11/2024,80
2406,P241002113,MGP25A-AC904-30K,13/11/2024,108
2412,P241002154,S369A63T45X40X30,13/11/2024,117
2411,P241002148,C9640ABAC959-30K,13/11/2024,140
2410,P241002127,C2J16L-AH081-30K,13/11/2024,208
2409,P241002123,C2Q32A-AD138A30K,13/11/2024,70
2408,P241002121,C2Q012K04-56563,13/11/2024,176
2407,P241002114,MGP20A-AC893-30K,13/11/2024,168
2389,P240901947,S370A63T47X40X30,08/11/2024,88
2388,P240901945,C9663ABAC961-30K,08/11/2024,210
2387,P240901939,S500A61T80X17X20,08/11/2024,280
2386,P240901928,MGP40A-AC896-30K,08/11/2024,120
2385,P240901927,MGP32A-AC895-30K,08/11/2024,132
2384,P240901926,MGP25A-AC894-30K,08/11/2024,72
2390,P241002103,S370A63T38X32X30,08/11/2024,112
2391,P241002106,C2M020K03-68714B,08/11/2024,273
2392,P241002108,C2M025K03-68715B,08/11/2024,170
2398,P241002147,C9632ABAC958-30K,08/11/2024,176
2397,P241002137,P3800401B-M,08/11/2024,231
2396,P241002123,C2Q32A-AD138A30K,08/11/2024,70
2395,P241002115,MGP25A-AC894-30K,08/11/2024,36
2394,P241002114,MGP20A-AC893-30K,08/11/2024,112
2393,P241002112,MGP20A-AC903-30K,08/11/2024,56
2374,P241002111,C2M040K03-68717B,06/11/2024,84
2375,P241002112,MGP20A-AC903-30K,06/11/2024,112
2376,P241002147,C9632ABAC958-30K,06/11/2024,88
2377,P241002151,S370A63T38X32X30,06/11/2024,126
2378,P240901924,MGP40A-AC906-30K,06/11/2024,100
2379,P240901926,MGP25A-AC894-30K,06/11/2024,324
2380,P240901927,MGP32A-AC895-30K,06/11/2024,99
2381,P240901928,MGP40A-AC896-30K,06/11/2024,40
2382,P240901936,P3800301B-M,06/11/2024,117
2383,P240901948,S369A63T45X40X30,06/11/2024,117
2369,P241002147,C9632ABAC958-30K,05/11/2024,352
2370,P241002148,C9640ABAC959-30K,05/11/2024,210
2371,P241002157,XLA40-1B-S,05/11/2024,100
2372,P241002168,P3800403-MH2,05/11/2024,56
2373,P240901925,MGP20A-AC893-30K,05/11/2024,448
2357,P240901928,MGP40A-AC896-30K,04/11/2024,60
2358,P240901931,P3802601B-M,04/11/2024,84
2359,P240901932,P3802701B-M,04/11/2024,360
2360,P240901933,P3802801B-M,04/11/2024,360
2361,P240901934,P3800101B-M,04/11/2024,260
2362,P240901937,P3800501B-M,04/11/2024,270
2363,P240901938,P3800601B-M,04/11/2024,360
2364,P240901939,S500A61T80X17X20,04/11/2024,80
2365,P240901944,C9650ABAC960-30K,04/11/2024,120
2366,P240901945,C9663ABAC961-30K,04/11/2024,630
2367,P240901948,S369A63T45X40X30,04/11/2024,117
2368,P240901953,P7471701-M,04/11/2024,24
2356,P240901926,MGP25A-AC894-30K,04/11/2024,324
2355,P240801796,P4811601-M-1,29/10/2024,108
2346,P240901924,MGP40A-AC906-30K,29/10/2024,80
2347,P240901925,MGP20A-AC893-30K,29/10/2024,280
2348,P240901926,MGP25A-AC894-30K,29/10/2024,108
2349,P240901927,MGP32A-AC895-30K,29/10/2024,132
2350,P240901936,P3800301B-M,29/10/2024,117
2351,P240901937,P3800501B-M,29/10/2024,432
2352,P240901939,S500A61T80X17X20,29/10/2024,80
2353,P240901944,C9650ABAC960-30K,29/10/2024,600
2354,P240801780,P3800201B-M,29/10/2024,198
2342,P240901931,P3802601B-M,28/10/2024,84
2343,P240901935,P3800201B-M,28/10/2024,396
2344,P240901936,P3800301B-M,28/10/2024,117
2345,P240901943,C9640ABAC959-30K,28/10/2024,70
2332,P240901923,MGP32A-AC905-30K,25/10/2024,132
2333,P240901925,MGP20A-AC893-30K,25/10/2024,56
2334,P240901928,MGP40A-AC896-30K,25/10/2024,60
2335,P240901930,P3802501B-M,25/10/2024,405
2336,P240901933,P3802801B-M,25/10/2024,40
2337,P240901942,C9632ABAC958-30K,25/10/2024,264
2338,P240901943,C9640ABAC959-30K,25/10/2024,420
2339,P240901944,C9650ABAC960-30K,25/10/2024,160
2340,P240901945,C9663ABAC961-30K,25/10/2024,70
2341,P241000258,P3800401B-M,25/10/2024,113
2325,P240901919,S369A63T36X32X30,24/10/2024,224
2326,P240901922,MGP25A-AC904-30K,24/10/2024,180
2327,P240901929,P3802301B-M,24/10/2024,260
2328,P240901932,P3802701B-M,24/10/2024,360
2329,P240901939,S500A61T80X17X20,24/10/2024,80
2330,P240901948,S369A63T45X40X30,24/10/2024,234
2331,P241000258,P3800401B-M,24/10/2024,77
2317,P240901921,S369A63T55X50X30,23/10/2024,324
2318,P240901925,MGP20A-AC893-30K,23/10/2024,112
2319,P240901926,MGP25A-AC894-30K,23/10/2024,72
2320,P240901927,MGP32A-AC895-30K,23/10/2024,66
2321,P240901930,P3802501B-M,23/10/2024,405
2322,P240901934,P3800101B-M,23/10/2024,260
2323,P240901944,C9650ABAC960-30K,23/10/2024,120
2324,P240901949,S369A63T55X50X30,23/10/2024,270
2314,P241000650,CYB32L-AS380-30K,22/10/2024,1
2315,P240901937,P3800501B-M,22/10/2024,54
2316,P240901938,P3800601B-M,22/10/2024,120
2297,P240901928,MGP40A-AC896-30K,21/10/2024,40
2298,P240901936,P3800301B-M,21/10/2024,234
2299,P240901937,P3800501B-M,21/10/2024,54
2300,P240901943,C9640ABAC959-30K,21/10/2024,280
2301,P240901944,C9650ABAC960-30K,21/10/2024,160
2302,P240901945,C9663ABAC961-30K,21/10/2024,140
2303,P240901952,MB-40-32-C6777-K,21/10/2024,144
2304,P240801770,C2Q63A-AD141A30K,21/10/2024,48
2305,P240801778,P3802801B-M,21/10/2024,160
2306,P240801796,P4811601-M-1,21/10/2024,108
2313,P240701704,S370A63T72X63X30,21/10/2024,70
2312,P240701702,S370A63T47X40X30,21/10/2024,176
2311,P240701701,S370A63T38X32X30,21/10/2024,126
2310,P240701210,S369A63T55X50X30,21/10/2024,162
2309,P240701209,S369A63T45X40X30,21/10/2024,234
2308,P240701208,S369A63T36X32X30,21/10/2024,140
2307,P240701207,S370A63T58X50X30,21/10/2024,54
2281,P240901941,C2QA0A-AD143-20K,18/10/2024,6
2280,P240901932,P3802701B-M,18/10/2024,60
2279,P240901931,P3802601B-M,18/10/2024,336
2278,P240901929,P3802301B-M,18/10/2024,260
2277,P240901928,MGP40A-AC896-30K,18/10/2024,60
2276,P240901927,MGP32A-AC895-30K,18/10/2024,66
2275,P240901926,MGP25A-AC894-30K,18/10/2024,180
2274,P240901925,MGP20A-AC893-30K,18/10/2024,56
2273,P240901923,MGP32A-AC905-30K,18/10/2024,132
2272,P240901922,MGP25A-AC904-30K,18/10/2024,180
2271,P240901919,S369A63T36X32X30,18/10/2024,112
2270,P240901917,S370A63T38X32X30,18/10/2024,112
2282,P240901942,C9632ABAC958-30K,18/10/2024,352
2283,P240901943,C9640ABAC959-30K,18/10/2024,280
2284,P240901944,C9650ABAC960-30K,18/10/2024,320
2296,P240801793,P6260201-D,18/10/2024,56
2295,P240801760,C2M025K03-68715B,18/10/2024,170
2294,P240801759,C2M025K02-68715B,18/10/2024,170
2293,P241000851,P3800603-MH1,18/10/2024,25
2292,P241000256,P79001005-M,18/10/2024,232
2291,P240901955,P3800603-MH1,18/10/2024,50
2290,P240901951,C2Q63A-AD141A20K,18/10/2024,60
2289,P240901949,S369A63T55X50X30,18/10/2024,162
2288,P240901948,S369A63T45X40X30,18/10/2024,468
2287,P240901947,S370A63T47X40X30,18/10/2024,528
2286,P240901946,S370A63T38X32X30,18/10/2024,504
2285,P240901945,C9663ABAC961-30K,18/10/2024,385
2259,P240901946,S370A63T38X32X30,17/10/2024,252
2258,P240901943,C9640ABAC959-30K,17/10/2024,140
2257,P240901942,C9632ABAC958-30K,17/10/2024,440
2256,P240901933,P3802801B-M,17/10/2024,160
2255,P240901925,MGP20A-AC893-30K,17/10/2024,147
2254,P240901920,S369A63T45X40X30,17/10/2024,312
2253,P240901918,S370A63T47X40X30,17/10/2024,154
2260,P240901949,S369A63T55X50X30,17/10/2024,270
2261,P240901950,SY5000-20-1,17/10/2024,162
2262,P240801756,APTE00-98000404-D,17/10/2024,496
2268,P240801789,S369A63T45X40X30,17/10/2024,234
2267,P240801784,C9650ABAC960-30K,17/10/2024,80
2266,P240801769,C2Q50A-AD140A30K,17/10/2024,70
2265,P240801764,C2M040K03-68717B,17/10/2024,84
2264,P240801762,C2M032K03-68716B,17/10/2024,135
2263,P240801760,C2M025K03-68715B,17/10/2024,170
2269,P241000256,P79001005-M,15/10/2024,44
2245,P240901925,MGP20A-AC893-30K,10/10/2024,21
2246,P240901928,MGP40A-AC896-30K,10/10/2024,16
2247,P240901940,C2Q80A-AD142-20K,10/10/2024,108
2248,P240901941,C2QA0A-AD143-20K,10/10/2024,6
2249,P240901943,C9640ABAC959-30K,10/10/2024,210
2250,P240901944,C9650ABAC960-30K,10/10/2024,160
2251,P240901954,S500A61TA0X20X20,10/10/2024,12
2252,P241000572,MGP20A-AC903-30K,10/10/2024,18
2237,P240901928,MGP40A-AC896-30K,09/10/2024,60
2238,P240901939,S500A61T80X17X20,09/10/2024,180
2239,P240901942,C9632ABAC958-30K,09/10/2024,704
2240,P240901943,C9640ABAC959-30K,09/10/2024,700
2241,P240901945,C9663ABAC961-30K,09/10/2024,455
2243,P241000258,P3800401B-M,09/10/2024,41
2242,P240901949,S369A63T55X50X30,09/10/2024,270
2244,P241000256,P79001005-M,09/10/2024,10
2226,P240801757,C2M020K02-68714B,07/10/2024,273
2227,P240801758,C2M020K03-68714B,07/10/2024,273
2228,P240801763,C2M040K02-68717B,07/10/2024,84
2229,P240801767,C2Q32A-AD138A30K,07/10/2024,70
2230,P240801774,P3802401B-M,07/10/2024,216
2231,P240801779,P3800101B-M,07/10/2024,260
2232,P240801784,C9650ABAC960-30K,07/10/2024,280
2233,P240801790,S369A63T55X50X30,07/10/2024,216
2234,P240801791,XLA25-3-1B,07/10/2024,216
2235,P240801794,P6260401-D,07/10/2024,60
2236,P240801795,P4811401-M-1,07/10/2024,128
2217,P240801775,P3802501B-M,02/10/2024,540
2216,P240801768,C2Q40A-AD139A30K,02/10/2024,54
2215,P240801766,MGP63A-AC898-20K,02/10/2024,20
2214,P240801764,C2M040K03-68717B,02/10/2024,168
2213,P240801762,C2M032K03-68716B,02/10/2024,405
2212,P240801761,C2M032K02-68716B,02/10/2024,135
2218,P240801780,P3800201B-M,02/10/2024,198
2219,P240801781,P3800301B-M,02/10/2024,468
2225,P240801788,S369A63T36X32X30,02/10/2024,140
2224,P240801787,S370A63T47X40X30,02/10/2024,88
2223,P240801786,S370A63T38X32X30,02/10/2024,126
2222,P240801785,C9663ABAC961-30K,02/10/2024,210
2221,P240801784,C9650ABAC960-30K,02/10/2024,200
2220,P240801783,C9640ABAC959-30K,02/10/2024,490
2211,P240901901,MGP40A-AC896-30K,26/09/2024,24
2203,P240801776,P3802601B-M,25/09/2024,336
2204,P240801778,P3802801B-M,25/09/2024,160
2205,P240801782,C9632ABAC958-30K,25/09/2024,264
2206,P240801783,C9640ABAC959-30K,25/09/2024,420
2207,P240801784,C9650ABAC960-30K,25/09/2024,360
2208,P240801785,C9663ABAC961-30K,25/09/2024,385
2209,P240801788,S369A63T36X32X30,25/09/2024,140
2210,P240900949,MGP40A-AC896-30K,25/09/2024,20
2197,P240801773,P3802301B-M,23/09/2024,260
2198,P240801774,P3802401B-M,23/09/2024,216
2199,P240801782,C9632ABAC958-30K,23/09/2024,440
2200,P240801783,C9640ABAC959-30K,23/09/2024,280
2201,P240801785,C9663ABAC961-30K,23/09/2024,420
2202,P240801790,S369A63T55X50X30,23/09/2024,54
2186,P240801775,P3802501B-M,19/09/2024,135
2187,P240801776,P3802601B-M,19/09/2024,168
2188,P240801777,P3802701B-M,19/09/2024,300
2189,P240801781,P3800301B-M,19/09/2024,117
2190,P240801782,C9632ABAC958-30K,19/09/2024,88
2191,P240801783,C9640ABAC959-30K,19/09/2024,140
2192,P240801784,C9650ABAC960-30K,19/09/2024,360
2193,P240801785,C9663ABAC961-30K,19/09/2024,140
2194,P240801790,S369A63T55X50X30,19/09/2024,108
2195,P240801798,XLA40-3-1B,19/09/2024,24
2196,P240900831,P3800501B-M,19/09/2024,43
2176,P240900796,S500A61T63X14X20,17/09/2024,105
2175,P240900795,CXS25A-BA024-20K,17/09/2024,108
2174,P240900794,S500A61T40X10X30,17/09/2024,117
2173,P240801786,S370A63T38X32X30,17/09/2024,126
2172,P240801785,C9663ABAC961-30K,17/09/2024,175
2171,P240801784,C9650ABAC960-30K,17/09/2024,120
2170,P240801783,C9640ABAC959-30K,17/09/2024,140
2177,P240900797,P3318110-M,17/09/2024,104
2178,P240900798,V100-75-5,17/09/2024,99
2185,P240900793,C2Q63-04-J0782AK,17/09/2024,18
2184,P240900804,XLA63-1B,17/09/2024,9
2183,P240900803,P3910016,17/09/2024,30
2182,P240900802,P3910014,17/09/2024,20
2181,P240900801,MGP80A-AC909-20K,17/09/2024,5
2180,P240900800,C2QA0-04-J0784-K,17/09/2024,12
2179,P240900799,C2Q80L-AD142-20K,17/09/2024,36
2163,P240801766,MGP63A-AC898-20K,16/09/2024,60
2164,P240801783,C9640ABAC959-30K,16/09/2024,280
2165,P240801784,C9650ABAC960-30K,16/09/2024,360
2166,P240801785,C9663ABAC961-30K,16/09/2024,350
2167,P240801787,S370A63T47X40X30,16/09/2024,88
2168,P240900428,XT331-7433-25-1-M,16/09/2024,88
2169,P240900056,P3800603-MH1,16/09/2024,50
2159,P240801782,C9632ABAC958-30K,10/09/2024,264
2160,P240801783,C9640ABAC959-30K,10/09/2024,70
2161,P240801784,C9650ABAC960-30K,10/09/2024,120
2162,P240801798,XLA40-3-1B,10/09/2024,240
2147,P240801765,C2Q63A-AD141A20K,06/09/2024,20
2148,P240801766,MGP63A-AC898-20K,06/09/2024,70
2149,P240801771,C2Q80A-AD142-30K,06/09/2024,15
2150,P240801772,C2QA0A-AD143-30K,06/09/2024,8
2151,P240801782,C9632ABAC958-30K,06/09/2024,264
2152,P240801783,C9640ABAC959-30K,06/09/2024,280
2153,P240801784,C9650ABAC960-30K,06/09/2024,160
2158,P240801798,XLA40-3-1B,06/09/2024,96
2157,P240801797,P40109002-D,06/09/2024,70
2156,P240801794,P6260401-D,06/09/2024,30
2155,P240801792,C2Q40-04-J0780-K,06/09/2024,40
2154,P240801785,C9663ABAC961-30K,06/09/2024,245
2135,P240701219,C1G63L-AT036-30K,28/08/2024,140
2134,P240701217,C1G40L-AT034-30K,28/08/2024,154
2133,P240701216,S501A61T43X16X30,28/08/2024,336
2132,P240701215,S501A61T35X16X30,28/08/2024,270
2131,P240701214,APTE00-96000152-D,28/08/2024,176
2130,P240701212,APTE00-98000565-D,28/08/2024,126
2129,P240701211,APTE00-96000150-D,28/08/2024,77
2128,P240701207,S370A63T58X50X30,28/08/2024,54
2136,P240701221,MGP25A-AC904-30K,28/08/2024,36
2137,P240701222,MGP32A-AC905-30K,28/08/2024,33
2138,P240701225,MGP25A-AC894-30K,28/08/2024,216
2146,P240802062,C2Q50A-AD140A30K,28/08/2024,9
2145,P240800564,C9650ABAC960-30K,28/08/2024,295
2144,P240701702,S370A63T47X40X30,28/08/2024,88
2143,P240701251,V100-75-25,28/08/2024,75
2142,P240701243,P6260401-D,28/08/2024,30
2141,P240701240,XLA25-1B-S,28/08/2024,324
2140,P240701227,S500A61T50X14X30,28/08/2024,120
2139,P240701226,MGP40A-AC896-30K,28/08/2024,40
2118,P240701204,C9650ABAC960-30K,27/08/2024,40
2119,P240701205,C9663ABAC961-30K,27/08/2024,175
2120,P240701210,S369A63T55X50X30,27/08/2024,54
2121,P240701224,MGP20A-AC893-30K,27/08/2024,224
2122,P240701240,XLA25-1B-S,27/08/2024,288
2123,P240701243,P6260401-D,27/08/2024,120
2124,P240701255,P4811321-M,27/08/2024,48
2125,P240701257,CYB06L-AS375-30K,27/08/2024,1144
2126,P240800564,C9650ABAC960-30K,27/08/2024,120
2127,P240800565,C9663ABAC961-30K,27/08/2024,125
2110,P240701236,P3802401B-M,26/08/2024,216
2109,P240701234,C2Q80G-F2258-20K,26/08/2024,15
2108,P240701225,MGP25A-AC894-30K,26/08/2024,108
2107,P240701220,MGP20A-AC903-30K,26/08/2024,78
2106,P240701218,C1G50L-AT035-30K,26/08/2024,108
2111,P240701237,P3800401B-M,26/08/2024,63
2112,P240701240,XLA25-1B-S,26/08/2024,288
2113,P240701241,C2Q40-04-J0780-K,26/08/2024,80
2114,P240701250,SY5000-20-118,26/08/2024,48
2115,P240701256,CYR32J-AX665-20K,26/08/2024,40
2116,P240701698,S369A63T45X40X30,26/08/2024,117
2117,P240701702,S370A63T47X40X30,26/08/2024,88
2104,P240701204,C9650ABAC960-30K,23/08/2024,80
2105,P240800563,C9640ABAC959-30K,23/08/2024,106
2093,P240701206,S370A63T31X25X30,22/08/2024,176
2094,P240701205,C9663ABAC961-30K,22/08/2024,175
2095,P240701204,C9650ABAC960-30K,22/08/2024,120
2096,P240701202,C9632ABAC958-30K,22/08/2024,264
2097,P240701237,P3800401B-M,22/08/2024,14
2098,P240701220,MGP20A-AC903-30K,22/08/2024,34
2099,P240701701,S370A63T38X32X30,22/08/2024,126
2100,P240701699,S369A63T55X50X30,22/08/2024,162
2101,P240701698,S369A63T45X40X30,22/08/2024,117
2102,P240800746,P3800301B-M,22/08/2024,44
2103,P240800747,P3802501B-M,22/08/2024,59
2082,P240701249,P4814201-MH1,19/08/2024,420
2081,P240701252,MB-A0-32-C6781-K,19/08/2024,8
2080,P240701254,P3910013,19/08/2024,50
2079,P240701202,C9632ABAC958-30K,19/08/2024,264
2078,P240701203,C9640ABAC959-30K,19/08/2024,140
2077,P240701204,C9650ABAC960-30K,19/08/2024,160
2076,P240701205,C9663ABAC961-30K,19/08/2024,175
2083,P240701240,XLA25-1B-S,19/08/2024,36
2084,P240701238,P3800601B-M,19/08/2024,40
2085,P240701228,MGP50A-AC897-20K,19/08/2024,28
2092,P240701700,S370A63T26X20X20,19/08/2024,176
2091,P240701704,S370A63T72X63X30,19/08/2024,105
2090,P240701705,S370A63T89X80X30,19/08/2024,96
2089,P240701218,C1G50L-AT035-30K,19/08/2024,54
2088,P240701221,MGP25A-AC904-30K,19/08/2024,144
2087,P240701222,MGP32A-AC905-30K,19/08/2024,66
2086,P240701226,MGP40A-AC896-30K,19/08/2024,40
2067,P240701224,MGP20A-AC893-30K,13/08/2024,112
2066,P240701223,MGP12A-AC891-30K,13/08/2024,95
2065,P240701212,APTE00-98000565-D,13/08/2024,252
2064,P240701205,C9663ABAC961-30K,13/08/2024,210
2063,P240701204,C9650ABAC960-30K,13/08/2024,40
2062,P240701203,C9640ABAC959-30K,13/08/2024,210
2068,P240701232,S500A61TA0X20X20,13/08/2024,36
2069,P240701234,C2Q80G-F2258-20K,13/08/2024,15
2075,P240701705,S370A63T89X80X30,13/08/2024,48
2074,P240701699,S369A63T55X50X30,13/08/2024,108
2073,P240701246,C2Q63A-AD141A20K,13/08/2024,60
2072,P240701245,C2Q32A-AD138A20K,13/08/2024,63
2071,P240701244,P3800402-M-2,13/08/2024,238
2070,P240701241,C2Q40-04-J0780-K,13/08/2024,360
2048,P240701235,C2QA0G-F2259-20K,09/08/2024,24
2047,P240701233,S502A61T80X17X20,09/08/2024,80
2046,P240701231,S500A61T80X17X20,09/08/2024,20
2045,P240701229,MGP63A-AC898-20K,09/08/2024,10
2044,P240701225,MGP25A-AC894-30K,09/08/2024,108
2043,P240701223,MGP12A-AC891-30K,09/08/2024,95
2042,P240701213,APTE00-98000404-D,09/08/2024,248
2041,P240701212,APTE00-98000565-D,09/08/2024,126
2040,P240701206,S370A63T31X25X30,09/08/2024,176
2039,P240701204,C9650ABAC960-30K,09/08/2024,40
2038,P240701202,C9632ABAC958-30K,09/08/2024,176
2049,P240701239,SY5000-20-1,09/08/2024,108
2050,P240701243,P6260401-D,09/08/2024,180
2061,P240701703,S370A63T58X50X30,09/08/2024,54
2060,P240701701,S370A63T38X32X30,09/08/2024,126
2059,P240701700,S370A63T26X20X20,09/08/2024,176
2058,P240701699,S369A63T55X50X30,09/08/2024,54
2057,P240701698,S369A63T45X40X30,09/08/2024,117
2056,P240701254,P3910013,09/08/2024,25
2055,P240701253,P3315661-M,09/08/2024,32
2054,P240701249,P4814201-MH1,09/08/2024,280
2053,P240701248,P4811401-M-1,09/08/2024,64
2052,P240701247,CQS25-04-F6467-K,09/08/2024,77
2051,P240701246,C2Q63A-AD141A20K,09/08/2024,20
2030,P240701258,CYB40L-AS381-30K,06/08/2024,77
2029,P240701202,C9632ABAC958-30K,06/08/2024,176
2028,P240701203,C9640ABAC959-30K,06/08/2024,210
2027,P240701205,C9663ABAC961-30K,06/08/2024,35
2031,P240701242,P6260201-D,06/08/2024,112
2032,P240701230,MGP63A-AC908-20K,06/08/2024,30
2033,P240701229,MGP63A-AC898-20K,06/08/2024,40
2034,P240701707,P3552342-0101M,06/08/2024,2
2035,P240701706,P3552332-0101M,06/08/2024,2
2036,P240701705,S370A63T89X80X30,06/08/2024,24
2037,P240701704,S370A63T72X63X30,06/08/2024,35
2019,P240701240,XLA25-1B-S,05/08/2024,216
2018,P240701246,C2Q63A-AD141A20K,05/08/2024,20
2017,P240701203,C9640ABAC959-30K,05/08/2024,210
2016,P240701204,C9650ABAC960-30K,05/08/2024,120
2015,P240701205,C9663ABAC961-30K,05/08/2024,175
2020,P240701705,S370A63T89X80X30,05/08/2024,24
2021,P240701704,S370A63T72X63X30,05/08/2024,70
2026,P240800129,C2Q63A-AD141A30K,05/08/2024,9
2025,P240701697,S369A63T36X32X30,05/08/2024,140
2024,P240701698,S369A63T45X40X30,05/08/2024,117
2023,P240701699,S369A63T55X50X30,05/08/2024,54
2022,P240701703,S370A63T58X50X30,05/08/2024,108
1987,P240602586,C9632ABAC958-30K,30/07/2024,440
1988,P240602588,C9650ABAC960-30K,30/07/2024,40
1989,P240602589,C9663ABAC961-30K,30/07/2024,70
1990,P240602591,DXT156-10-11,30/07/2024,300
1991,P240602598,P4730003-D,30/07/2024,252
1992,P240602599,P4730004-D,30/07/2024,528
1993,P240602600,P4730005-D,30/07/2024,240
1994,P240602602,P6260401-D,30/07/2024,30
1986,P240602584,MGP40A-AC896-30K,30/07/2024,20
1985,P240602583,MGP40A-AC906-30K,30/07/2024,40
2013,P240701276,S370A63T72X63X30,30/07/2024,70
1978,P240602573,APTE00-96000150-D,30/07/2024,77
1979,P240602574,APTE00-98000565-D,30/07/2024,378
1980,P240602578,APTE00-96000152-D,30/07/2024,176
1981,P240602579,S500A61T50X14X30,30/07/2024,240
1982,P240602580,C2Q50G-F2256-30K,30/07/2024,60
1983,P240602581,C2Q63G-F2257-20K,30/07/2024,112
1984,P240602582,MGP32A-AC905-30K,30/07/2024,66
1995,P240602603,P3319201-M,30/07/2024,462
1996,P240602604,P3319301-M,30/07/2024,396
2006,P240602621,MYB32-55-AS551-20-K,30/07/2024,25
2012,P240701275,S370A63T47X40X30,30/07/2024,88
2011,P240701274,S370A63T38X32X30,30/07/2024,126
2010,P240701273,S370A63T26X20X20,30/07/2024,176
2009,P240602627,MB-63-32-C6779-K,30/07/2024,48
2008,P240602623,XLA40-1B-S,30/07/2024,60
2007,P240602622,MYB40-55-AS552-20-K,30/07/2024,23
2005,P240602620,MYB25-55-AS550-20-K,30/07/2024,58
2004,P240602618,P5053-1082,30/07/2024,140
1997,P240602608,C2Q040K31-49702A,30/07/2024,210
1998,P240602609,P4730001-D,30/07/2024,450
1999,P240602611,P4811101-M-2,30/07/2024,272
2000,P240602613,P4811301-M-1,30/07/2024,300
2001,P240602614,P4811401-M-1,30/07/2024,448
2014,P240602587,C9640ABAC959-30K,30/07/2024,140
2003,P240602617,P4814201-MH1,30/07/2024,280
2002,P240602615,P4811501-M-1,30/07/2024,49
1958,P240602610,P4811001-M,25/07/2024,418
1961,P240602597,P4730002-D,25/07/2024,312
1962,P240602595,SY3000-20-1,25/07/2024,160
1964,P240602589,C9663ABAC961-30K,25/07/2024,70
1965,P240602588,C9650ABAC960-30K,25/07/2024,40
1966,P240602640,MTS40-02-J3855-K,25/07/2024,48
1967,P240700061,S370A63T58X50X30,25/07/2024,90
1963,P240602592,DXT192-11-3,25/07/2024,378
1956,P240602619,VJ3000-20-10,25/07/2024,308
1955,P240602618,P5053-1082,25/07/2024,140
1957,P240602612,P4811201-M-1,25/07/2024,468
1949,P240602636,MYB100-02-K2471-K,25/07/2024,8
1950,P240602634,P4811601-M-1,25/07/2024,36
1960,P240602602,P6260401-D,25/07/2024,30
1951,P240602633,CYR63J-AX668-20K,25/07/2024,12
1952,P240602630,XLA50-1B-S,25/07/2024,48
1953,P240602627,MB-63-32-C6779-K,25/07/2024,48
1954,P240602623,XLA40-1B-S,25/07/2024,100
1959,P240602605,P3319401-M,25/07/2024,210
1975,P240602593,DXT199-20-23,23/07/2024,154
1977,P240602588,C9650ABAC960-30K,23/07/2024,80
1976,P240602589,C9663ABAC961-30K,23/07/2024,140
1974,P240602616,P4814101-MH1,23/07/2024,702
1973,P240602621,MYB32-55-AS551-20-K,23/07/2024,15
1972,P240602620,MYB25-55-AS550-20-K,23/07/2024,12
1971,P240602622,MYB40-55-AS552-20-K,23/07/2024,5
1970,P240602623,XLA40-1B-S,23/07/2024,80
1969,P240602630,XLA50-1B-S,23/07/2024,32
1968,P240602635,MYB80-02-K2470-K,23/07/2024,8
1938,P240602606,CXS06A-R6000-20K,19/07/2024,468
1937,P240602609,P4730001-D,19/07/2024,150
1936,P240602612,P4811201-M-1,19/07/2024,312
1935,P240602614,P4811401-M-1,19/07/2024,320
1934,P240602623,XLA40-1B-S,19/07/2024,40
1933,P240602627,MB-63-32-C6779-K,19/07/2024,24
1932,P240602629,P3910018,19/07/2024,16
1931,P240602632,CYR50J-AX667-20K,19/07/2024,20
1939,P240602602,P6260401-D,19/07/2024,90
1940,P240602599,P4730004-D,19/07/2024,48
1948,P240700060,S370A63T31X25X30,19/07/2024,160
1947,P240602583,MGP40A-AC906-30K,19/07/2024,20
1946,P240602588,C9650ABAC960-30K,19/07/2024,160
1945,P240602589,C9663ABAC961-30K,19/07/2024,175
1944,P240602590,DXT155-38-1,19/07/2024,70
1943,P240602591,DXT156-10-11,19/07/2024,100
1942,P240602596,VJ100-16-7,19/07/2024,304
1941,P240602597,P4730002-D,19/07/2024,104
1922,P240602616,P4814101-MH1,17/07/2024,234
1921,P240602627,MB-63-32-C6779-K,17/07/2024,24
1920,P240602629,P3910018,17/07/2024,64
1919,P240602635,MYB80-02-K2470-K,17/07/2024,8
1930,P240602573,APTE00-96000150-D,17/07/2024,77
1923,P240602617,P4814201-MH1,17/07/2024,140
1924,P240602604,P3319301-M,17/07/2024,396
1925,P240602603,P3319201-M,17/07/2024,154
1926,P240602589,C9663ABAC961-30K,17/07/2024,70
1927,P240602588,C9650ABAC960-30K,17/07/2024,80
1928,P240602587,C9640ABAC959-30K,17/07/2024,420
1929,P240602575,C1G50L-AT035-30K,17/07/2024,54
1917,P240700063,CYB40L-AS381-30K,16/07/2024,9
1918,P240700062,CYB06L-AS375-30K,16/07/2024,5
1907,P240602635,MYB80-02-K2470-K,15/07/2024,16
1908,P240602630,XLA50-1B-S,15/07/2024,32
1909,P240602628,MGP50A-AC897-20K,15/07/2024,28
1910,P240602613,P4811301-M-1,15/07/2024,100
1911,P240602607,CQS20-04-F6466-K,15/07/2024,96
1912,P240602606,CXS06A-R6000-20K,15/07/2024,468
1916,P240602641,P3800603-MH1,15/07/2024,25
1915,P240602598,P4730003-D,15/07/2024,252
1914,P240602600,P4730005-D,15/07/2024,240
1913,P240602601,P6260101-D,15/07/2024,216
1901,P240602611,P4811101-M-2,11/07/2024,272
1905,P240602586,C9632ABAC958-30K,11/07/2024,176
1904,P240602587,C9640ABAC959-30K,11/07/2024,140
1903,P240602589,C9663ABAC961-30K,11/07/2024,105
1902,P240602595,SY3000-20-1,11/07/2024,320
1906,P240700060,S370A63T31X25X30,11/07/2024,160
1900,P240602615,P4811501-M-1,11/07/2024,49
1899,P240602635,MYB80-02-K2470-K,11/07/2024,8
1898,P240602637,MYH40J-R6302-30K,11/07/2024,96
1887,P240602617,P4814201-MH1,09/07/2024,140
1886,P240602618,P5053-1082,09/07/2024,105
1885,P240602624,C2Q50L-AD140-20K,09/07/2024,30
1884,P240602625,C2Q80A-AD142-20K,09/07/2024,12
1883,P240602626,C2QA0A-AD143-20K,09/07/2024,12
1882,P240602627,MB-63-32-C6779-K,09/07/2024,24
1881,P240602631,CYR40J-AX666-20K,09/07/2024,30
1880,P240602636,MYB100-02-K2471-K,09/07/2024,16
1888,P240602602,P6260401-D,09/07/2024,120
1889,P240602601,P6260101-D,09/07/2024,72
1897,P240602576,MGP25A-AC904-30K,09/07/2024,36
1896,P240602584,MGP40A-AC896-30K,09/07/2024,40
1895,P240602585,S502A61T80X17X20,09/07/2024,20
1894,P240602586,C9632ABAC958-30K,09/07/2024,264
1893,P240602588,C9650ABAC960-30K,09/07/2024,120
1892,P240602589,C9663ABAC961-30K,09/07/2024,70
1891,P240602590,DXT155-38-1,09/07/2024,70
1890,P240602596,VJ100-16-7,09/07/2024,912
1874,P240602630,XLA50-1B-S,05/07/2024,32
1875,P240602628,MGP50A-AC897-20K,05/07/2024,42
1876,P240602594,DXT201-13-13,05/07/2024,80
1878,P240602639,VP500-22,05/07/2024,84
1879,P240602638,P3910013,05/07/2024,50
1877,P240602577,APTE00-98000404-D,05/07/2024,496
1872,P240602587,C9640ABAC959-30K,04/07/2024,140
1866,P240602630,XLA50-1B-S,04/07/2024,16
1867,P240602626,C2QA0A-AD143-20K,04/07/2024,18
1868,P240602623,XLA40-1B-S,04/07/2024,120
1869,P240602602,P6260401-D,04/07/2024,30
1870,P240602589,C9663ABAC961-30K,04/07/2024,175
1871,P240602588,C9650ABAC960-30K,04/07/2024,80
1873,P240602586,C9632ABAC958-30K,04/07/2024,176
1864,P240501433,P6260401-D,02/07/2024,150
1865,P240700011,CYV32C-R5503A20K,02/07/2024,20
1850,P240501439,C2J06LAAH080-30K,27/06/2024,456
1849,P240501436,P3800402-M-2,27/06/2024,833
1848,P240501431,P6260201-D,27/06/2024,280
1847,P240501429,MYB20LAA7164-20K,27/06/2024,280
1846,P240501428,MYB16LAA7163-20K,27/06/2024,176
1845,P240501426,C2Q40-04-J0780-K,27/06/2024,80
1844,P240501423,XLA25-1B-S,27/06/2024,216
1840,P240501418,DXT192-11-3,27/06/2024,378
1842,P240501420,SY3000-20-1,27/06/2024,480
1841,P240501419,DXT199-20-23,27/06/2024,231
1851,P240501441,C2Q32A-AD138A20K,27/06/2024,63
1852,P240501443,C2Q50A-AD140A20K,27/06/2024,330
1853,P240501444,CQS25-04-F6467-K,27/06/2024,77
1843,P240501421,VJ100-16-7,27/06/2024,912
1863,P240501407,C2QA0A-AD143-30K,27/06/2024,8
1862,P240501401,MGP20A-AC893-30K,27/06/2024,112
1861,P240501400,C1G63L-AT036-30K,27/06/2024,28
1860,P240501399,APTE00-98000565-D,27/06/2024,378
1859,P240501398,APTE00-96000150-D,27/06/2024,77
1858,P240501457,XLS25-1-1B,27/06/2024,144
1857,P240501453,P4811301-M-1,27/06/2024,200
1856,P240501449,MB-40-32-C6777-K,27/06/2024,144
1855,P240501448,C9663ABAC961-30K,27/06/2024,105
1854,P240501445,C9632ABAC958-30K,27/06/2024,264
1830,P240501439,C2J06LAAH080-30K,26/06/2024,456
1829,P240501438,P3801101-M,26/06/2024,36
1828,P240501437,P3800502-M-2,26/06/2024,780
1827,P240501436,P3800402-M-2,26/06/2024,119
1826,P240501429,MYB20LAA7164-20K,26/06/2024,210
1825,P240501423,XLA25-1B-S,26/06/2024,288
1824,P240501422,XLA16-1B-S,26/06/2024,55
1831,P240501445,C9632ABAC958-30K,26/06/2024,176
1832,P240501446,C9640ABAC959-30K,26/06/2024,70
1833,P240501448,C9663ABAC961-30K,26/06/2024,245
1834,P240501449,MB-40-32-C6777-K,26/06/2024,48
1835,P240501454,P4811501-M-1,26/06/2024,147
1836,P240501468,CQS12-04-3819L-K,26/06/2024,176
1823,P240601152,C2Q63A-AD141A30K,25/06/2024,24
1822,P240501433,P6260401-D,25/06/2024,60
1815,P240501447,C9650ABAC960-30K,24/06/2024,127
1814,P240501446,C9640ABAC959-30K,24/06/2024,210
1816,P240501451,P4811101-M-2,24/06/2024,544
1813,P240501440,CXS06A-R6000-20K,24/06/2024,468
1812,P240501431,P6260201-D,24/06/2024,224
1811,P240501428,MYB16LAA7163-20K,24/06/2024,352
1817,P240501455,P5053-1081,24/06/2024,140
1818,P240501456,SY5000-20-118,24/06/2024,96
1819,P240501399,APTE00-98000565-D,24/06/2024,252
1820,P240501402,APTE00-96000152-D,24/06/2024,176
1821,P240501412,P3802801B-M,24/06/2024,40
1794,P240501436,P3800402-M-2,20/06/2024,238
1795,P240501447,C9650ABAC960-30K,20/06/2024,80
1796,P240501452,P4811201-M-1,20/06/2024,156
1797,P240501455,P5053-1081,20/06/2024,210
1798,P240501460,MB-A0-32-C6781-K,20/06/2024,8
1793,P240501434,P3319101-M,20/06/2024,238
1792,P240501432,P6260301-D,20/06/2024,210
1791,P240501430,P4730005-D,20/06/2024,336
1790,P240501427,CUJ16A-AD253-20K,20/06/2024,364
1789,P240501426,C2Q40-04-J0780-K,20/06/2024,240
1788,P240501425,C2Q32-04-J0779-K,20/06/2024,180
1787,P240501422,XLA16-1B-S,20/06/2024,220
1799,P240501461,MGP50A-AC897-20K,20/06/2024,42
1800,P240601057,CYR25J-AX664-20K,20/06/2024,2
1801,P240601056,CYR20J-AX663-20K,20/06/2024,1
1809,P240601061,CYR63J-AX668-20K,20/06/2024,2
1808,P240601060,CYR50J-AX667-20K,20/06/2024,2
1807,P240601059,CYR40J-AX666-20K,20/06/2024,2
1806,P240601052,XT331-7433-25-1-M,20/06/2024,58
1805,P240601058,CYR32J-AX665-20K,20/06/2024,2
1804,P240601053,CYR06J-AX660-20K,20/06/2024,1
1803,P240601054,CYR10J-AX661-20K,20/06/2024,1
1802,P240601055,CYR15J-AX662-20K,20/06/2024,1
1838,P240501447,C9650ABAC960-30K,14/06/2024,33
1810,P240600484,C2M020K02-68714B,13/06/2024,10
1772,P240501417,P3800601B-M,12/06/2024,40
1773,P240501424,XLA40-1B-S,12/06/2024,40
1774,P240501430,P4730005-D,12/06/2024,144
1775,P240501431,P6260201-D,12/06/2024,56
1776,P240501445,C9632ABAC958-30K,12/06/2024,176
1777,P240501446,C9640ABAC959-30K,12/06/2024,280
1778,P240501447,C9650ABAC960-30K,12/06/2024,280
1779,P240501448,C9663ABAC961-30K,12/06/2024,70
1780,P240501459,C2QA0A-AD143-20K,12/06/2024,12
1781,P240501466,C2Q80G-F2258-20K,12/06/2024,15
1782,P240501471,CYR50J-AX667-20K,12/06/2024,20
1783,P240501403,C2Q32A-AD138A30K,12/06/2024,70
1784,P240501406,C2Q80A-AD142-30K,12/06/2024,15
1785,P240501414,P3800201B-M,12/06/2024,198
1837,P240501452,P4811201-M-1,11/06/2024,312
1758,P240501416,P3800501B-M,07/06/2024,54
1759,P240501424,XLA40-1B-S,07/06/2024,60
1760,P240501426,C2Q40-04-J0780-K,07/06/2024,280
1761,P240501428,MYB16LAA7163-20K,07/06/2024,88
1762,P240501431,P6260201-D,07/06/2024,112
1763,P240501435,P3319301-M,07/06/2024,297
1764,P240501442,C2Q40A-AD139A20K,07/06/2024,96
1765,P240501445,C9632ABAC958-30K,07/06/2024,176
1766,P240501446,C9640ABAC959-30K,07/06/2024,70
1767,P240501447,C9650ABAC960-30K,07/06/2024,160
1768,P240501448,C9663ABAC961-30K,07/06/2024,105
1769,P240501449,MB-40-32-C6777-K,07/06/2024,48
1770,P240501408,P3802301B-M,07/06/2024,260
1771,P240501411,P3802701B-M,07/06/2024,60
1755,P240502737,MYB25-55-AS550-20-K,05/06/2024,85
1756,P240502738,MYB32-55-AS551-20-K,05/06/2024,60
1757,P240502739,MYB40-55-AS552-20-K,05/06/2024,56
1722,P240501446,C9640ABAC959-30K,04/06/2024,70
1731,P240501465,P7471701-M,04/06/2024,48
1732,P240501466,C2Q80G-F2258-20K,04/06/2024,30
1733,P240501467,C2QA0G-F2259-20K,04/06/2024,12
1734,P240501469,CQS20-02-J4468-K,04/06/2024,96
1735,P240501470,CQS25-02-J4469-K,04/06/2024,77
1736,P240501404,C2Q40A-AD139A30K,04/06/2024,54
1737,P240501405,C2Q50A-AD140A30K,04/06/2024,35
1738,P240501409,P3802401B-M,04/06/2024,216
1739,P240501410,P3802501B-M,04/06/2024,135
1730,P240501464,P4811321-M,04/06/2024,48
1729,P240501463,P3315661-M,04/06/2024,16
1728,P240501462,MGZ80LBY0501-20K,04/06/2024,12
1723,P240501450,P4730001-D,04/06/2024,300
1724,P240501458,C2Q80A-AD142-20K,04/06/2024,60
1725,P240501459,C2QA0A-AD143-20K,04/06/2024,36
1726,P240501460,MB-A0-32-C6781-K,04/06/2024,8
1727,P240501461,MGP50A-AC897-20K,04/06/2024,14
1718,P240501424,XLA40-1B-S,04/06/2024,300
1719,P240501432,P6260301-D,04/06/2024,42
1721,P240501443,C2Q50A-AD140A20K,04/06/2024,30
1720,P240501433,P6260401-D,04/06/2024,90
1740,P240501413,P3800101B-M,04/06/2024,260
1741,P240501415,P3800301B-M,04/06/2024,117
1839,P240502736,NCA400-03-AV290-20K,04/06/2024,4
1717,P240501423,XLA25-1B-S,04/06/2024,36
1750,P240502735,NCA400-02-AV290-20K,04/06/2024,9
1754,P240502739,MYB40-55-AS552-20-K,04/06/2024,2
1753,P240502738,MYB32-55-AS551-20-K,04/06/2024,2
1752,P240502737,MYB25-55-AS550-20-K,04/06/2024,4
1749,P240502734,NCA325-03-AV289-20K,04/06/2024,4
1748,P240502733,NCA325-02-AV289-20K,04/06/2024,9
1742,P240502727,N2A150-02-AV286-20K,04/06/2024,8
1743,P240502728,NCA150-03-AV286-20K,04/06/2024,4
1744,P240502729,NCA200-02-AV287-20K,04/06/2024,8
1745,P240502730,NCA200-03-AV287-20K,04/06/2024,4
1747,P240502732,NCA250-03-AV288-20K,04/06/2024,4
1746,P240502731,NCA250-02-AV288-20K,04/06/2024,8
1716,P240502675,C2M020K02-68714B,28/05/2024,20
1714,P240401122,C9632ABAC958-30K,27/05/2024,193
1712,P240401113,S501A61T23X10X30,27/05/2024,286
1715,P240500590,C2QA0A-AD143-20K,27/05/2024,30
1710,P240401132,P3800402-M-2,27/05/2024,476
1709,P240401131,P6260401-D,27/05/2024,90
1707,P240401129,XLA16-1B-S,27/05/2024,275
1713,P240401117,S500A61T50X14X30,27/05/2024,60
1711,P240401133,P5053-1081,27/05/2024,420
1708,P240401130,XLA25-1B-S,27/05/2024,432
1705,P240401124,C9650ABAC960-30K,23/05/2024,80
1706,P240500575,C9663ABAC961-30K,23/05/2024,87
1704,P240401122,C9632ABAC958-30K,23/05/2024,159
1699,P240401129,XLA16-1B-S,21/05/2024,275
1701,P240401124,C9650ABAC960-30K,21/05/2024,120
1702,P240500574,C9640ABAC959-30K,21/05/2024,190
1703,P240500575,C9663ABAC961-30K,21/05/2024,105
1700,P240401130,XLA25-1B-S,21/05/2024,36
1689,P240401117,S500A61T50X14X30,17/05/2024,60
1690,P240401118,MGP50A-AC897-20K,17/05/2024,56
1691,P240401120,S500A61T80X17X20,17/05/2024,60
1692,P240401121,S500A61TA0X20X20,17/05/2024,36
1680,P240401128,SY7000-20-1,17/05/2024,84
1681,P240401129,XLA16-1B-S,17/05/2024,110
1682,P240401130,XLA25-1B-S,17/05/2024,36
1683,P240401131,P6260401-D,17/05/2024,30
1684,P240401133,P5053-1081,17/05/2024,210
1685,P240401134,MB-50-32-C6778-K,17/05/2024,105
1686,P240401138,MXH20-27-E7101-K,17/05/2024,72
1687,P240401111,APTE00-96000150-D,17/05/2024,231
1688,P240401115,C1G63L-AT036-30K,17/05/2024,56
1693,P240401123,C9640ABAC959-30K,17/05/2024,140
1694,P240401124,C9650ABAC960-30K,17/05/2024,80
1695,P240401125,C9663ABAC961-30K,17/05/2024,140
1696,P240401126,SY3000-20-1,17/05/2024,240
1697,P240500574,C9640ABAC959-30K,17/05/2024,20
1698,P240500575,C9663ABAC961-30K,17/05/2024,10
1677,P240401118,MGP50A-AC897-20K,09/05/2024,42
1676,P240401116,APTE00-96000152-D,09/05/2024,176
1675,P240401114,C1G50L-AT035-30K,09/05/2024,54
1674,P240401112,APTE00-98000565-D,09/05/2024,252
1673,P240401111,APTE00-96000150-D,09/05/2024,77
1671,P240401133,P5053-1081,09/05/2024,210
1670,P240401132,P3800402-M-2,09/05/2024,119
1669,P240401131,P6260401-D,09/05/2024,60
1678,P240401126,SY3000-20-1,09/05/2024,80
1679,P240401127,SY5000-20-1,09/05/2024,108
1672,P240401134,MB-50-32-C6778-K,09/05/2024,105
1667,P240500363,C2Q50A-AD140A30K,07/05/2024,20
1668,P240500362,C2Q32A-AD138A30K,07/05/2024,33
1665,P240401124,C9650ABAC960-30K,03/05/2024,160
1656,P240401135,CXS15A-BA022-20K,03/05/2024,104
1663,P240401122,C9632ABAC958-30K,03/05/2024,176
1662,P240401121,S500A61TA0X20X20,03/05/2024,24
1661,P240401120,S500A61T80X17X20,03/05/2024,80
1660,P240401119,MGP63A-AC908-20K,03/05/2024,10
1659,P240401118,MGP50A-AC897-20K,03/05/2024,14
1658,P240401137,MXH16-27-E7100-K,03/05/2024,110
1655,P240401130,XLA25-1B-S,03/05/2024,36
1664,P240401123,C9640ABAC959-30K,03/05/2024,140
1657,P240401136,CQS16-02-J4467-K,03/05/2024,140
1666,P240401125,C9663ABAC961-30K,03/05/2024,140
1653,P240300998,APTE00-98000404-D,22/04/2024,496
1652,P240300996,C1G63L-AT036-30K,22/04/2024,28
1654,P240400162,APTE00-96000150-D,22/04/2024,77
1650,P240300992,C2J16M-AF113-25K,22/04/2024,522
1648,P240301034,P4730005-D,22/04/2024,48
1647,P240301032,XLA40-1B-S,22/04/2024,80
1651,P240300995,C2M025K03-68715B,22/04/2024,170
1649,P240300991,APTE00-98000565-D,22/04/2024,126
1640,P240300999,APTE00-96000152-D,17/04/2024,176
1641,P240301014,XT686-1-420-1-2M,17/04/2024,15
1642,P240301017,C2X10J-K0456-20K,17/04/2024,576
1643,P240301018,C2X15J-K0457-20K,17/04/2024,414
1644,P240301022,MXH10-27-E7099-K,17/04/2024,154
1645,P240301031,XLA16-1B-S,17/04/2024,275
1646,P240100603,P6260401-D,17/04/2024,30
1639,P240400427,C3G63K02-AG006,15/04/2024,3
1624,P240300999,APTE00-96000152-D,12/04/2024,188
1633,P240400164,C9640ABAC959-30K,12/04/2024,70
1632,P240300995,C2M025K03-68715B,12/04/2024,170
1631,P240300994,C2M025K02-68715B,12/04/2024,340
1630,P240300993,C2M020K03-68714B,12/04/2024,273
1629,P240301035,C2Q32A-AD138A20K,12/04/2024,63
1628,P240301032,XLA40-1B-S,12/04/2024,60
1627,P240301030,SY7000-20-1,12/04/2024,42
1626,P240301029,SY3000-20-1,12/04/2024,80
1625,P240301007,C2Q80A-AD142-20K,12/04/2024,12
1634,P240400165,C9650ABAC960-30K,12/04/2024,120
1635,P240400166,C9663ABAC961-30K,12/04/2024,210
1636,P240400163,C9632ABAC958-30K,12/04/2024,88
1637,P240400167,SY3000-20-1,12/04/2024,80
1614,P240301001,P4814201-MH1,08/04/2024,140
1623,P240300997,MGP32A-AC905-30K,08/04/2024,33
1616,P240301004,C2Q63-02-J1429-K,08/04/2024,20
1617,P240301011,S502A61TA0X20X20,08/04/2024,12
1618,P240301021,MTS32-02-J3854-K,08/04/2024,63
1621,P240301036,C2Q40A-AD139A20K,08/04/2024,96
1622,P240300991,APTE00-98000565-D,08/04/2024,126
1620,P240301033,C2Q32-04-J0779-K,08/04/2024,300
1615,P240301003,C2Q100K31-49706A,08/04/2024,12
1619,P240301032,XLA40-1B-S,08/04/2024,140
1611,P240301027,CYR50L-AX667-20K,05/04/2024,24
1610,P240301026,CYR63K-AX668-20K,05/04/2024,15
1608,P240301024,CYR40K-AX666-20K,05/04/2024,35
1607,P240301023,CYR32K-AX665-20K,05/04/2024,48
1606,P240301020,C2A40E-AA698-15K,05/04/2024,304
1605,P240301019,C1SA6E-Q4561-15K,05/04/2024,108
1604,P240301016,C2QA0G-F2259-20K,05/04/2024,12
1603,P240301015,C2Q80G-F2258-20K,05/04/2024,15
1602,P240301014,XT686-1-420-1-2M,05/04/2024,15
1612,P240301028,CYR63L-AX668-20K,05/04/2024,15
1613,P240301032,XLA40-1B-S,05/04/2024,20
1609,P240301025,CYR50K-AX667-20K,05/04/2024,20
1590,P240300999,APTE00-96000152-D,03/04/2024,164
1591,P240300998,APTE00-98000404-D,03/04/2024,248
1592,P240301000,S502A61T80X17X20,03/04/2024,60
1593,P240301002,C2Q080K31-49705A,03/04/2024,20
1594,P240301005,C2Q63L-AD141-20K,03/04/2024,20
1595,P240301006,C2Q80L-AD142-20K,03/04/2024,12
1598,P240301009,P3315661-M,03/04/2024,32
1596,P240301007,C2Q80A-AD142-20K,03/04/2024,12
1597,P240301008,MGZ80LBY0501-20K,03/04/2024,12
1599,P240301010,S500A61TA0X20X20,03/04/2024,12
1600,P240301012,XLA50-1B-S,03/04/2024,80
1601,P240301013,XLA63-1B,03/04/2024,18
1587,P240200685,C2M025K02-68715B,14/03/2024,510
1588,P240200686,C2M025K03-68715B,14/03/2024,510
1589,P240200692,P3801101-M,14/03/2024,36
1581,P240200693,C2Q32A-AD138A20K,12/03/2024,126
1580,P240200692,P3801101-M,12/03/2024,36
1579,P240200691,P6260201-D,12/03/2024,112
1578,P240200690,MYB20LAA7164-20K,12/03/2024,350
1577,P240200689,C2Q40-04-J0780-K,12/03/2024,40
1576,P240200688,XLA40-1B-S,12/03/2024,300
1575,P240200686,C2M025K03-68715B,12/03/2024,170
1574,P240200685,C2M025K02-68715B,12/03/2024,170
1573,P240200684,C2M020K03-68714B,12/03/2024,273
1572,P240200683,C2M020K02-68714B,12/03/2024,546
1571,P240200710,CYR25J-AX664-20K,12/03/2024,70
1570,P240200709,CYR20J-AX663-20K,12/03/2024,88
1582,P240200694,C2Q50A-AD140A20K,12/03/2024,60
1583,P240200695,P4814101-MH1,12/03/2024,234
1584,P240200696,C1SA2E-AA749-15K,12/03/2024,140
1585,P240200697,C1SA6E-AA750-15K,12/03/2024,108
1586,P240200698,C2A63E-AA699-15K,12/03/2024,238
1569,P240300226,P79001005-M,07/03/2024,20
1568,P240200687,APTE00-96000152-D,07/03/2024,176
1559,P240300165,NCA250-02-AV288-20K,06/03/2024,1
1560,P240300166,NCA325-02-AV289-20K,06/03/2024,1
1561,P240300167,NCA325-03-AV289-20K,06/03/2024,1
1562,P240300168,NCA400-02-AV290-20K,06/03/2024,1
1551,P240200701,CYR32-32-786GL,06/03/2024,36
1549,P240200699,C2A80E-AA700-15K,06/03/2024,180
1550,P240200700,CYP32K-R5501-20K,06/03/2024,16
1552,P240200702,CYR10K-AX661-20K,06/03/2024,192
1553,P240200703,CYR15K-AX662-20K,06/03/2024,130
1558,P240200708,CYR15J-AX662-20K,06/03/2024,117
1554,P240200704,CYR20K-AX663-20K,06/03/2024,88
1555,P240200705,CYR25K-AX664-20K,06/03/2024,70
1557,P240200707,CYR10J-AX661-20K,06/03/2024,176
1563,P240300169,NCA400-03-AV290-20K,06/03/2024,1
1564,P240300161,N2A150-02-AV286-20K,06/03/2024,1
1556,P240200706,CYR06J-AX660-20K,06/03/2024,280
1565,P240300162,NCA150-03-AV286-20K,06/03/2024,1
1566,P240300163,NCA200-02-AV287-20K,06/03/2024,1
1567,P240300164,NCA200-03-AV287-20K,06/03/2024,1
1548,P231100937,MGP80A-AC909-20K,04/03/2024,20
1547,P240100603,P6260401-D,27/02/2024,30
1543,P240100608,MTS16-02-J3851-K,23/02/2024,156
1544,P240200103,C2Q32A-AD138A20K,23/02/2024,2
1545,P240200104,MGP50A-AC897-20K,23/02/2024,2
1546,P240200105,C2M020K02-68714B,23/02/2024,5
1539,P240100600,C2Q40-04-J0780-K,05/02/2024,40
1538,P240100599,XLA25-1B-S,05/02/2024,540
1541,P240100602,P6260301-D,05/02/2024,84
1542,P240100604,C2Q50A-AD140A20K,05/02/2024,120
1540,P240100601,P6260201-D,05/02/2024,168
1536,P240100614,P3800403-MH2,05/02/2024,56
1537,P240100598,VJ100-16-7,05/02/2024,304
1535,P240100613,P3800303-MH1,05/02/2024,90
1534,P240100612,P3800203-MH1,01/02/2024,132
1533,P240100611,P3800103-MH1,01/02/2024,195
1532,P240100610,MTS25-02-J3853-K,01/02/2024,90
1530,P240100607,MTS12-02-J3850-K,01/02/2024,196
1529,P240100606,CYP15K-R5500-20K,01/02/2024,42
1528,P240100605,CQS12-02-J4466-K,01/02/2024,176
1531,P240100609,MTS20-02-J3852-K,01/02/2024,110
1526,P240100402,P3910016,25/01/2024,1
1527,P240100403,P3910017,25/01/2024,1
1524,P231200349,XLA40-1B-S,25/01/2024,80
1525,P231200353,MXH16-47A7630K-K,25/01/2024,672
1522,P231200349,XLA40-1B-S,18/01/2024,100
1523,P231200353,MXH16-47A7630K-K,18/01/2024,528
1520,P231200358,P3910016,12/01/2024,30
1519,P231200357,MYM20LAK0501-20K,12/01/2024,50
1518,P231200356,C1GA0L-M3207-20K,12/01/2024,8
1517,P231200355,XLS25-1-1B,12/01/2024,36
1515,P231200352,C2Q40A-AD139A20K,12/01/2024,96
1521,P240100007,XLA40-1B-S,12/01/2024,300
1510,P231200347,S500A61T80X17X20,12/01/2024,20
1511,P231200348,XLA25-1B-S,12/01/2024,216
1512,P231200349,XLA40-1B-S,12/01/2024,20
1513,P231200350,P6260301-D,12/01/2024,252
1514,P231200351,C2Q32A-AD138A20K,12/01/2024,126
1516,P231200354,P5053-1081,12/01/2024,420
1509,P231200205,XLA40-1B-S,25/12/2023,60
1508,P231100932,P6260301-D,25/12/2023,252
1507,P231100936,MB-A0-32-C6781-K,25/12/2023,32
1506,P231100935,XLS25-1-1B,25/12/2023,36
1504,P231200204,C2Q40A-AD139A20K,22/12/2023,24
1503,P231100932,P6260301-D,22/12/2023,84
1502,P231100931,P6260201-D,22/12/2023,168
1501,P231100941,P40606002-D,22/12/2023,54
1500,P231100938,P40106002-D,22/12/2023,54
1499,P231100936,MB-A0-32-C6781-K,22/12/2023,24
1497,P231100934,P5053-1081,22/12/2023,70
1496,P231100933,MXH16-47A7630K-K,22/12/2023,256
1498,P231100935,XLS25-1-1B,22/12/2023,36
1505,P231200205,XLA40-1B-S,22/12/2023,40
1492,P231100933,MXH16-47A7630K-K,15/12/2023,160
1493,P231100935,XLS25-1-1B,15/12/2023,36
1494,P231100931,P6260201-D,15/12/2023,112
1495,P231100932,P6260301-D,15/12/2023,84
1491,P231200093,S501A61T27X12X30,08/12/2023,6
1489,P231200091,APTE00-98000565-D,08/12/2023,7
1488,P231100931,P6260201-D,08/12/2023,56
1487,P231100930,MYB20LAA7164-20K,08/12/2023,70
1486,P231100936,MB-A0-32-C6781-K,08/12/2023,8
1485,P231100935,XLS25-1-1B,08/12/2023,36
1484,P231100934,P5053-1081,08/12/2023,490
1483,P231100933,MXH16-47A7630K-K,08/12/2023,208
1490,P231200092,CG-040K02-35903A,08/12/2023,2
1127,P230300933,XLS25-1-1B,04/12/2023,36
1125,P230300930,C2P16K-AB842-20K,04/12/2023,896
1124,P230300928,CXS20A-BA023-20K,04/12/2023,77
1123,P230300924,P6260301-D,04/12/2023,168
1122,P230300921,C2Q40-04-J0780-K,04/12/2023,40
1121,P230300920,XLA40-1B-S,04/12/2023,140
1120,P230300916,SY50M-20-E-1,04/12/2023,40
1119,P230300911,DXT155-38-1,04/12/2023,140
1126,P230300932,P3315261-M,04/12/2023,224
1474,P231100933,MXH16-47A7630K-K,02/12/2023,96
1475,P231100934,P5053-1081,02/12/2023,280
1476,P231100938,P40106002-D,02/12/2023,54
1477,P231100939,P40108002-D,02/12/2023,80
1478,P231100940,P40109002-D,02/12/2023,140
1479,P231100941,P40606002-D,02/12/2023,54
1480,P231100942,P4811321-M,02/12/2023,96
1481,P231100930,MYB20LAA7164-20K,02/12/2023,70
1482,P231100932,P6260301-D,02/12/2023,84
1469,P231000473,XLA25-1B-S,28/11/2023,36
1470,P231000482,P3315261-M,28/11/2023,168
1471,P231000494,C9640ABAC959-30K,28/11/2023,60
1472,P231000496,C9663ABAC961-30K,28/11/2023,28
1473,P231100337,P5053-1081,28/11/2023,140
1459,P231000470,C1G32L-AT033-30K,22/11/2023,117
1460,P231000477,P4730002-D,22/11/2023,104
1461,P231000478,P6260201-D,22/11/2023,168
1462,P231000487,MB-80-32-C6780-K,22/11/2023,45
1463,P231000488,MGP50A-AC897-20K,22/11/2023,98
1464,P231000489,MGP50A-AC907-20K,22/11/2023,98
1465,P231000492,P3910018,22/11/2023,32
1466,P231000493,C9632ABAC958-30K,22/11/2023,77
1467,P231000495,C9650ABAC960-30K,22/11/2023,40
1468,P231100197,XLA40-1B-S,22/11/2023,100
1451,P231000473,XLA25-1B-S,13/11/2023,180
1450,P231000470,C1G32L-AT033-30K,13/11/2023,117
1449,P231000469,C2M025K03-68715B,13/11/2023,340
1446,P231000466,C2M020K02-68714B,13/11/2023,273
1447,P231000467,C2M020K03-68714B,13/11/2023,546
1452,P231000474,XLA40-1B-S,13/11/2023,80
1453,P231000479,CXS06A-R6000-20K,13/11/2023,234
1454,P231000480,C2Q50A-AD140A20K,13/11/2023,120
1455,P231000481,MXH16-47A7630K-K,13/11/2023,128
1456,P231000482,P3315261-M,13/11/2023,56
1457,P231000483,VP300-22,13/11/2023,72
1458,P231000487,MB-80-32-C6780-K,13/11/2023,15
1448,P231000468,C2M025K02-68715B,13/11/2023,340
1445,P231000481,MXH16-47A7630K-K,07/11/2023,288
1439,P231000466,C2M020K02-68714B,07/11/2023,273
1440,P231000469,C2M025K03-68715B,07/11/2023,170
1441,P231000471,APTE00-96000152-D,07/11/2023,176
1442,P231000473,XLA25-1B-S,07/11/2023,72
1443,P231000475,MYB16LAA7163-20K,07/11/2023,264
1444,P231000477,P4730002-D,07/11/2023,104
1428,P231000468,C2M025K02-68715B,03/11/2023,170
1429,P231000472,C2Q50A-AD140A20K,03/11/2023,30
1430,P231000474,XLA40-1B-S,03/11/2023,80
1431,P231000475,MYB16LAA7163-20K,03/11/2023,88
1432,P231000476,MYB20LAA7164-20K,03/11/2023,210
1433,P231000478,P6260201-D,03/11/2023,56
1434,P231000480,C2Q50A-AD140A20K,03/11/2023,150
1435,P231000490,MGZ63LBQ5434-20K,03/11/2023,20
1436,P231000491,P3910017,03/11/2023,40
1437,P231100027,C2Q50A-AD140A20K,03/11/2023,10
1438,P231100028,C2J16M-AF113-25K,03/11/2023,12
1418,P231000481,MXH16-47A7630K-K,01/11/2023,288
1417,P231000480,C2Q50A-AD140A20K,01/11/2023,90
1416,P231000474,XLA40-1B-S,01/11/2023,40
1415,P231000473,XLA25-1B-S,01/11/2023,252
1414,P231000469,C2M025K03-68715B,01/11/2023,340
1413,P231000468,C2M025K02-68715B,01/11/2023,340
1419,P231000484,C2Q40-02-J0786-K,01/11/2023,96
1420,P231000485,C2Q50-02-J0787-K,01/11/2023,60
1421,P231000486,C2Q50L-AD140-20K,01/11/2023,120
1422,P231000487,MB-80-32-C6780-K,01/11/2023,60
1423,P231000488,MGP50A-AC897-20K,01/11/2023,14
1424,P231000489,MGP50A-AC907-20K,01/11/2023,14
1425,P231000490,MGZ63LBQ5434-20K,01/11/2023,100
1426,P231000491,P3910017,01/11/2023,80
1427,P231000492,P3910018,01/11/2023,64
1409,P230900287,C2Q032K31-49701A,26/10/2023,351
1410,P230900294,XLA40-3-1B,26/10/2023,96
1411,P230900295,XLA50-3-1B,26/10/2023,300
1412,P230900278,SY7000-20-1,26/10/2023,84
1404,P230900287,C2Q032K31-49701A,25/10/2023,117
1405,P230900288,C2Q32L-AD138-20K,25/10/2023,63
1406,P230900291,MGP50A-AC897-20K,25/10/2023,14
1407,P230900293,MGP63A-AC908-20K,25/10/2023,20
1408,P230900294,XLA40-3-1B,25/10/2023,96
1393,P230900284,C2Q040K31-49702A,18/10/2023,70
1394,P230900287,C2Q032K31-49701A,18/10/2023,117
1395,P230900288,C2Q32L-AD138-20K,18/10/2023,63
1396,P230900290,MB-63-32-C6779-K,18/10/2023,24
1397,P230900291,MGP50A-AC897-20K,18/10/2023,42
1398,P230900292,MGP50A-AC907-20K,18/10/2023,14
1399,P230900276,APTE00-96000152-D,18/10/2023,176
1400,P230900279,XLA25-1B-S,18/10/2023,288
1401,P230900281,C2Q63-04-J0782AK,18/10/2023,36
1402,P231000403,C2Q50-04-J0781-K,18/10/2023,12
1403,P231000402,S501A61T14X06X30,18/10/2023,3
1380,P231000249,C2Q50-04-J0781-K,12/10/2023,1
1379,P230900280,C2Q40-04-J0780-K,12/10/2023,200
1378,P230900279,XLA25-1B-S,12/10/2023,108
1377,P230900277,DXT199-20-23,12/10/2023,77
1376,P230900288,C2Q32L-AD138-20K,12/10/2023,63
1375,P230900286,VJ3000-20-10,12/10/2023,154
1374,P230900285,P5053-1081,12/10/2023,210
1373,P230900283,P3801101-M,12/10/2023,36
1372,P230900282,P6260301-D,12/10/2023,168
1381,P231000172,C2Q25G-P1283-30K,12/10/2023,7
1382,P231000173,C2Q32G-P1284-30K,12/10/2023,4
1383,P231000174,C2Q40G-P1285-30K,12/10/2023,5
1392,P231000171,S500A61T63X14X20,12/10/2023,7
1391,P231000170,S500A61T50X14X30,12/10/2023,6
1390,P231000181,C2Q63G-F2257-20K,12/10/2023,5
1389,P231000180,C2Q50G-F2256-30K,12/10/2023,5
1388,P231000179,S501A61T43X16X30,12/10/2023,4
1387,P231000178,S501A61T35X16X30,12/10/2023,10
1386,P231000177,S501A61T23X10X30,12/10/2023,4
1385,P231000176,S501A61T19X08X30,12/10/2023,8
1384,P231000175,S501A61T14X06X30,12/10/2023,3
1366,P230900285,P5053-1081,07/10/2023,210
1367,P230900289,MB-50-32-C6778-K,07/10/2023,70
1368,P230900293,MGP63A-AC908-20K,07/10/2023,20
1369,P230900278,SY7000-20-1,07/10/2023,42
1370,P230900279,XLA25-1B-S,07/10/2023,144
1356,P230900287,C2Q032K31-49701A,03/10/2023,117
1357,P230900288,C2Q32L-AD138-20K,03/10/2023,189
1358,P230900289,MB-50-32-C6778-K,03/10/2023,140
1359,P230900290,MB-63-32-C6779-K,03/10/2023,120
1360,P230900291,MGP50A-AC897-20K,03/10/2023,56
1361,P230900292,MGP50A-AC907-20K,03/10/2023,98
1362,P230900294,XLA40-3-1B,03/10/2023,96
1363,P230900295,XLA50-3-1B,03/10/2023,60
1364,P231000003,P3552332-0101M,03/10/2023,9
1365,P231000004,P3552342-0101M,03/10/2023,7
1346,P230800711,P4730002-D,25/09/2023,104
1345,P230800709,C2Q40-04-J0780-K,25/09/2023,80
1344,P230800707,XLA25-1B-S,25/09/2023,72
1342,P230800703,DXT201-13-13,25/09/2023,320
1340,P230800723,P5053-1082,25/09/2023,140
1347,P230800712,P4730003-D,25/09/2023,378
1348,P230800721,P4811001-M,25/09/2023,836
1355,P230200542,CXS06A-R6000-20K,25/09/2023,1170
1354,P230900162,APTE00-96000150-D,25/09/2023,8
1353,P230900161,C2Q12A-AD367-20K,25/09/2023,10
1352,P230900160,P5053-1081,25/09/2023,140
1350,P230800724,P5053-1083,25/09/2023,120
1325,P230800704,SY5000-20-1,21/09/2023,108
1326,P230800707,XLA25-1B-S,21/09/2023,144
1327,P230800708,XLA16-3-1B,21/09/2023,77
1328,P230800709,C2Q40-04-J0780-K,21/09/2023,120
1329,P230800711,P4730002-D,21/09/2023,104
1330,P230800712,P4730003-D,21/09/2023,504
1331,P230800720,MB-32-32-C6776-K,21/09/2023,108
1332,P230800721,P4811001-M,21/09/2023,418
1333,P230800724,P5053-1083,21/09/2023,168
1334,P230800702,DXT192-11-3,21/09/2023,378
1314,P230800714,P6260301-D,18/09/2023,42
1313,P230800713,P4730005-D,18/09/2023,48
1312,P230800712,P4730003-D,18/09/2023,126
1311,P230800709,C2Q40-04-J0780-K,18/09/2023,120
1310,P230800708,XLA16-3-1B,18/09/2023,77
1309,P230800707,XLA25-1B-S,18/09/2023,144
1308,P230800706,XLA16-1B-S,18/09/2023,110
1307,P230800704,SY5000-20-1,18/09/2023,54
1315,P230800717,P3800402-M-2,18/09/2023,357
1316,P230800718,C2Q020K04-51396,18/09/2023,192
1320,P230800722,P5053-1081,18/09/2023,140
1324,P230800702,DXT192-11-3,18/09/2023,378
1323,P230800700,DXT155-38-1,18/09/2023,70
1322,P230800726,VP300-22,18/09/2023,72
1321,P230800725,VJ3000-20-10,18/09/2023,308
1319,P230800721,P4811001-M,18/09/2023,418
1318,P230800720,MB-32-32-C6776-K,18/09/2023,54
1317,P230800719,DXT199-20-1,18/09/2023,77
1298,P230800705,SY7000-20-1,12/09/2023,84
1299,P230800707,XLA25-1B-S,12/09/2023,180
1300,P230800712,P4730003-D,12/09/2023,126
1301,P230800715,P3319101-M,12/09/2023,476
1302,P230800716,P3319301-M,12/09/2023,198
1303,P230800717,P3800402-M-2,12/09/2023,119
1304,P230800719,DXT199-20-1,12/09/2023,77
1305,P230800720,MB-32-32-C6776-K,12/09/2023,54
1306,P230800700,DXT155-38-1,12/09/2023,280
1289,P230800706,XLA16-1B-S,07/09/2023,220
1290,P230800707,XLA25-1B-S,07/09/2023,108
1291,P230800710,MYB16LAA7163-20K,07/09/2023,176
1292,P230800712,P4730003-D,07/09/2023,252
1293,P230800713,P4730005-D,07/09/2023,48
1294,P230800714,P6260301-D,07/09/2023,126
1295,P230800717,P3800402-M-2,07/09/2023,238
1296,P230800700,DXT155-38-1,07/09/2023,70
1297,P230800701,DXT156-10-11,07/09/2023,200
1288,P230800704,SY5000-20-1,07/09/2023,108
1287,P230701093,APTE00-96000152-D,28/08/2023,352
1286,P230701094,C2Q32A-AD138A20K,10/08/2023,180
1278,P230700254,XLA16-1B-S,10/08/2023,110
1279,P230700256,XLA40-1B-S,10/08/2023,80
1280,P230700261,P5053-1082,10/08/2023,35
1281,P230700242,C3G40K02-AG004,10/08/2023,77
1282,P230700244,C1G20K02-AM405,10/08/2023,247
1283,P230700245,C1G25K02-AM406,10/08/2023,160
1284,P230700247,C1G40L-AT034-30K,10/08/2023,77
1285,P230800133,C2Q50A-AD140A20K,10/08/2023,126
1267,P230700252,DXT192-11-3,05/08/2023,126
1268,P230700254,XLA16-1B-S,05/08/2023,220
1269,P230700255,XLA25-1B-S,05/08/2023,252
1270,P230700256,XLA40-1B-S,05/08/2023,100
1271,P230700258,P6260301-D,05/08/2023,126
1272,P230700260,P4730001-D,05/08/2023,150
1273,P230700261,P5053-1082,05/08/2023,70
1274,P230700246,C1G32L-AT033-30K,05/08/2023,117
1275,P230700249,APTE00-96000152-D,05/08/2023,176
1276,P230700250,DXT155-38-1,05/08/2023,140
1277,P230700263,P3311602-M,05/08/2023,42
1259,P230700257,P4730003-D,02/08/2023,252
1258,P230700256,XLA40-1B-S,02/08/2023,120
1257,P230700255,XLA25-1B-S,02/08/2023,288
1256,P230700254,XLA16-1B-S,02/08/2023,220
1255,P230700253,SY5000-20-1,02/08/2023,108
1260,P230700258,P6260301-D,02/08/2023,42
1261,P230700259,CQS16-04-F6465-K,02/08/2023,140
1262,P230700260,P4730001-D,02/08/2023,150
1263,P230700262,VJ3000-20-10,02/08/2023,154
1264,P230700243,C3G50K02-AG005,02/08/2023,54
1265,P230700248,C1G50L-AT035-30K,02/08/2023,54
1266,P230700251,DXT156-10-11,02/08/2023,50
1245,P230700216,C2Q16A-AD368-20K,24/07/2023,140
1244,P230700215,C2Q32-04-J0779-K,24/07/2023,60
1243,P230700214,P4730004-D,24/07/2023,144
1242,P230700213,C2Q50A-AD140A20K,24/07/2023,30
1241,P230700212,P6260201-D,24/07/2023,112
1240,P230700211,C2Q40-04-J0780-K,24/07/2023,120
1239,P230700210,C2U32A-AS925-20K,24/07/2023,49
1246,P230700217,C2Q50-04-J0781-K,24/07/2023,28
1247,P230700218,P3315161-M,24/07/2023,90
1254,P230700209,MXH16-47A7630K-K,24/07/2023,32
1253,P230700208,V100-75-25,24/07/2023,150
1252,P230700207,P3801101-M,24/07/2023,36
1251,P230700206,SY50M-20-E-1,24/07/2023,40
1250,P230700205,SY30M-20-E-1,24/07/2023,567
1249,P230700220,P6260401-D,24/07/2023,30
1248,P230700219,C2U20A-AS923-20K,24/07/2023,363
1231,P230600674,VJ100-16-7,18/07/2023,304
1232,P230600677,P6260301-D,18/07/2023,252
1233,P230600681,P4811101-M-2,18/07/2023,544
1234,P230600682,P4811201-M-1,18/07/2023,936
1235,P230600683,P5053-1082,18/07/2023,105
1236,P230600684,P5053-1083,18/07/2023,48
1237,P230600688,C3G63K02-AG006,18/07/2023,56
1238,P230600689,C1G63L-AT036-30K,18/07/2023,28
1218,P230600687,S502A61T20X05X27,13/07/2023,375
1217,P230600686,S502A61T63X13X20,13/07/2023,35
1216,P230600685,S502A61T50X13X27,13/07/2023,60
1215,P230600684,P5053-1083,13/07/2023,48
1214,P230600680,P4811001-M,13/07/2023,418
1213,P230600679,C2Q020K04-51396,13/07/2023,288
1212,P230600678,P3319101-M,13/07/2023,476
1211,P230600676,P6260201-D,13/07/2023,224
1210,P230600675,XLA16-1B-S,13/07/2023,165
1209,P230600674,VJ100-16-7,13/07/2023,304
1219,P230600688,C3G63K02-AG006,13/07/2023,56
1220,P230600689,C1G63L-AT036-30K,13/07/2023,56
1230,P230700120,DXT199-20-23,13/07/2023,4
1229,P230700017,C2M040K03-68717B,13/07/2023,13
1228,P230700016,C2M040K02-68717B,13/07/2023,10
1227,P230700015,C2M032K03-68716B,13/07/2023,20
1226,P230700014,C2M032K02-68716B,13/07/2023,16
1225,P230700013,C2M025K03-68715B,13/07/2023,18
1224,P230700012,C2M025K02-68715B,13/07/2023,18
1223,P230700011,C2M020K03-68714B,13/07/2023,18
1222,P230700010,C2M020K02-68714B,13/07/2023,17
1221,P230600690,APTE00-96000152-D,13/07/2023,176
1203,P230600673,DXT156-10-11,06/07/2023,200
1204,P230600675,XLA16-1B-S,06/07/2023,110
1205,P230600677,P6260301-D,06/07/2023,252
1206,P230600681,P4811101-M-2,06/07/2023,544
1207,P230600682,P4811201-M-1,06/07/2023,312
1208,P230600672,DXT155-38-1,06/07/2023,140
1202,P230602233,C2Q50A-AD140A20K,03/07/2023,30
1201,P230600001,APTE00-96000152-D,23/06/2023,176
1200,P230600347,C2Q32A-AD138A20K,22/06/2023,10
1199,P230600434,C2Q50A-AD140A20K,21/06/2023,5
1198,P230600433,C2Q16A-AD368-20K,21/06/2023,1
1196,P230500949,SY30M-20-E-1,14/06/2023,693
1197,P230500950,SY50M-20-E-1,14/06/2023,80
1184,P230500947,DXT199-20-23,09/06/2023,154
1185,P230500949,SY30M-20-E-1,09/06/2023,252
1186,P230500950,SY50M-20-E-1,09/06/2023,280
1187,P230500952,XLA40-1B-S,09/06/2023,60
1188,P230500953,P4730005-D,09/06/2023,96
1189,P230500955,P3319101-M,09/06/2023,476
1190,P230500956,P3801101-M,09/06/2023,72
1191,P230500957,CQS25-04-F6467-K,09/06/2023,77
1192,P230500958,C2Q016K04-56564,09/06/2023,140
1193,P230500959,CQS16-04-F6463-K,09/06/2023,140
1194,P230500960,C2Q25A-AD137A20K,09/06/2023,77
1195,P230500961,P5053-1083,09/06/2023,24
1182,P230600318,C2Q50A-AD140A20K,08/06/2023,5
1183,P230600334,C2Q50A-AD140A20K,08/06/2023,5
1174,P230500948,DXT201-13-13,06/06/2023,80
1175,P230500949,SY30M-20-E-1,06/06/2023,693
1176,P230500950,SY50M-20-E-1,06/06/2023,120
1177,P230500951,XLA25-1B-S,06/06/2023,180
1178,P230500952,XLA40-1B-S,06/06/2023,60
1179,P230500953,P4730005-D,06/06/2023,48
1180,P230500954,P6260301-D,06/06/2023,126
1181,P230600002,C2Q16A-AD368-20K,06/06/2023,10
1169,P230500949,SY30M-20-E-1,03/06/2023,630
1170,P230500950,SY50M-20-E-1,03/06/2023,80
1171,P230500952,XLA40-1B-S,03/06/2023,200
1172,P230500954,P6260301-D,03/06/2023,42
1173,P230500946,DXT155-38-1,03/06/2023,70
1168,P230401248,P4811401-M-1,23/05/2023,64
1161,P230401234,DXT155-38-1,22/05/2023,70
1155,P230401236,SY30M-20-E-1,17/05/2023,315
1154,P230401233,C3G63K02-AG006,17/05/2023,56
1157,P230401238,VJ100-16-7,17/05/2023,912
1158,P230401239,XLA16-1B-S,17/05/2023,55
1159,P230401243,P3319201-M,17/05/2023,308
1156,P230401237,SY50M-20-E-1,17/05/2023,400
1160,P230401245,P3319401-M,17/05/2023,140
1162,P230401237,SY50M-20-E-1,17/05/2023,160
1163,P230401239,XLA16-1B-S,17/05/2023,55
1164,P230401244,P3319301-M,17/05/2023,198
1165,P230401246,CXS20A-BA023-20K,17/05/2023,462
1166,P230401247,MGJ06K-BA394-20K,17/05/2023,238
1167,P230401249,P5053-1082,17/05/2023,175
1148,P230401236,SY30M-20-E-1,12/05/2023,819
1149,P230401237,SY50M-20-E-1,12/05/2023,40
1150,P230401240,XLA40-1B-S,12/05/2023,120
1151,P230401241,P6260201-D,12/05/2023,280
1152,P230401243,P3319201-M,12/05/2023,154
1153,P230401244,P3319301-M,12/05/2023,99
1140,P230401235,SY7000-20-1,08/05/2023,84
1141,P230401236,SY30M-20-E-1,08/05/2023,126
1142,P230401237,SY50M-20-E-1,08/05/2023,200
1143,P230401238,VJ100-16-7,08/05/2023,608
1144,P230401239,XLA16-1B-S,08/05/2023,165
1145,P230401240,XLA40-1B-S,08/05/2023,200
1146,P230401242,P3319101-M,08/05/2023,238
1147,P230401249,P5053-1082,08/05/2023,70
1117,P230300931,MB-32-32-C6776-K,04/05/2023,54
1116,P230300922,CUJ12A-AD252-20K,04/05/2023,225
1115,P230300920,XLA40-1B-S,04/05/2023,100
1114,P230300919,XLA25-1B-S,04/05/2023,216
1118,P230300932,P3315261-M,04/05/2023,56
1139,P230300923,P6260201-D,24/04/2023,280
1134,P230400181,S500A61T16X05X30,20/04/2023,5
1138,P230400185,S501A61T23X10X30,20/04/2023,4
1137,P230400184,S501A61T19X08X30,20/04/2023,4
1136,P230400183,S501A61T14X06X30,20/04/2023,4
1135,P230400182,S500A61T20X05X30,20/04/2023,5
1133,P230400180,S500A61T12X04X30,20/04/2023,7
1132,P230400179,C2Q12G-P1280-30K,20/04/2023,3
1128,P230300910,APTE00-96000152-D,19/04/2023,176
1129,P230300916,SY50M-20-E-1,19/04/2023,120
1130,P230300929,C2Q012K04-56563,19/04/2023,176
1131,P230300932,P3315261-M,19/04/2023,56
1109,P230300914,SY7000-20-1,04/04/2023,84
1110,P230300919,XLA25-1B-S,04/04/2023,180
1111,P230300920,XLA40-1B-S,04/04/2023,120
1112,P230300923,P6260201-D,04/04/2023,56
1113,P230300931,MB-32-32-C6776-K,04/04/2023,54
1093,P230300933,XLS25-1-1B,03/04/2023,72
1092,P230300929,C2Q012K04-56563,03/04/2023,352
1091,P230300928,CXS20A-BA023-20K,03/04/2023,154
1090,P230300927,P3800402-M-2,03/04/2023,833
1089,P230300919,XLA25-1B-S,03/04/2023,180
1088,P230300917,VJ100-16-7,03/04/2023,304
1087,P230300916,SY50M-20-E-1,03/04/2023,200
1086,P230300915,SY30M-20-E-1,03/04/2023,126
1094,P230300912,DXT156-10-11,01/04/2023,100
1095,P230300913,SY5000-20-1,01/04/2023,108
1096,P230300915,SY30M-20-E-1,01/04/2023,504
1097,P230300916,SY50M-20-E-1,01/04/2023,40
1098,P230300918,XLA16-1B-S,01/04/2023,275
1108,P230300933,XLS25-1-1B,01/04/2023,36
1107,P230300930,C2P16K-AB842-20K,01/04/2023,896
1106,P230300928,CXS20A-BA023-20K,01/04/2023,231
1105,P230300926,P3800302-M-1,01/04/2023,171
1104,P230300925,P6260401-D,01/04/2023,60
1103,P230300923,P6260201-D,01/04/2023,112
1102,P230300922,CUJ12A-AD252-20K,01/04/2023,225
1101,P230300921,C2Q40-04-J0780-K,01/04/2023,120
1100,P230300920,XLA40-1B-S,01/04/2023,40
1099,P230300919,XLA25-1B-S,01/04/2023,324
1073,P230200533,P4730003-D,27/03/2023,630
1072,P230200534,P4730004-D,27/03/2023,432
1071,P230200536,P6260201-D,27/03/2023,112
1070,P230200537,P6260301-D,27/03/2023,336
1069,P230200538,P6260401-D,27/03/2023,30
1068,P230200545,AXT663-1-X448,27/03/2023,176
1067,P230200547,C2P10K-AB841-20K,27/03/2023,680
1066,P230200548,C2P16K-AB842-20K,27/03/2023,448
1065,P230200550,C2U20A-AS923-20K,27/03/2023,726
1074,P230200532,P4730002-D,27/03/2023,312
1075,P230200531,CUJ16A-AD253-20K,27/03/2023,364
1076,P230200526,XLA40-1B-S,27/03/2023,220
1085,P230200513,CQS12-04-F6464-K,27/03/2023,176
1084,P230300617,S500A61T63X14X20,27/03/2023,6
1083,P230300619,C2Q50G-F2256-30K,27/03/2023,1
1082,P230300618,C2Q63G-F2257-20K,27/03/2023,6
1081,P230200557,V100-75-4,27/03/2023,160
1080,P230200418,S500A61T63X14X20,27/03/2023,35
1079,P230200422,C2Q63G-F2257-20K,27/03/2023,56
1078,P230200522,VJ100-16-7,27/03/2023,304
1077,P230200523,VJ3000-20-1,27/03/2023,154
1029,P230200544,AXT663-1-X437,20/03/2023,231
1030,P230200543,CXS20A-BA023-20K,20/03/2023,231
1031,P230200534,P4730004-D,20/03/2023,240
1032,P230200525,XLA25-1B-S,20/03/2023,180
1033,P230200524,XLA16-1B-S,20/03/2023,220
1034,P230200523,VJ3000-20-1,20/03/2023,154
1035,P230200521,SY50M-20-E-1,20/03/2023,200
1036,P230200512,CQS12-04-F6462-K,20/03/2023,352
1037,P230200556,P5053-1083,20/03/2023,48
1038,P230200555,P5053-1081,20/03/2023,140
1021,P230200548,C2P16K-AB842-20K,18/03/2023,448
1022,P230200533,P4730003-D,18/03/2023,378
1023,P230200532,P4730002-D,18/03/2023,104
1024,P230200421,C2Q50G-F2256-30K,18/03/2023,60
1025,P230200418,S500A61T63X14X20,18/03/2023,35
1026,P230200416,MGP40A-AC896-30K,18/03/2023,120
1027,P230200415,MGP32A-AC895-30K,18/03/2023,132
1028,P230200414,MGP16A-AC892-30K,18/03/2023,170
1011,P230200550,C2U20A-AS923-20K,17/03/2023,121
1012,P230200547,C2P10K-AB841-20K,17/03/2023,1020
1013,P230200538,P6260401-D,17/03/2023,240
1014,P230200535,P6260101-D,17/03/2023,72
1015,P230200531,CUJ16A-AD253-20K,17/03/2023,182
1016,P230200530,C2Q63-04-J0782AK,17/03/2023,72
1017,P230200521,SY50M-20-E-1,17/03/2023,160
1018,P230200518,DXT192-11-3,17/03/2023,126
1019,P230200557,V100-75-4,17/03/2023,80
1020,P230200514,CQS20-04-F6466-K,17/03/2023,192
999,P230200529,C2Q50-04-J0781-K,15/03/2023,112
998,P230200530,C2Q63-04-J0782AK,15/03/2023,36
997,P230200536,P6260201-D,15/03/2023,56
996,P230200538,P6260401-D,15/03/2023,30
995,P230200547,C2P10K-AB841-20K,15/03/2023,340
994,P230200548,C2P16K-AB842-20K,15/03/2023,224
993,P230200549,C2Q020K04-51396,15/03/2023,384
1008,P230200418,S500A61T63X14X20,15/03/2023,35
1000,P230200528,C2Q40-04-J0780-K,15/03/2023,200
1001,P230200526,XLA40-1B-S,15/03/2023,100
1002,P230200525,XLA25-1B-S,15/03/2023,216
1009,P230200414,MGP16A-AC892-30K,15/03/2023,170
1010,P230200412,MGP16A-AC902-30K,15/03/2023,85
1007,P230200513,CQS12-04-F6464-K,15/03/2023,176
1006,P230200515,APTE00-96000152-D,15/03/2023,176
1005,P230200554,P4811301-M-1,15/03/2023,200
1004,P230200555,P5053-1081,15/03/2023,140
1003,P230200557,V100-75-4,15/03/2023,80
980,P230200534,P4730004-D,13/03/2023,192
979,P230200535,P6260101-D,13/03/2023,216
978,P230200543,CXS20A-BA023-20K,13/03/2023,385
977,P230200544,AXT663-1-X437,13/03/2023,462
976,P230200545,AXT663-1-X448,13/03/2023,88
975,P230200548,C2P16K-AB842-20K,13/03/2023,448
974,P230200551,DXT199-20-1,13/03/2023,154
981,P230200533,P4730003-D,13/03/2023,189
982,P230200527,XLA25-3-1B,13/03/2023,108
983,P230200526,XLA40-1B-S,13/03/2023,80
984,P230200524,XLA16-1B-S,13/03/2023,330
992,P230200413,MGP12A-AC891-30K,13/03/2023,95
991,P230200418,S500A61T63X14X20,13/03/2023,35
990,P230200419,S502A61T50X13X27,13/03/2023,120
989,P230200420,S502A61T63X13X20,13/03/2023,105
988,P230200514,CQS20-04-F6466-K,13/03/2023,96
987,P230200557,V100-75-4,13/03/2023,80
986,P230200519,DXT199-20-23,13/03/2023,77
985,P230200523,VJ3000-20-1,13/03/2023,154
966,P230200550,C2U20A-AS923-20K,09/03/2023,484
967,P230200547,C2P10K-AB841-20K,09/03/2023,1020
968,P230200528,C2Q40-04-J0780-K,09/03/2023,120
969,P230200527,XLA25-3-1B,09/03/2023,108
970,P230200522,VJ100-16-7,09/03/2023,912
973,P230200421,C2Q50G-F2256-30K,09/03/2023,60
972,P230200419,S502A61T50X13X27,09/03/2023,60
971,P230200552,P3315161-M,09/03/2023,270
960,P230200530,C2Q63-04-J0782AK,07/03/2023,18
958,P230200543,CXS20A-BA023-20K,07/03/2023,154
959,P230200542,CXS06A-R6000-20K,07/03/2023,234
961,P230200525,XLA25-1B-S,07/03/2023,108
962,P230200518,DXT192-11-3,07/03/2023,252
963,P230200423,C2Q50A-AD140A20K,07/03/2023,60
964,P230200417,S500A61T50X14X30,07/03/2023,120
965,P230200415,MGP32A-AC895-30K,07/03/2023,33
953,P230200525,XLA25-1B-S,06/03/2023,36
954,P230200520,SY3000-20-1,06/03/2023,240
955,P230200517,DXT156-10-11,06/03/2023,100
956,P230200516,DXT155-38-1,06/03/2023,70
957,P221100646,APTE00-96000152-D,06/03/2023,88
952,P230200530,C2Q63-04-J0782AK,06/03/2023,54
950,P230200533,P4730003-D,06/03/2023,126
949,P230200541,P3800402-M-2,06/03/2023,595
951,P230200531,CUJ16A-AD253-20K,06/03/2023,182
936,P230200545,AXT663-1-X448,04/03/2023,88
940,P230200521,SY50M-20-E-1,04/03/2023,40
939,P230200536,P6260201-D,04/03/2023,56
938,P230200539,P3800202-M-1,04/03/2023,242
937,P230200540,P3800302-M-1,04/03/2023,684
935,P230200546,AXT835-30D-1,04/03/2023,300
941,P230200516,DXT155-38-1,04/03/2023,70
942,P230200557,V100-75-4,04/03/2023,80
943,P230200556,P5053-1083,04/03/2023,96
944,P230200553,P3318110-M,04/03/2023,416
945,P230200552,P3315161-M,04/03/2023,180
946,P230200513,CQS12-04-F6464-K,04/03/2023,176
948,P230200423,C2Q50A-AD140A20K,04/03/2023,30
947,P230200512,CQS12-04-F6462-K,04/03/2023,176
923,P230100466,P3315161-M,27/02/2023,450
924,P230100465,MXH16-47A7630K-K,27/02/2023,752
921,P230100446,SY50M-20-E-1,27/02/2023,320
920,P230100449,XLA25-1B-S,27/02/2023,864
919,P230100452,CUJ12A-AD252-20K,27/02/2023,225
918,P230100455,P6260401-D,27/02/2023,120
917,P221100646,APTE00-96000152-D,27/02/2023,88
925,P230100463,C2U20A-AS923-20K,27/02/2023,605
926,P230100486,C2Q20A-AD136A20K,27/02/2023,96
927,P230100485,C2Q16A-AD368-20K,27/02/2023,140
922,P230100470,VJ300-8-5,27/02/2023,168
934,P230100474,C3G25K02-AG002,27/02/2023,160
933,P230100473,C3G20K02-AG001,27/02/2023,741
932,P230100478,C1G20K02-AM405,27/02/2023,247
931,P230100479,C1G25K02-AM406,27/02/2023,160
930,P230100481,C1G40L-AT034-30K,27/02/2023,77
929,P230100482,C1G50L-AT035-30K,27/02/2023,162
928,P230100483,C1G63L-AT036-30K,27/02/2023,56
906,P230100455,P6260401-D,23/02/2023,30
907,P230100454,CUJ20A-AD254-20K,23/02/2023,528
908,P230100452,CUJ12A-AD252-20K,23/02/2023,225
909,P230100479,C1G25K02-AM406,23/02/2023,160
910,P230100478,C1G20K02-AM405,23/02/2023,247
911,P230100477,C3G50K02-AG005,23/02/2023,54
912,P230100475,C3G32K02-AG003,23/02/2023,234
913,P230100474,C3G25K02-AG002,23/02/2023,320
914,P230100469,P62104001-D,23/02/2023,120
915,P230100465,MXH16-47A7630K-K,23/02/2023,48
916,P230200206,XLA40-1B-S,23/02/2023,60
898,P230100449,XLA25-1B-S,21/02/2023,108
899,P230100448,XLA16-1B-S,21/02/2023,55
900,P230100446,SY50M-20-E-1,21/02/2023,80
901,P230100443,DXT192-11-3,21/02/2023,252
902,P230100481,C1G40L-AT034-30K,21/02/2023,77
903,P230100480,C1G32L-AT033-30K,21/02/2023,234
904,P230100470,VJ300-8-5,21/02/2023,336
905,P230100465,MXH16-47A7630K-K,21/02/2023,48
889,P230100451,C2Q63-04-J0782AK,20/02/2023,126
890,P230100450,C2Q32-04-J0779-K,20/02/2023,180
888,P230100452,CUJ12A-AD252-20K,20/02/2023,225
891,P230100449,XLA25-1B-S,20/02/2023,108
892,P230100444,DXT199-20-23,20/02/2023,77
893,P230100442,DXT156-10-11,20/02/2023,100
894,P230100477,C3G50K02-AG005,20/02/2023,108
896,P230100475,C3G32K02-AG003,20/02/2023,117
897,P230100466,P3315161-M,20/02/2023,270
895,P230100476,C3G40K02-AG004,20/02/2023,231
880,P230100459,CXS06A-R6000-20K,16/02/2023,468
881,P230100453,CUJ16A-AD253-20K,16/02/2023,364
882,P230100443,DXT192-11-3,16/02/2023,126
883,P230100484,C2Q12A-AD367-20K,16/02/2023,176
884,P230100469,P62104001-D,16/02/2023,360
885,P230100464,C2U32A-AS925-20K,16/02/2023,49
886,P230100462,AXT835-30D-1,16/02/2023,400
887,P230100461,AXT663-1-X437,16/02/2023,539
873,P230100460,CXS20A-BA023-20K,14/02/2023,385
874,P230100448,XLA16-1B-S,14/02/2023,110
875,P230100470,VJ300-8-5,14/02/2023,168
876,P230100469,P62104001-D,14/02/2023,240
877,P230100468,P4811301-M-1,14/02/2023,500
878,P230100464,C2U32A-AS925-20K,14/02/2023,245
879,P230100461,AXT663-1-X437,14/02/2023,231
862,P230100457,P3800302-M-1,10/02/2023,171
863,P230100453,CUJ16A-AD253-20K,10/02/2023,182
864,P230100445,SY5000-20-1,10/02/2023,108
865,P230100465,MXH16-47A7630K-K,10/02/2023,112
866,P230100462,AXT835-30D-1,10/02/2023,500
867,P230200146,CYV32C-R5503A20K,10/02/2023,7
868,P230100488,C2Q40A-AD139A20K,10/02/2023,48
869,P230200031,C2J16M-AF113-25K,10/02/2023,58
870,P230100472,C2J16M-AF113-25K,10/02/2023,464
871,P230200032,C2J10M-AF112-25K,10/02/2023,172
872,P230100471,C2J10M-AF112-25K,10/02/2023,946
855,P230100457,P3800302-M-1,07/02/2023,684
856,P230100456,P3800202-M-1,07/02/2023,484
857,P230100451,C2Q63-04-J0782AK,07/02/2023,54
858,P230100448,XLA16-1B-S,07/02/2023,110
859,P230100447,VJ100-16-7,07/02/2023,608
860,P230100489,C2J10L-AH082-30K,07/02/2023,279
861,P230100467,P4811001-M,07/02/2023,418
850,P230100458,P3800502-M-2,02/02/2023,234
851,P230100457,P3800302-M-1,02/02/2023,684
852,P230100456,P3800202-M-1,02/02/2023,484
853,P230100462,AXT835-30D-1,02/02/2023,100
854,P230100487,C2Q32A-AD138A20K,02/02/2023,63
823,P221200561,DXT201-13-13,30/01/2023,80
824,P221200562,SY50M-20-E-1,30/01/2023,400
825,P221200563,P6260401-D,30/01/2023,210
826,P221200564,P3319101-M,30/01/2023,714
827,P221200532,S501A61T23X10X30,30/01/2023,286
828,P221200528,S500A61T25X06X30,30/01/2023,240
829,P221200531,S501A61T19X08X30,30/01/2023,832
822,P221200577,VJ300-8-5,30/01/2023,336
821,P221200576,P4811301-M-1,30/01/2023,200
820,P221200575,P4811001-M,30/01/2023,418
819,P221200574,P3315161-M,30/01/2023,90
818,P221200573,C2U32A-AS925-20K,30/01/2023,98
817,P221200572,C2U20A-AS923-20K,30/01/2023,242
816,P221200571,C2U10A-AS921-20K,30/01/2023,289
815,P221200569,AXT663-1-X437,30/01/2023,154
814,P221200567,CXS06A-R6000-20K,30/01/2023,234
813,P221200565,P3319201-M,30/01/2023,154
830,P221200533,S501A61T27X12X30,30/01/2023,418
831,P221200534,S501A61T35X16X30,30/01/2023,270
848,P221200558,C2J10L-AH082-30K,30/01/2023,558
847,P221200557,C2Q40A-AD139A20K,30/01/2023,48
846,P221200556,C2Q32A-AD138A20K,30/01/2023,126
845,P221200555,C2Q20A-AD136A20K,30/01/2023,192
844,P221200554,C2Q16A-AD368-20K,30/01/2023,280
843,P221200553,C2Q12A-AD367-20K,30/01/2023,352
842,P221200552,S500A61T63X14X20,30/01/2023,175
841,P221200551,C2J06Y-AH080-30K,30/01/2023,585
840,P221200550,C2J06LBAH080-30K,30/01/2023,1040
839,P221200549,C2J06LAAH080-30K,30/01/2023,456
832,P221200535,S501A61T43X16X30,30/01/2023,84
833,P221200538,S502A61T32X06X27,30/01/2023,160
834,P221200542,C2M025K03-68715B,30/01/2023,170
835,P221200544,C2M032K03-68716B,30/01/2023,135
836,P221200546,C2M040K03-68717B,30/01/2023,168
837,P221200547,C1G32L-M3322-20K,30/01/2023,154
838,P221200548,C1G40L-M3323-20K,30/01/2023,108
805,P221200570,AXT835-30D-1,13/01/2023,200
806,P221200527,S500A61T16X05X30,13/01/2023,522
807,P221200529,S500A61T32X08X30,13/01/2023,144
808,P221200537,S502A61T25X06X27,13/01/2023,252
809,P221200543,C2M032K02-68716B,13/01/2023,270
810,P221200551,C2J06Y-AH080-30K,13/01/2023,585
811,P221200559,C2J16L-AH081-30K,13/01/2023,416
796,P221200560,DXT155-38-1,11/01/2023,70
797,P221200568,CXS20A-BA023-20K,11/01/2023,154
798,P221200571,C2U10A-AS921-20K,11/01/2023,289
799,P221200573,C2U32A-AS925-20K,11/01/2023,49
800,P221200540,C2M020K03-68714B,11/01/2023,273
801,P221200542,C2M025K03-68715B,11/01/2023,170
802,P221200544,C2M032K03-68716B,11/01/2023,135
803,P221200545,C2M040K02-68717B,11/01/2023,168
804,P221200549,C2J06LAAH080-30K,11/01/2023,912
786,P221200566,P3319301-M,09/01/2023,297
787,P221200568,CXS20A-BA023-20K,09/01/2023,77
788,P221200569,AXT663-1-X437,09/01/2023,231
789,P221200570,AXT835-30D-1,09/01/2023,300
790,P221200574,P3315161-M,09/01/2023,90
791,P221200530,S500A61T40X10X30,09/01/2023,104
792,P221200536,S502A61T20X05X27,09/01/2023,375
793,P221200539,C2M020K02-68714B,09/01/2023,273
794,P221200541,C2M025K02-68715B,09/01/2023,170
795,P221200557,C2Q40A-AD139A20K,09/01/2023,48
785,P230100074,XLA40-1B-S,06/01/2023,1
763,P221200328,S500A61T63X14X20,28/12/2022,35
764,P221200325,C2Q50G-F2256-30K,28/12/2022,60
765,P221100571,C2U25A-AS924-20K,28/12/2022,810
766,P221100572,MXH16-47A7630K-K,28/12/2022,112
767,P221100573,P4811401-M-1,28/12/2022,64
768,P221100574,P4811501-M-1,28/12/2022,441
762,P221200327,S500A61T50X14X30,28/12/2022,60
761,P221200326,C2Q63G-F2257-20K,28/12/2022,28
760,P221100563,S500A61T20X05X30,28/12/2022,1224
759,P221100568,S502A61T32X06X27,28/12/2022,176
758,P221100567,S502A61T25X06X27,28/12/2022,882
757,P221100566,S502A61T20X05X27,28/12/2022,2700
756,P221100565,S500A61T32X08X30,28/12/2022,704
755,P221100564,S500A61T25X06X30,28/12/2022,280
769,P221100576,RHC32K27-82083A,28/12/2022,112
770,P221100577,V100-75-25,28/12/2022,525
784,P221200337,P3319101-M,28/12/2022,238
783,P221200329,XLA40-1B-S,28/12/2022,60
782,P221200331,SY7000-20-1,28/12/2022,42
781,P221200330,P6260401-D,28/12/2022,30
780,P221100559,P6260301-D,28/12/2022,210
779,P221100558,P6260201-D,28/12/2022,392
778,P221100557,P6260101-D,28/12/2022,648
777,P221100556,C2Q32-04-J0779-K,28/12/2022,240
771,P221100578,V100-75-5,28/12/2022,1089
772,P221100579,VJ3000-20-10,28/12/2022,924
773,P221100580,VP300-22,28/12/2022,288
774,P221100553,DXT156-10-11,28/12/2022,100
775,P221100554,SY50M-20-E-1,28/12/2022,160
776,P221100555,XLA25-1B-S,28/12/2022,360
748,P221100563,S500A61T20X05X30,23/12/2022,816
749,P221100565,S500A61T32X08X30,23/12/2022,528
750,P221100566,S502A61T20X05X27,23/12/2022,450
751,P221100567,S502A61T25X06X27,23/12/2022,1176
752,P221100571,C2U25A-AS924-20K,23/12/2022,81
753,P221100575,P62104001-D,23/12/2022,240
754,P221100576,RHC32K27-82083A,23/12/2022,168
738,P221100578,V100-75-5,16/12/2022,297
737,P221100577,V100-75-25,16/12/2022,225
736,P221100568,S502A61T32X06X27,16/12/2022,176
735,P221100566,S502A61T20X05X27,16/12/2022,900
734,P221100565,S500A61T32X08X30,16/12/2022,176
733,P221100564,S500A61T25X06X30,16/12/2022,280
732,P221100563,S500A61T20X05X30,16/12/2022,1632
739,P221200330,P6260401-D,16/12/2022,120
740,P221200331,SY7000-20-1,16/12/2022,84
747,P221200329,XLA40-1B-S,16/12/2022,40
746,P221100563,S500A61T20X05X30,16/12/2022,816
745,P221100557,P6260101-D,16/12/2022,288
744,P221100555,XLA25-1B-S,16/12/2022,72
743,P221100573,P4811401-M-1,16/12/2022,256
742,P221100568,S502A61T32X06X27,16/12/2022,880
741,P221100555,XLA25-1B-S,16/12/2022,108
724,P221100571,C2U25A-AS924-20K,14/12/2022,243
725,P221100572,MXH16-47A7630K-K,14/12/2022,192
726,P221100557,P6260101-D,14/12/2022,72
727,P221100558,P6260201-D,14/12/2022,56
728,P221100560,P3319301-M,14/12/2022,198
729,P221100565,S500A61T32X08X30,14/12/2022,528
730,P221100562,S500A61T16X05X30,14/12/2022,580
731,P221100563,S500A61T20X05X30,14/12/2022,408
715,P221100572,MXH16-47A7630K-K,12/12/2022,112
714,P221100571,C2U25A-AS924-20K,12/12/2022,81
713,P221200288,S502A61T63X13X20,12/12/2022,5
712,P221100568,S502A61T32X06X27,12/12/2022,176
711,P221100566,S502A61T20X05X27,12/12/2022,900
716,P221100573,P4811401-M-1,12/12/2022,192
717,P221100574,P4811501-M-1,12/12/2022,98
718,P221100576,RHC32K27-82083A,12/12/2022,336
723,P221200192,P62104001-D,12/12/2022,24
722,P221100575,P62104001-D,12/12/2022,96
721,P221100552,DXT155-38-1,12/12/2022,140
720,P221100580,VP300-22,12/12/2022,144
719,P221100577,V100-75-25,12/12/2022,75
700,P221100569,C2J06Y-AH080-30K,08/12/2022,585
701,P221100570,C2Q040K31-49702A,08/12/2022,70
702,P221100572,MXH16-47A7630K-K,08/12/2022,64
703,P221100573,P4811401-M-1,08/12/2022,64
704,P221100574,P4811501-M-1,08/12/2022,49
705,P221100576,RHC32K27-82083A,08/12/2022,56
706,P221100577,V100-75-25,08/12/2022,75
707,P221100578,V100-75-5,08/12/2022,99
708,P221100581,VJ100-16-7,08/12/2022,608
709,P221100559,P6260301-D,08/12/2022,126
710,P221100561,P3800402-M-2,08/12/2022,595
691,P221001255,P6260301-D,29/11/2022,546
690,P221001253,CUJ20A-AD254-20K,29/11/2022,528
689,P221001249,XLA25-1B-S,29/11/2022,252
688,P221001244,SY30M-20-E-1,29/11/2022,252
687,P221001243,SY5000-20-1,29/11/2022,108
692,P221001275,MB-40-32-C6777-K,29/11/2022,624
693,P221001277,MGJ10K-BA395-20K,29/11/2022,2145
694,P221001262,S500A61T12X04X30,29/11/2022,962
695,P221001263,S500A61T16X05X30,29/11/2022,580
696,P221001265,S500A61T25X06X30,29/11/2022,4200
697,P221001266,S500A61T32X08X30,29/11/2022,176
698,P221001267,S502A61T25X06X27,29/11/2022,2058
699,P221001268,S502A61T32X06X27,29/11/2022,1936
681,P221001266,S500A61T32X08X30,28/11/2022,528
682,P221001267,S502A61T25X06X27,28/11/2022,294
683,P221001268,S502A61T32X06X27,28/11/2022,528
684,P221001243,SY5000-20-1,28/11/2022,162
685,P221001244,SY30M-20-E-1,28/11/2022,189
686,P221001247,VJ3000-20-1,28/11/2022,154
677,P221001268,S502A61T32X06X27,25/11/2022,1408
678,P221001277,MGJ10K-BA395-20K,25/11/2022,390
679,P221001247,VJ3000-20-1,25/11/2022,154
680,P221100526,SY7000-20-1,25/11/2022,42
671,P221001262,S500A61T12X04X30,23/11/2022,962
672,P221001263,S500A61T16X05X30,23/11/2022,1740
673,P221001264,S500A61T20X05X30,23/11/2022,1632
674,P221001255,P6260301-D,23/11/2022,168
675,P221001275,MB-40-32-C6777-K,23/11/2022,144
676,P221001277,MGJ10K-BA395-20K,23/11/2022,390
664,P221001248,XLA16-1B-S,21/11/2022,110
665,P221001250,C2Q32-04-J0779-K,21/11/2022,120
666,P221001274,MB-32-32-C6776-K,21/11/2022,54
667,P221001262,S500A61T12X04X30,21/11/2022,3848
668,P221001263,S500A61T16X05X30,21/11/2022,1160
669,P221001264,S500A61T20X05X30,21/11/2022,816
670,P221001281,APTE00-96000152-D,21/11/2022,66
659,P221001263,S500A61T16X05X30,17/11/2022,2900
660,P221001281,APTE00-96000152-D,17/11/2022,60
661,P221001246,VJ100-16-7,17/11/2022,608
662,P221001249,XLA25-1B-S,17/11/2022,108
663,P221001254,P6260201-D,17/11/2022,280
647,P221001257,P3800202-M-1,15/11/2022,242
648,P221001262,S500A61T12X04X30,15/11/2022,962
649,P221001263,S500A61T16X05X30,15/11/2022,580
650,P221001264,S500A61T20X05X30,15/11/2022,408
651,P221001266,S500A61T32X08X30,15/11/2022,352
652,P221001267,S502A61T25X06X27,15/11/2022,294
653,P221001268,S502A61T32X06X27,15/11/2022,352
654,P221001272,AXT663-1-X439,15/11/2022,882
655,P221001273,DXT199-20-1,15/11/2022,308
656,P221001275,MB-40-32-C6777-K,15/11/2022,96
657,P221001276,MGJ06K-BA394-20K,15/11/2022,238
658,P221001256,P3319201-M,15/11/2022,308
641,P221001254,P6260201-D,14/11/2022,168
642,P221001255,P6260301-D,14/11/2022,210
643,P221001257,P3800202-M-1,14/11/2022,242
644,P221001259,P3800402-M-2,14/11/2022,476
645,P221001260,P3800502-M-2,14/11/2022,390
646,P221001261,P3800602-M-2,14/11/2022,200
632,P221001248,XLA16-1B-S,11/11/2022,165
633,P221001249,XLA25-1B-S,11/11/2022,144
634,P221001251,C2Q40-04-J0780-K,11/11/2022,160
635,P221001252,C2Q63-04-J0782AK,11/11/2022,54
636,P221001258,P3800302-M-1,11/11/2022,513
637,P221001269,C2J06LAAH080-30K,11/11/2022,456
638,P221001270,C2J06LBAH080-30K,11/11/2022,1040
639,P221001271,C2J06Y-AH080-30K,11/11/2022,585
640,P221001281,APTE00-96000152-D,11/11/2022,50
627,P221001263,S500A61T16X05X30,09/11/2022,1160
628,P221001266,S500A61T32X08X30,09/11/2022,176
629,P221001274,MB-32-32-C6776-K,09/11/2022,54
630,P221001244,SY30M-20-E-1,09/11/2022,189
631,P221001245,SY50M-20-E-1,09/11/2022,320
622,P221001278,P5053-1081,07/11/2022,560
623,P221001240,DXT156-10-11,07/11/2022,150
624,P221001241,DXT201-13-13,07/11/2022,80
625,P221001242,SY3000-20-1,07/11/2022,320
626,P221001249,XLA25-1B-S,07/11/2022,72
621,P221100320,APTE00-96000152-D,04/11/2022,10
620,P221001239,DXT155-38-1,04/11/2022,140
619,P221001280,P5053-1083,04/11/2022,144
618,P221001279,P5053-1082,04/11/2022,70
607,P220900723,S500A61T32X08X30,28/10/2022,528
608,P220900726,S502A61T32X06X27,28/10/2022,528
606,P220900722,S500A61T20X05X30,28/10/2022,408
605,P220900721,S500A61T16X05X30,28/10/2022,580
604,P220900708,CUJ16A-AD253-20K,28/10/2022,182
603,P220900707,CUJ12A-AD252-20K,28/10/2022,450
602,P220900700,SY30M-20-E-1,28/10/2022,252
609,P220900733,MGP40A-AC906-30K,28/10/2022,30
610,P220900735,MGP16A-AC892-30K,28/10/2022,51
617,P220900746,S500A61T63X14X20,28/10/2022,105
616,P220900745,MGP40A-AC896-30K,28/10/2022,180
615,P220900744,MGP32A-AC895-30K,28/10/2022,330
614,P220900743,MGP25A-AC894-30K,28/10/2022,528
613,P220900742,MGP20A-AC893-30K,28/10/2022,224
612,P220900739,MGP40A-AC896-30K,28/10/2022,30
611,P220900736,MGP20A-AC893-30K,28/10/2022,56
592,P220900700,SY30M-20-E-1,27/10/2022,189
593,P220900707,CUJ12A-AD252-20K,27/10/2022,225
594,P220900721,S500A61T16X05X30,27/10/2022,580
595,P220900722,S500A61T20X05X30,27/10/2022,816
596,P220900723,S500A61T32X08X30,27/10/2022,176
597,P220900725,S502A61T25X06X27,27/10/2022,294
598,P220900726,S502A61T32X06X27,27/10/2022,352
599,P220900734,MGP12A-AC891-30K,27/10/2022,57
600,P220900744,MGP32A-AC895-30K,27/10/2022,66
601,P221001144,DXT192-11-3,27/10/2022,3
584,P220900700,SY30M-20-E-1,24/10/2022,567
585,P220900704,XLA16-1B-S,24/10/2022,55
586,P220900722,S500A61T20X05X30,24/10/2022,816
587,P220900725,S502A61T25X06X27,24/10/2022,588
588,P220900737,MGP25A-AC894-30K,24/10/2022,48
589,P220900743,MGP25A-AC894-30K,24/10/2022,48
590,P220900744,MGP32A-AC895-30K,24/10/2022,99
591,P220900746,S500A61T63X14X20,24/10/2022,105
577,P220900700,SY30M-20-E-1,19/10/2022,252
578,P221000833,XLA40-1B-S,19/10/2022,100
579,P221000834,C2Q32-04-J0779-K,19/10/2022,60
580,P221000835,P6260101-D,19/10/2022,72
581,P220900721,S500A61T16X05X30,19/10/2022,580
582,P220900726,S502A61T32X06X27,19/10/2022,352
583,P220900732,MGP32A-AC905-30K,19/10/2022,33
566,P220900700,SY30M-20-E-1,18/10/2022,126
567,P220900701,SY50M-20-E-1,18/10/2022,400
568,P220900708,CUJ16A-AD253-20K,18/10/2022,182
569,P220900721,S500A61T16X05X30,18/10/2022,1160
570,P220900723,S500A61T32X08X30,18/10/2022,352
571,P220900725,S502A61T25X06X27,18/10/2022,294
572,P220900730,MGP20A-AC903-30K,18/10/2022,56
573,P220900731,MGP25A-AC904-30K,18/10/2022,48
574,P220900738,MGP32A-AC895-30K,18/10/2022,33
575,P220900744,MGP32A-AC895-30K,18/10/2022,99
576,P220900746,S500A61T63X14X20,18/10/2022,105
557,P220900704,XLA16-1B-S,14/10/2022,110
558,P220900718,P5053-1081,14/10/2022,280
559,P220900719,P5053-1082,14/10/2022,70
560,P220900720,P5053-1083,14/10/2022,72
561,P220900721,S500A61T16X05X30,14/10/2022,1160
562,P220900722,S500A61T20X05X30,14/10/2022,816
563,P220900724,S502A61T20X05X27,14/10/2022,450
564,P220900726,S502A61T32X06X27,14/10/2022,176
565,P220900727,C2J06LAAH080-30K,14/10/2022,456
552,P220900701,SY50M-20-E-1,12/10/2022,80
553,P220900703,VJ3000-20-1,12/10/2022,462
554,P220900708,CUJ16A-AD253-20K,12/10/2022,182
555,P220900709,P4730004-D,12/10/2022,144
556,P220900729,MGP16A-AC902-30K,12/10/2022,51
547,P220900700,SY30M-20-E-1,10/10/2022,189
548,P220900701,SY50M-20-E-1,10/10/2022,560
549,P220900712,P3319401-M,10/10/2022,140
550,P220900726,S502A61T32X06X27,10/10/2022,528
551,P220900728,MGP12A-AC901-30K,10/10/2022,57
536,P220900705,XLA25-1B-S,06/10/2022,216
537,P220900710,P3319101-M,06/10/2022,238
538,P220900711,P3319201-M,06/10/2022,308
539,P220900712,P3319401-M,06/10/2022,70
540,P220900723,S500A61T32X08X30,06/10/2022,176
541,P220900724,S502A61T20X05X27,06/10/2022,900
542,P220900725,S502A61T25X06X27,06/10/2022,588
543,P220900726,S502A61T32X06X27,06/10/2022,176
544,P220900740,C2M025K02-68715B,06/10/2022,204
545,P220900741,C2J06LAAH080-30K,06/10/2022,20
546,P220900747,C2J16L-AH081-30K,06/10/2022,50
529,P220900702,VJ100-16-7,03/10/2022,304
530,P220900704,XLA16-1B-S,03/10/2022,165
531,P220900705,XLA25-1B-S,03/10/2022,288
532,P220900715,P3800402-M-2,03/10/2022,595
533,P220901230,DXT192-11-3,03/10/2022,1
534,P220900700,SY30M-20-E-1,03/10/2022,63
535,P220900704,XLA16-1B-S,03/10/2022,110
521,P220900699,DXT199-20-23,01/10/2022,77
522,P220900703,VJ3000-20-1,01/10/2022,154
523,P220900706,C2Q50-04-J0781-K,01/10/2022,84
524,P220900713,P3800102-M-1,01/10/2022,650
525,P220900714,P3800302-M-1,01/10/2022,1197
526,P220900715,P3800402-M-2,01/10/2022,119
527,P220900716,P3800502-M-2,01/10/2022,858
528,P220900717,P3800602-M-2,01/10/2022,500
512,P220800428,SY30M-20-E-1,26/09/2022,378
513,P220800431,XLA25-1B-S,26/09/2022,72
514,P220800437,CUJ20A-AD254-20K,26/09/2022,264
515,P220800438,MYB16LAA7163-20K,26/09/2022,88
516,P220800446,P3800302-M-1,26/09/2022,1368
517,P220800447,P3800402-M-2,26/09/2022,119
518,P220800450,S500A61T25X06X30,26/09/2022,1400
519,P220800451,S500A61T40X10X30,26/09/2022,1170
520,P220800452,S502A61T40X09X27,26/09/2022,585
506,P220800442,P6260101-D,22/09/2022,288
507,P220800446,P3800302-M-1,22/09/2022,855
508,P220800447,P3800402-M-2,22/09/2022,595
509,P220800448,P3800502-M-2,22/09/2022,78
510,P220800450,S500A61T25X06X30,22/09/2022,280
511,P220800452,S502A61T40X09X27,22/09/2022,702
496,P220800434,C2Q32-04-J0779-K,20/09/2022,60
497,P220800435,C2Q40-04-J0780-K,20/09/2022,240
498,P220800437,CUJ20A-AD254-20K,20/09/2022,132
499,P220800438,MYB16LAA7163-20K,20/09/2022,88
500,P220800441,P4730003-D,20/09/2022,63
501,P220800444,P3800102-M-1,20/09/2022,325
502,P220800445,P3800202-M-1,20/09/2022,484
503,P220800446,P3800302-M-1,20/09/2022,342
504,P220800451,S500A61T40X10X30,20/09/2022,468
505,P220800452,S502A61T40X09X27,20/09/2022,351
495,P220800431,XLA25-1B-S,20/09/2022,144
494,P220800429,SY50M-20-E-1,20/09/2022,120
493,P220800428,SY30M-20-E-1,20/09/2022,189
492,P220800427,SY5000-20-1,20/09/2022,108
491,P220800426,SY3000-20-1,20/09/2022,80
482,P220800437,CUJ20A-AD254-20K,16/09/2022,132
481,P220800433,XLA25-3-1B,16/09/2022,54
480,P220800432,XLA16-3-1B,16/09/2022,77
479,P220800428,SY30M-20-E-1,16/09/2022,126
478,P220800427,SY5000-20-1,16/09/2022,162
477,P220800425,DXT192-11-3,16/09/2022,126
483,P220800438,MYB16LAA7163-20K,16/09/2022,176
484,P220800440,P4730002-D,16/09/2022,104
490,P220800452,S502A61T40X09X27,16/09/2022,585
489,P220800451,S500A61T40X10X30,16/09/2022,468
488,P220800449,P3800602-M-2,16/09/2022,50
487,P220800446,P3800302-M-1,16/09/2022,342
486,P220800445,P3800202-M-1,16/09/2022,968
485,P220800442,P6260101-D,16/09/2022,432
461,P220900333,VJ100-16-7,14/09/2022,304
460,P220900310,DXT156-10-11,14/09/2022,50
459,P220900309,DXT199-20-23,14/09/2022,77
458,P220900308,P6260401-D,14/09/2022,30
457,P220900307,P6260301-D,14/09/2022,84
456,P220800446,P3800302-M-1,14/09/2022,171
455,P220800443,P3319401-M,14/09/2022,140
454,P220800442,P6260101-D,14/09/2022,360
453,P220800440,P4730002-D,14/09/2022,104
452,P220800435,C2Q40-04-J0780-K,14/09/2022,240
451,P220800431,XLA25-1B-S,14/09/2022,36
450,P220800429,SY50M-20-E-1,14/09/2022,160
449,P220800428,SY30M-20-E-1,14/09/2022,63
462,P220800450,S500A61T25X06X30,14/09/2022,1400
463,P220800451,S500A61T40X10X30,14/09/2022,468
476,P220900332,C1G63L-AT036-30K,14/09/2022,20
475,P220900331,C1G50L-AT035-30K,14/09/2022,20
474,P220900330,C1G40L-AT034-30K,14/09/2022,20
473,P220900329,C1G32L-AT033-30K,14/09/2022,20
472,P220900324,C1G25K02-AM406,14/09/2022,20
471,P220900320,C1G20K02-AM405,14/09/2022,20
470,P220900316,C3G63K02-AG006,14/09/2022,20
469,P220900315,C3G50K02-AG005,14/09/2022,20
464,P220800452,S502A61T40X09X27,14/09/2022,351
465,P220900311,C3G20K02-AG001,14/09/2022,20
466,P220900312,C3G25K02-AG002,14/09/2022,20
467,P220900313,C3G32K02-AG003,14/09/2022,20
468,P220900314,C3G40K02-AG004,14/09/2022,20
441,P220800426,SY3000-20-1,12/09/2022,240
442,P220800428,SY30M-20-E-1,12/09/2022,189
443,P220800430,VJ100-16-7,12/09/2022,304
444,P220800433,XLA25-3-1B,12/09/2022,162
445,P220800434,C2Q32-04-J0779-K,12/09/2022,360
446,P220800439,MYB20LAA7164-20K,12/09/2022,560
447,P220800441,P4730003-D,12/09/2022,378
448,P220800447,P3800402-M-2,12/09/2022,238
433,P220800428,SY30M-20-E-1,08/09/2022,126
434,P220800430,VJ100-16-7,08/09/2022,1216
435,P220800431,XLA25-1B-S,08/09/2022,144
436,P220800436,C2Q63-04-J0782AK,08/09/2022,180
437,P220800437,CUJ20A-AD254-20K,08/09/2022,132
438,P220800444,P3800102-M-1,08/09/2022,650
439,P220800445,P3800202-M-1,08/09/2022,726
440,P220800449,P3800602-M-2,08/09/2022,350
425,P220800428,SY30M-20-E-1,06/09/2022,567
424,P220800426,SY3000-20-1,06/09/2022,80
423,P220800425,DXT192-11-3,06/09/2022,252
422,P220800424,DXT156-10-11,06/09/2022,150
421,P220800423,DXT155-38-1,06/09/2022,210
426,P220800429,SY50M-20-E-1,06/09/2022,520
427,P220800431,XLA25-1B-S,06/09/2022,144
428,P220800432,XLA16-3-1B,06/09/2022,77
429,P220800447,P3800402-M-2,06/09/2022,238
430,P220800448,P3800502-M-2,06/09/2022,858
431,P220900007,DXT192-11-3,06/09/2022,1
432,P220800451,S500A61T40X10X30,06/09/2022,117
418,P220700252,XLA25-1B-S,30/08/2022,180
419,P220700262,S500A61T32X08X30,30/08/2022,352
420,P220700265,S502A61T40X09X27,30/08/2022,234
417,P220700265,S502A61T40X09X27,29/08/2022,585
416,P220700263,S500A61T40X10X30,29/08/2022,234
415,P220700261,P3800502-M-2,29/08/2022,78
414,P220700255,CUJ20A-AD254-20K,29/08/2022,264
413,P220700254,CUJ16A-AD253-20K,29/08/2022,182
412,P220600161,P6260301-D,29/08/2022,42
407,P220700249,SY50M-20-E-1,26/08/2022,280
408,P220700252,XLA25-1B-S,26/08/2022,360
409,P220700256,P6260101-D,26/08/2022,216
410,P220700262,S500A61T32X08X30,26/08/2022,352
411,P220700264,S502A61T25X06X27,26/08/2022,588
406,P220700248,SY30M-20-E-1,24/08/2022,378
399,P220700254,CUJ16A-AD253-20K,23/08/2022,364
400,P220700255,CUJ20A-AD254-20K,23/08/2022,132
401,P220700256,P6260101-D,23/08/2022,216
402,P220700261,P3800502-M-2,23/08/2022,624
403,P220700262,S500A61T32X08X30,23/08/2022,176
404,P220700263,S500A61T40X10X30,23/08/2022,351
405,P220700265,S502A61T40X09X27,23/08/2022,234
386,P220700248,SY30M-20-E-1,19/08/2022,315
387,P220700249,SY50M-20-E-1,19/08/2022,40
388,P220700251,XLA16-1B-S,19/08/2022,55
389,P220700254,CUJ16A-AD253-20K,19/08/2022,182
390,P220700258,P3319201-M,19/08/2022,308
391,P220700259,P3319301-M,19/08/2022,198
392,P220700260,P3800402-M-2,19/08/2022,595
393,P220700262,S500A61T32X08X30,19/08/2022,352
394,P220700263,S500A61T40X10X30,19/08/2022,351
395,P220700264,S502A61T25X06X27,19/08/2022,294
396,P220700273,MGP25A-AC894-30K,19/08/2022,96
397,P220700274,MGP32A-AC895-30K,19/08/2022,33
398,P220700275,MGP40A-AC896-30K,19/08/2022,30
377,P220700256,P6260101-D,16/08/2022,144
376,P220700251,XLA16-1B-S,16/08/2022,165
375,P220700250,VJ100-16-7,16/08/2022,304
374,P220700249,SY50M-20-E-1,16/08/2022,80
373,P220700248,SY30M-20-E-1,16/08/2022,189
372,P220600159,P6260101-D,16/08/2022,72
378,P220700262,S500A61T32X08X30,16/08/2022,704
379,P220700263,S500A61T40X10X30,16/08/2022,468
385,P220800274,DXT192-11-3,16/08/2022,1
384,P220700274,MGP32A-AC895-30K,16/08/2022,66
383,P220700271,MGP40A-AC906-30K,16/08/2022,30
381,P220700269,MGP25A-AC904-30K,16/08/2022,96
382,P220700270,MGP32A-AC905-30K,16/08/2022,33
380,P220700264,S502A61T25X06X27,16/08/2022,588
362,P220700250,VJ100-16-7,11/08/2022,912
363,P220700251,XLA16-1B-S,11/08/2022,220
364,P220700253,C2Q63-04-J0782AK,11/08/2022,180
365,P220700254,CUJ16A-AD253-20K,11/08/2022,182
366,P220700257,P3319101-M,11/08/2022,238
367,P220700262,S500A61T32X08X30,11/08/2022,176
368,P220700263,S500A61T40X10X30,11/08/2022,468
369,P220700265,S502A61T40X09X27,11/08/2022,351
370,P220700268,MGP20A-AC903-30K,11/08/2022,224
371,P220700272,MGP20A-AC893-30K,11/08/2022,224
353,P220600161,P6260301-D,09/08/2022,84
354,P220700248,SY30M-20-E-1,09/08/2022,189
355,P220700255,CUJ20A-AD254-20K,09/08/2022,132
356,P220700260,P3800402-M-2,09/08/2022,238
357,P220700263,S500A61T40X10X30,09/08/2022,468
358,P220700264,S502A61T25X06X27,09/08/2022,588
359,P220700265,S502A61T40X09X27,09/08/2022,585
360,P220700273,MGP25A-AC894-30K,09/08/2022,48
361,P220700275,MGP40A-AC896-30K,09/08/2022,60
342,P220600159,P6260101-D,05/08/2022,288
343,P220600161,P6260301-D,05/08/2022,84
344,P220700254,CUJ16A-AD253-20K,05/08/2022,182
345,P220700255,CUJ20A-AD254-20K,05/08/2022,264
346,P220700263,S500A61T40X10X30,05/08/2022,351
347,P220700264,S502A61T25X06X27,05/08/2022,588
348,P220700265,S502A61T40X09X27,05/08/2022,117
349,P220700270,MGP32A-AC905-30K,05/08/2022,66
350,P220700271,MGP40A-AC906-30K,05/08/2022,60
351,P220800092,S502A61T50X13X27,05/08/2022,5
352,P220800093,S502A61T63X13X20,05/08/2022,5
334,P220700248,SY30M-20-E-1,01/08/2022,567
335,P220700251,XLA16-1B-S,01/08/2022,110
336,P220700260,P3800402-M-2,01/08/2022,714
337,P220700261,P3800502-M-2,01/08/2022,780
338,P220700265,S502A61T40X09X27,01/08/2022,468
339,P220700266,MGP12A-AC901-30K,01/08/2022,342
340,P220700267,MGP16A-AC902-30K,01/08/2022,255
341,P220700269,MGP25A-AC904-30K,01/08/2022,48
329,P220600155,C2Q40-04-J0780-K,28/07/2022,400
330,P220600159,P6260101-D,28/07/2022,72
331,P220600164,P3800302-M-1,28/07/2022,1539
332,P220600904,S500A61T25X06X30,28/07/2022,477
333,P220700088,S500A61T25X06X30,28/07/2022,83
317,P220600154,C2Q32-04-J0779-K,27/07/2022,300
318,P220600164,P3800302-M-1,27/07/2022,684
319,P220600165,P3800402-M-2,27/07/2022,833
320,P220600167,P3800602-M-2,27/07/2022,550
321,P220600172,C1G32L-M3322-20K,27/07/2022,77
322,P220600173,C1G40L-M3323-20K,27/07/2022,54
323,P220600904,S500A61T25X06X30,27/07/2022,560
324,P220600907,SY30M-20-E-1,27/07/2022,315
325,P220600903,S500A61T12X04X30,27/07/2022,1005
326,P220700087,S500A61T12X04X30,27/07/2022,919
327,P220600905,S500A61T40X10X30,27/07/2022,255
328,P220700089,S500A61T40X10X30,27/07/2022,96
308,P220600159,P6260101-D,25/07/2022,288
307,P220600157,P4730004-D,25/07/2022,144
306,P220600151,VJ100-16-7,25/07/2022,608
305,P220600148,DXT199-20-23,25/07/2022,231
304,P220600147,DXT192-11-3,25/07/2022,378
309,P220600162,P3800102-M-1,25/07/2022,325
310,P220600164,P3800302-M-1,25/07/2022,342
311,P220600166,P3800502-M-2,25/07/2022,1248
316,P220700090,S502A61T40X09X27,25/07/2022,66
315,P220600906,S502A61T40X09X27,25/07/2022,402
314,P220600905,S500A61T40X10X30,25/07/2022,468
313,P220600904,S500A61T25X06X30,25/07/2022,1120
312,P220600903,S500A61T12X04X30,25/07/2022,962
296,P220600151,VJ100-16-7,18/07/2022,304
297,P220600154,C2Q32-04-J0779-K,18/07/2022,120
298,P220600157,P4730004-D,18/07/2022,384
299,P220600162,P3800102-M-1,18/07/2022,975
300,P220600163,P3800202-M-1,18/07/2022,1210
301,P220600165,P3800402-M-2,18/07/2022,476
302,P220600167,P3800602-M-2,18/07/2022,200
303,P220600905,S500A61T40X10X30,18/07/2022,585
284,P220600905,S500A61T40X10X30,15/07/2022,468
283,P220600904,S500A61T25X06X30,15/07/2022,280
282,P220600903,S500A61T12X04X30,15/07/2022,962
281,P220600166,P3800502-M-2,15/07/2022,624
280,P220600165,P3800402-M-2,15/07/2022,1071
279,P220600164,P3800302-M-1,15/07/2022,855
278,P220600150,SY50M-20-E-1,15/07/2022,80
277,P220600146,DXT156-10-11,15/07/2022,200
276,P220600145,DXT155-38-1,15/07/2022,210
285,P220600906,S502A61T40X09X27,15/07/2022,819
286,P220700122,MGP12A-AC901-30K,15/07/2022,30
295,P220700131,MGP40A-AC896-30K,15/07/2022,30
294,P220700130,MGP32A-AC895-30K,15/07/2022,30
293,P220700129,MGP25A-AC894-30K,15/07/2022,30
292,P220700128,MGP20A-AC893-30K,15/07/2022,30
291,P220700127,MGP40A-AC906-30K,15/07/2022,30
290,P220700126,MGP20A-AC903-30K,15/07/2022,30
289,P220700125,MGP32A-AC905-30K,15/07/2022,30
288,P220700124,MGP25A-AC904-30K,15/07/2022,30
287,P220700123,MGP16A-AC902-30K,15/07/2022,30
266,P220600157,P4730004-D,12/07/2022,192
267,P220600161,P6260301-D,12/07/2022,168
268,P220600163,P3800202-M-1,12/07/2022,1210
269,P220600166,P3800502-M-2,12/07/2022,546
270,P220600907,SY30M-20-E-1,12/07/2022,252
271,P220600903,S500A61T12X04X30,12/07/2022,962
272,P220600904,S500A61T25X06X30,12/07/2022,560
273,P220600905,S500A61T40X10X30,12/07/2022,585
275,P220600906,S502A61T40X09X27,12/07/2022,819
257,P220600166,P3800502-M-2,06/07/2022,312
256,P220600162,P3800102-M-1,06/07/2022,1625
255,P220600160,P6260201-D,06/07/2022,280
254,P220600158,P4730005-D,06/07/2022,240
253,P220600152,XLA16-1B-S,06/07/2022,55
258,P220600907,SY30M-20-E-1,06/07/2022,63
259,P220600168,C2M032K02-68716B,06/07/2022,150
260,P220600169,C2M032K03-68716B,06/07/2022,150
261,P220600170,C2M040K02-68717B,06/07/2022,96
262,P220600171,C2M040K03-68717B,06/07/2022,96
263,P220600905,S500A61T40X10X30,06/07/2022,234
264,P220600906,S502A61T40X09X27,06/07/2022,468
265,P220700001,C2J06LAAH080-30K,06/07/2022,12
247,P220600149,SY30M-20-E-1,02/07/2022,252
248,P220600150,SY50M-20-E-1,02/07/2022,240
249,P220600152,XLA16-1B-S,02/07/2022,55
250,P220600153,XLA40-1B-S,02/07/2022,40
251,P220600156,C2Q50-04-J0781-K,02/07/2022,28
252,P220600907,SY30M-20-E-1,02/07/2022,189
238,P220500240,C2Q20G-P1282-30K,28/06/2022,330
237,P220500239,C2Q16G-P1281-30K,28/06/2022,468
236,P220600136,C2J06Y-AH080-30K,28/06/2022,1092
235,P220600135,C2J06LBAH080-30K,28/06/2022,1872
234,P220600134,C2J06LAAH080-30K,28/06/2022,988
233,P220500229,SY50M-20-E-1,28/06/2022,120
239,P220500241,S500A61T12X04X30,28/06/2022,962
240,P220500242,S500A61T16X05X30,28/06/2022,580
246,P202202131,CUJ20A-AD254-20K,28/06/2022,264
245,P220500249,S502A61T25X06X27,28/06/2022,294
244,P220500247,S501A61T14X06X30,28/06/2022,1632
243,P220500245,S500A61T32X08X30,28/06/2022,176
242,P220500244,S500A61T25X06X30,28/06/2022,280
241,P220500243,S500A61T20X05X30,28/06/2022,408
225,P220500235,P3319401-M,24/06/2022,70
226,P220500239,C2Q16G-P1281-30K,24/06/2022,468
227,P220500240,C2Q20G-P1282-30K,24/06/2022,330
228,P220500241,S500A61T12X04X30,24/06/2022,962
229,P220500243,S500A61T20X05X30,24/06/2022,408
230,P220500244,S500A61T25X06X30,24/06/2022,280
231,P220500248,S502A61T20X05X27,24/06/2022,450
232,P220500250,S502A61T32X06X27,24/06/2022,352
217,P220500229,SY50M-20-E-1,22/06/2022,280
218,P220500230,P4730002-D,22/06/2022,312
219,P220500242,S500A61T16X05X30,22/06/2022,580
220,P220500245,S500A61T32X08X30,22/06/2022,352
221,P220500249,S502A61T25X06X27,22/06/2022,294
222,P220500251,S502A61T40X09X27,22/06/2022,234
223,P220500255,C2M025K03-68715B,22/06/2022,204
224,P220500256,MGP12A-AC891-30K,22/06/2022,114
207,P220500233,P3319201-M,17/06/2022,308
208,P220500235,P3319401-M,17/06/2022,350
209,P220500241,S500A61T12X04X30,17/06/2022,962
210,P220500243,S500A61T20X05X30,17/06/2022,408
211,P220500244,S500A61T25X06X30,17/06/2022,280
212,P220500248,S502A61T20X05X27,17/06/2022,450
213,P220500256,MGP12A-AC891-30K,17/06/2022,228
214,P220600118,P3800102-M-1,17/06/2022,650
215,P220600119,P3800502-M-2,17/06/2022,78
216,P220600120,P3800602-M-2,17/06/2022,1000
205,P220500229,SY50M-20-E-1,14/06/2022,400
206,P220500237,C2J16M-AF113-25K,14/06/2022,1160
196,P220500231,P6260201-D,09/06/2022,168
197,P220500232,P6260301-D,09/06/2022,126
198,P220500234,P3319301-M,09/06/2022,198
199,P220500238,C2Q020K31-49998A,09/06/2022,741
200,P220500242,S500A61T16X05X30,09/06/2022,180
201,P220500246,S500A61T40X10X30,09/06/2022,351
202,P220500254,C2M025K02-68715B,09/06/2022,204
203,P220500258,C1G50L-M3324-20K,09/06/2022,30
204,P220500259,CG-040K02-35903A,09/06/2022,30
192,P220500236,C2J10M-AF112-25K,07/06/2022,2580
193,P220500252,C2M020K02-68714B,07/06/2022,294
194,P220500253,C2M020K03-68714B,07/06/2022,294
195,P220500257,MGP16A-AC892-30K,07/06/2022,255
191,P202204203,P4730003-D,01/06/2022,1134
178,P202112463,SY30M-20-E-1,30/05/2022,252
179,P202204200,XLA25-1B-S,30/05/2022,540
180,P202204207,C2Q12G-P1280-30K,30/05/2022,1632
181,P202204209,C2Q20G-P1282-30K,30/05/2022,330
182,P202204210,C2Q25G-P1283-30K,30/05/2022,741
183,P202204211,C2Q32G-P1284-30K,30/05/2022,450
184,P202204212,C2Q40G-P1285-30K,30/05/2022,288
185,P202204213,S501A61T14X06X30,30/05/2022,816
186,P202204217,S501A61T35X16X30,30/05/2022,150
187,P202204219,APTE00-98000724-D,30/05/2022,159
188,P202204198,VJ3000-20-1,30/05/2022,770
189,P202204201,C2Q32-04-J0779-K,30/05/2022,600
190,P220500169,C8512M-AF117-25K,30/05/2022,1924
171,P202204202,MYB20LAA7164-20K,23/05/2022,280
172,P202204208,C2Q16G-P1281-30K,23/05/2022,468
173,P202204214,S501A61T19X08X30,23/05/2022,468
174,P202204216,S501A61T27X12X30,23/05/2022,247
175,P202204218,S501A61T43X16X30,23/05/2022,288
176,P220500167,P3800602-M-2,23/05/2022,50
177,P220500168,P3319401-M,23/05/2022,140
166,P202204196,SY7000-20-1,17/05/2022,84
167,P202204199,XLA16-1B-S,17/05/2022,275
168,P202204204,P3319201-M,17/05/2022,308
169,P202204206,P3319401-M,17/05/2022,140
170,P202204215,S501A61T23X10X30,17/05/2022,330
165,P202204205,P3319301-M,05/05/2022,198
164,P202204197,VJ100-16-7,05/05/2022,608
163,P202204195,SY3000-20-1,05/05/2022,240
160,P202112463,SY30M-20-E-1,28/04/2022,378
161,P202203749,P3801101-M,28/04/2022,216
162,P202204160,C2Q50-04-J0781-K,28/04/2022,840
147,P202203732,DXT156-10-11,26/04/2022,100
148,P202203733,DXT192-11-3,26/04/2022,378
149,P202203736,SY50M-20-E-1,26/04/2022,120
150,P202203741,MYB20LAA7164-20K,26/04/2022,280
151,P202203743,P3319401-M,26/04/2022,280
152,P202203744,P3800102-M-1,26/04/2022,650
153,P202203745,P3800202-M-1,26/04/2022,484
154,P202203746,P3800402-M-2,26/04/2022,1071
155,P202203747,P3800502-M-2,26/04/2022,390
156,P202203748,P3800602-M-2,26/04/2022,250
157,P202204159,XLA40-1B-S,26/04/2022,60
158,P202204227,MGP16A-AC892-30K,26/04/2022,30
159,P202204228,MGP12A-AC891-30K,26/04/2022,30
142,P202203750,APTE00-98000724-D,25/04/2022,294
143,P202203751,APTE00-98000404-D,25/04/2022,430
144,P202203752,APTE00-96000152-D,25/04/2022,352
145,P202203753,APTE00-96001786-D,25/04/2022,27
146,P202204161,APTE00-96000152-D,25/04/2022,106
138,P202202091,APTE00-96000152-D,22/04/2022,299
139,P202202143,APTE00-98000724-D,22/04/2022,135
140,P202202144,APTE00-98000404-D,22/04/2022,215
141,P202202145,APTE00-96000152-D,22/04/2022,299
137,P202203738,XLA25-1B-S,19/04/2022,468
136,P202203737,VJ100-16-7,19/04/2022,1520
135,P202203734,DXT201-13-13,19/04/2022,80
130,P202110413,C2Q50-04-J0781-K,14/04/2022,420
131,P202203735,SY3000-20-1,14/04/2022,80
132,P202203739,XLA25-3-1B,14/04/2022,216
133,P202203740,MYB16LAA7163-20K,14/04/2022,88
134,P202203742,P3319201-M,14/04/2022,462
129,P202202131,CUJ20A-AD254-20K,25/03/2022,528
128,P202202130,CUJ16A-AD253-20K,25/03/2022,546
127,P202202129,CUJ12A-AD252-20K,25/03/2022,1350
126,P202202121,DXT192-11-3,25/03/2022,126
125,P202203087,DXT192-11-3,14/03/2022,2
121,P202202123,DXT201-13-13,08/03/2022,160
122,P202202132,MYB16LAA7163-20K,08/03/2022,264
123,P202202142,P3800602-M-2,08/03/2022,350
124,P202203060,SY30M-20-E-1,08/03/2022,1
109,P202111299,C2Q63-04-J0782AK,25/02/2022,270
110,P202201095,XLA16-1B-S,25/02/2022,220
111,P202201096,XLA25-1B-S,25/02/2022,360
112,P202201098,C2Q63-04-J0782AK,25/02/2022,270
114,P202201100,P6260101-D,25/02/2022,1152
115,P202201101,P6260201-D,25/02/2022,560
116,P202201102,P6260301-D,25/02/2022,420
119,P202202090,SY5000-20-1,25/02/2022,216
120,P202202092,APTE00-98000948-D,25/02/2022,9
107,P202202093,P3319101-M,22/02/2022,97
104,P202202044,P3800602-M-2,18/02/2022,350
73,P202111263,APTE00-96000150-D,17/02/2022,145
65,P202110414,APTE00-96000150-D,17/02/2022,145
74,P202111264,APTE00-98000565-D,17/02/2022,380
66,P202110415,APTE00-98000565-D,17/02/2022,380
85,P202111303,APTE00-96000150-D,17/02/2022,145
86,P202111304,APTE00-98000565-D,17/02/2022,380
91,P202112467,APTE00-96000150-D,17/02/2022,489
92,P202112468,APTE00-98000565-D,17/02/2022,1506
89,P202112465,CUJ16A-AD253-20K,22/01/2022,1820
98,P202112475,P6260301-D,22/01/2022,420
95,P202112472,P4730005-D,22/01/2022,288
94,P202112471,P4730004-D,21/01/2022,240
97,P202112474,P6260201-D,21/01/2022,280
103,P202201066,DXT192-11-3,21/01/2022,378
90,P202112466,CUJ20A-AD254-20K,21/01/2022,396
96,P202112473,P6260101-D,21/01/2022,576
93,P202112470,P4730003-D,21/01/2022,378
75,P202111292,DXT192-11-3,29/12/2021,756
102,P202112190,CUJ20A-AD254-20K,29/12/2021,396
79,P202111296,XLA25-1B-S,29/12/2021,360
76,P202111293,SY30M-20-E-1,29/12/2021,630
88,P202111306,P3319401-M,29/12/2021,420
83,P202111301,CUJ16A-AD253-20K,29/12/2021,910
101,P202112189,XLA25-1B-S,29/12/2021,360
87,P202111305,P3319301-M,27/12/2021,297
82,P202111300,CUJ12A-AD252-20K,27/12/2021,900
77,P202111294,SY50M-20-E-1,27/12/2021,400
78,P202111295,VJ3000-20-1,27/12/2021,1232
81,P202111298,C2Q40-04-J0780-K,27/12/2021,800
84,P202111302,CUJ20A-AD254-20K,27/12/2021,396
80,P202111297,C2Q32-04-J0779-K,27/12/2021,960
58,P202110406,SY30M-20-E-1,27/11/2021,630
60,P202110408,VJ100-16-7,27/11/2021,1824
59,P202110407,SY50M-20-E-1,27/11/2021,400
62,P202110410,XLA16-1B-S,27/11/2021,1100
63,P202110411,C2Q32-04-J0779-K,27/11/2021,480
64,P202110412,C2Q40-04-J0780-K,27/11/2021,400
57,P202110405,SY7000-20-1,27/11/2021,126
61,P202110409,VJ3000-20-1,27/11/2021,616
68,P202110417,P3800302-M-1,27/11/2021,2736
69,P202110418,P3800402-M-2,27/11/2021,1904
70,P202110419,P3800502-M-2,27/11/2021,1248
67,P202110416,P3800202-M-1,22/11/2021,1936
72,P202110419,P3800502-M-2,18/11/2021,1
71,P202110419,P3800502-M-2,18/11/2021,1
56,P202109149,XLA25-1B-S,29/10/2021,1620
55,P202109155,P3319201-M,27/10/2021,462
54,P202109153,MYB20LAA7164-20K,27/10/2021,630
53,P202109150,XLA16-3-1B,27/10/2021,462
106,P202109156,P3319101-M,22/10/2021,238
47,P202109148,XLA16-1B-S,22/10/2021,550
48,P202109151,XLA25-3-1B,22/10/2021,648
49,P202109152,MYB16LAA7163-20K,22/10/2021,264
50,P202109147,VJ100-16-7,22/10/2021,238
108,P202109144,DXT156-10-11,22/10/2021,600
37,P202108363,P3800102-M-1,04/10/2021,975
38,P202108364,P3800202-M-1,04/10/2021,968
39,P202108365,P3800302-M-1,04/10/2021,1368
40,P202108366,P3800402-M-2,04/10/2021,952
41,P202108367,P3800502-M-2,04/10/2021,624
43,P202109004,SY3000-20-1,04/10/2021,240
44,P202109005,XLA25-1B-S,04/10/2021,540
42,P202108368,P3800602-M-2,04/10/2021,150
26,P202108362,XLA25-1B-S,24/09/2021,540
25,P202107618,XLA25-3-1B,24/09/2021,324
20,P202107144,DXT155-38-1,16/09/2021,630
19,P202107146,DXT199-20-23,16/09/2021,231
17,P202107145,DXT192-11-3,16/09/2021,1260
21,P202107147,DXT201-13-13,16/09/2021,80
16,P202107145,DXT192-11-3,20/07/2021,252
18,P202107146,DXT199-20-23,20/07/2021,462
