ID,OrderSheet,DeliveryDate,IssueDate,ProductionNumber,"Order Quantity",WorkQuantity,TotalNG,TotalOK,Packed,ImportQuantity,Note,UpdatedAt
3460,P260402886,26-04-24,26-04-16,CYR15K-AX662-20K,45,0,0,0,45,45,04-2026-BS,
3461,P260402885,26-04-24,26-04-16,CYR06K-AX660-20K,15,0,0,0,15,15,04-2026-BS,
3462,P260402884,26-04-24,26-04-16,CYR25K-AX664-20K,30,0,0,0,30,30,04-2026-BS,
3463,P260402883,26-04-24,26-04-16,CYR40K-AX666-20K,20,0,0,0,20,20,04-2026-BS,
3464,P260402882,26-04-24,26-04-16,CYR50K-AX667-20K,10,0,0,0,10,10,04-2026-BS,
3465,P260402881,26-04-24,26-04-16,CYR10L-AX661-20K,15,0,0,0,15,15,04-2026-BS,
3466,P260402880,26-04-24,26-04-16,CYR15L-AX662-20K,20,0,0,0,20,20,04-2026-BS,
3467,P260402879,26-04-24,26-04-16,CXS25A-BA024-20K,40,0,0,0,40,40,04-2026-BS,
3459,P260402102,26-04-24,26-04-13,CYV32C-R5503A30K,24,35,5,30,24,24,04-2026-BS,
3458,P260402027,26-04-24,26-04-13,MB-40-32-C6777-K,48,41,0,41,0,,04-2026-BS,
3457,P260402012,26-04-24,26-04-10,CYR20L-AX663-20K,15,0,0,0,0,,04-2026-BS,
3456,P260402011,26-04-24,26-04-10,CQS16-02-J4467-K,20,0,0,0,0,20,04-2026-BS,
3455,P260402010,26-04-24,26-04-10,LEY63-1D-30,24,0,0,0,24,24,04-2026-BS,
3454,P260402009,26-04-24,26-04-10,LEY63-1D-30,24,0,0,0,24,24,04-2026-BS,
3453,P260401953,26-04-24,26-04-10,C2QA0A-AD143-30K,24,29,3,26,24,24,04-2026-BS,
3443,P260401871,26-04-24,26-04-09,P6260301-D,42,0,0,0,42,42,04-2026-BS,
3444,P260401870,26-04-24,26-04-09,P4811601-M-1,36,0,0,0,36,36,04-2026-BS,
3445,P260401869,26-04-24,26-04-09,CYR63L-AX668-20K,15,0,0,0,15,15,04-2026-BS,
3446,P260401868,26-04-24,26-04-09,P4730002-D,104,0,0,0,104,104,04-2026-BS,
3447,P260401867,26-04-24,26-04-09,MYH40J-R6302-30K,32,0,0,0,32,32,04-2026-BS,
3450,P260401865,26-04-24,26-04-09,NCA325-03-AV289-20K,10,15,5,10,10,10,04-2026-BS,
3451,P260401864,26-04-24,26-04-09,NCA325-02-AV289-20K,13,0,0,0,13,13,04-2026-BS,
3449,P260401863,26-04-24,26-04-09,NCA200-02-AV287-20K,29,0,0,0,29,29,04-2026-BS,
3452,P260401862,26-04-24,26-04-09,NCA150-03-AV286-20K,43,0,0,0,43,43,04-2026-BS,
3434,P260400763,26-04-24,26-04-02,SY5000-20-118,21,0,0,0,21,21,04-2026-BS,
3435,P260400762,26-04-24,26-04-02,SY30M-20-E-1,2,0,0,0,2,2,04-2026-BS,
3436,P260400761,26-04-24,26-04-02,S370A63T89X80X30,12,0,0,0,12,12,04-2026-BS,
3437,P260400760,26-04-24,26-04-02,S370A63T72X63X30,15,0,0,0,15,15,04-2026-BS,
3438,P260400759,26-04-24,26-04-02,S370A63T38X32X30,20,0,0,0,20,20,04-2026-BS,
3439,P260400758,26-04-24,26-04-02,S370A63T26X20X20,70,0,0,0,70,70,04-2026-BS,
3440,P260400757,26-04-24,26-04-02,S369A63T36X32X30,6,0,0,0,6,6,04-2026-BS,
3441,P260400756,26-04-24,26-04-02,CQS16-02-J4467-K,30,0,0,0,30,30,04-2026-BS,
3442,P260400755,26-04-24,26-04-02,C2Q40A-AD139A20K,10,0,0,0,10,10,04-2026-BS,
3427,P260400735,26-04-24,26-04-02,C9680LCAZ037-30K,6,8,0,8,6,6,04-2026-BS,
3428,P260400734,26-04-24,26-04-02,C9663LCAZ036-30K,6,11,5,6,6,6,04-2026-BS,
3429,P260400733,26-04-24,26-04-02,C9650LCAZ035-30K,6,11,0,11,6,6,04-2026-BS,
3430,P260400732,26-04-24,26-04-02,C9640LCAZ034-30K,6,12,1,11,6,6,04-2026-BS,
3431,P260400731,26-04-24,26-04-02,C9632LAAZ033-30K,3,3,0,3,3,3,04-2026-BS,
3432,P260400730,26-04-24,26-04-02,C96A2LCAZ039-30K,6,7,1,6,6,6,04-2026-BS,
3433,P260400729,26-04-24,26-04-02,C96A0LCAZ038-30K,6,9,0,9,6,6,04-2026-BS,
3384,P260307133,26-04-24,26-04-01,CYR63E-AX668-30K,180,217,5,212,180,180,04-2026,
3385,P260307132,26-04-24,26-04-01,CYR50E-AX667-30K,180,153,0,153,180,180,04-2026,
3386,P260307131,26-04-24,26-04-01,CYR40E-AX666-30K,640,499,7,492,124,,04-2026,
3387,P260307130,26-04-24,26-04-01,CYR32E-AX665-30K,400,279,13,266,400,400,04-2026,
3388,P260307129,26-04-24,26-04-01,LEF25-9D-HF,70,161,39,122,58,,04-2026,
3389,P260307128,26-04-24,26-04-01,LEF40-9D,40,66,0,66,0,,04-2026,
3390,P260307127,26-04-24,26-04-01,LEF25-9D,70,114,0,114,0,35,04-2026,
3391,P260307126,26-04-24,26-04-01,LEF16-9D,126,176,37,139,126,126,04-2026,
3392,P260307125,26-04-24,26-04-01,CYR50L-AX667-20K,24,0,0,0,24,24,04-2026,
3393,P260307124,26-04-24,26-04-01,CYR32J-AX665-20K,80,204,10,194,0,,04-2026,
3394,P260307123,26-04-24,26-04-01,CYR20J-AX663-20K,88,97,1,96,88,88,04-2026,
3395,P260307122,26-04-24,26-04-01,CYR32K-AX665-20K,96,153,4,149,96,96,04-2026,
3396,P260307121,26-04-24,26-04-01,MXH16-27-E7100-K,330,90,1,89,0,,04-2026,
3397,P260307120,26-04-24,26-04-01,CYP15K-R5500-20K,42,59,18,41,0,,04-2026,
3398,P260307119,26-04-24,26-04-01,MYB40-55-AS552-20-K,112,153,12,141,112,112,04-2026,
3399,P260307118,26-04-24,26-04-01,MYB25-55-AS550-20-K,210,0,0,0,0,,04-2026,
3400,P260307117,26-04-24,26-04-01,S369A63T55X50X30,270,389,35,354,270,270,04-2026,
3401,P260307116,26-04-24,26-04-01,S369A63T45X40X30,936,846,6,840,393,351,04-2026,
3402,P260307115,26-04-24,26-04-01,S370A63T89X80X30,240,231,9,222,240,240,04-2026,
3403,P260307114,26-04-24,26-04-01,S370A63T72X63X30,70,103,37,66,70,70,04-2026,
3404,P260307113,26-04-24,26-04-01,S370A63T58X50X30,324,393,12,381,197,108,04-2026,
3405,P260307112,26-04-24,26-04-01,S370A63T47X40X30,880,991,54,937,412,352,04-2026,
3406,P260307111,26-04-24,26-04-01,S370A63T31X25X30,704,608,44,564,321,176,04-2026,
3407,P260307110,26-04-24,26-04-01,C9663ABAC961-30K,665,595,49,546,374,280,04-2026,
3408,P260307109,26-04-24,26-04-01,C9650ABAC960-30K,640,571,34,537,288,280,04-2026,
3409,P260307108,26-04-24,26-04-01,C9640ABAC959-30K,420,357,7,350,315,280,04-2026,
3410,P260307107,26-04-24,26-04-01,CQS16-04-F6465-K,140,214,3,211,140,,04-2026,
3411,P260307106,26-04-24,26-04-01,CXS15A-BA022-20K,400,0,0,0,400,400,04-2026,
3412,P260307105,26-04-24,26-04-01,P3800602-M-2,500,181,0,181,326,300,04-2026,
3413,P260307104,26-04-24,26-04-01,P6260401-D,300,242,88,154,79,30,04-2026,
3414,P260307103,26-04-24,26-04-01,P6260101-D,720,287,11,276,239,216,04-2026,
3415,P260307102,26-04-24,26-04-01,NCA150-03-AV286-20K,96,60,17,43,0,,04-2026,
3416,P260307101,26-04-24,26-04-01,NCA150-02-AV286-20K,48,89,2,87,48,48,04-2026,
3417,P260307100,26-04-24,26-04-01,EQY32A-YA096-30-K,120,101,0,101,0,,04-2026,
3418,P260307099,26-04-24,26-04-01,EQY16A-YA096-30-K,300,412,43,369,300,150,04-2026,
3419,P260307098,26-04-24,26-04-01,EQY25A-YA096-30-K,168,232,1,231,168,168,04-2026,
3420,P260307097,26-04-24,26-04-01,DXT199-20-23-30,864,446,3,443,648,648,04-2026,
3421,P260307096,26-04-24,26-04-01,C2Q025K04-49999,539,271,1,270,282,,04-2026,
3422,P260307095,26-04-24,26-04-01,C2Q020K04-49998,672,586,0,586,318,288,04-2026,
3423,P260307094,26-04-24,26-04-01,CXS15J-28748-20K,966,464,4,460,0,,04-2026,
3424,P260307093,26-04-24,26-04-01,CXS10J-28747-20K,"1,248","1,276",20,"1,256","1,248",1248,04-2026,
3425,P260307092,26-04-24,26-04-01,CXS25A-AS990-20K,225,223,0,223,225,225,04-2026,
3426,P260307091,26-04-24,26-04-01,CXS20A-AS989-20K,616,382,6,376,194,154,04-2026,
3364,P260307090,26-04-24,26-04-01,CXS16A-AS988-20K,637,778,1,777,202,91,04-2026,
3365,P260307089,26-04-24,26-04-01,CXS06A-AS986-20K,105,0,0,0,105,105,04-2026,
3366,P260307088,26-04-24,26-04-01,P4811251-MH1,780,230,10,220,236,156,04-2026,
3367,P260307087,26-04-24,26-04-01,C2Q25A-AD137A30K,312,223,4,219,245,208,04-2026,
3368,P260307086,26-04-24,26-04-01,C2Q20A-AD136A30K,672,486,1,485,498,448,04-2026,
3369,P260307085,26-04-24,26-04-01,P3800401B-M,770,0,0,0,0,,04-2026,
3370,P260307084,26-04-24,26-04-01,CYR32J-AX665-20K,80,0,0,0,0,,04-2026,
3372,P260307083,26-04-24,26-04-01,C2Q63A-AD141A30K,"1,200",919,12,907,"1,061",1008,04-2026,
3373,P260307082,26-04-24,26-04-01,S369A63T55X50X30,324,332,11,321,207,162,04-2026,
3374,P260307081,26-04-24,26-04-01,S369A63T36X32X30,224,419,0,419,224,224,04-2026,
3371,P260307080,26-04-24,26-04-01,S370A63T89X80X30,216,166,18,148,114,54,04-2026,
3375,P260307079,26-04-24,26-04-01,CQS16-04-F6465-K,280,302,6,296,280,140,04-2026,
3376,P260307078,26-04-24,26-04-01,C2Q016K04-56564,700,305,3,302,361,280,04-2026,
3377,P260307077,26-04-24,26-04-01,S502A61T63X13X20,140,166,7,159,140,140,04-2026,
3378,P260307076,26-04-24,26-04-01,CXS25A-BA024-20K,162,208,13,195,162,162,04-2026,
3379,P260307075,26-04-24,26-04-01,CXS15A-BA022-20K,416,507,17,490,0,,04-2026,
3380,P260307074,26-04-24,26-04-01,C2Q20G-P1282-30K,"1,430","1,148",4,"1,144",858,858,04-2026,
3381,P260307073,26-04-24,26-04-01,C2Q16G-P1281-30K,"2,080","1,300",1,"1,299","1,299",1248,04-2026,
3382,P260307072,26-04-24,26-04-01,C2Q12G-P1280-30K,"1,428",794,2,792,874,714,04-2026,
3383,P260307071,26-04-24,26-04-01,C2J10M-AF112-25K,"3,354","1,798",24,"1,774","1,942",1118,04-2026,
3356,P260305744,26-03-31,26-03-25,MGP40A-AC906-30K,28,0,0,0,28,28,03-2026-BS,
3357,P260305743,26-03-31,26-03-25,VJ300-8-5,127,0,0,0,127,127,03-2026-BS,
3359,P260305742,26-03-31,26-03-25,S500A61TA0X20X20,10,0,0,0,10,10,03-2026-BS,
3360,P260305741,26-03-31,26-03-25,MGP50A-AC897-20K,10,0,0,0,10,10,03-2026-BS,
3361,P260305740,26-03-31,26-03-25,MGP16A-AC892-30K,43,0,0,0,43,43,03-2026-BS,
3362,P260305739,26-03-31,26-03-25,C1K50L-AS975-30K,22,0,0,0,22,22,03-2026-BS,
3363,P260305738,26-03-31,26-03-25,MGP32A-AC905-30K,19,0,0,0,19,19,03-2026-BS,
3358,P260305737,26-03-31,26-03-25,S502A61T40X09X27,98,0,0,0,98,98,03-2026-BS,
3353,P260305385,26-03-31,26-03-24,S370A63T89X80X30,36,0,0,0,36,36,03-2026-BS,
3354,P260305384,26-03-31,26-03-24,MGP12A-AC891-30K,95,103,20,83,95,95,03-2026-BS,
3355,P260305383,26-03-31,26-03-24,C1SB0E-AA752-15K,70,83,1,82,70,70,03-2026-BS,
3346,P260304626,26-03-31,26-03-19,S370A63T89X80X30,2,0,0,0,2,2,03-2026-BS,
3347,P260304625,26-03-31,26-03-19,CXS25A-BA024-20K,40,0,0,0,40,40,03-2026-BS,
3348,P260304624,26-03-31,26-03-19,C1K63L-AS976-30K,5,0,0,0,5,5,03-2026-BS,
3349,P260304623,26-03-31,26-03-19,CYP32K-R5501-20K,1,0,0,0,1,1,03-2026-BS,
3350,P260304622,26-03-31,26-03-19,CYP32K-R5501-20K,1,0,0,0,1,1,03-2026-BS,
3351,P260304621,26-03-31,26-03-19,CXS06A-R6000-20K,1,0,0,0,1,1,03-2026-BS,
3352,P260304620,26-03-31,26-03-19,C2Q50-04-J0781-K,10,0,0,0,10,10,03-2026-BS,
3338,P260303834,26-03-31,26-03-19,C9680LAAZ037-30K,3,3,0,3,3,3,03-2026-BS,
3339,P260303833,26-03-31,26-03-19,C9663LAAZ036-30K,3,4,0,4,3,3,03-2026-BS,
3340,P260303832,26-03-31,26-03-19,C9650LAAZ035-30K,3,3,0,3,3,3,03-2026-BS,
3342,P260303831,26-03-31,26-03-19,C9640LAAZ034-30K,3,3,0,3,3,3,03-2026-BS,
3343,P260303830,26-03-31,26-03-19,C9632LCAZ033-30K,3,3,0,3,3,3,03-2026-BS,
3344,P260303829,26-03-31,26-03-19,C9632LBAZ033-30K,3,21,0,21,3,3,03-2026-BS,
3341,P260303828,26-03-31,26-03-19,C96A2LAAZ039-30K,3,3,0,3,3,3,03-2026-BS,
3345,P260303827,26-03-31,26-03-19,C96A0LAAZ038-30K,3,3,0,3,3,3,03-2026-BS,
3335,P260303719,26-03-31,26-03-18,C1SA6E-AA750-15K,108,114,0,114,108,108,03-2026-BS,
3336,P260303718,26-03-31,26-03-18,P3319201-M,45,0,0,0,45,45,03-2026-BS,
3337,P260303717,26-03-31,26-03-18,CXS06A-R6000-20K,8,0,0,0,8,8,03-2026-BS,
3334,P260302531,26-03-31,26-03-10,CYV32C-R5503A20K,28,0,0,0,28,28,03-2026-BS,
3330,P260302461,26-03-31,26-03-10,XLA80-1B,18,0,0,0,18,18,03-2026-BS,
3331,P260302460,26-03-31,26-03-10,MGPA0A-AC900-20K,4,0,0,0,4,4,03-2026-BS,
3332,P260302459,26-03-31,26-03-10,P7471701-M,24,0,0,0,24,24,03-2026-BS,
3333,P260302457,26-03-31,26-03-10,P3802601B-M,84,0,0,0,84,84,03-2026-BS,
3323,P260302102,26-03-31,26-03-10,P3802701B-M,60,0,0,0,60,60,03-2026-BS,
3324,P260302101,26-03-31,26-03-10,CYB40K-AS381-20K,24,0,0,0,24,24,03-2026-BS,
3325,P260302100,26-03-31,26-03-10,C2QA0A-AD143-30K,8,0,0,0,8,8,03-2026-BS,
3326,P260302099,26-03-31,26-03-10,C2Q80A-AD142-30K,30,0,0,0,30,30,03-2026-BS,
3327,P260302098,26-03-31,26-03-10,C2Q50A-AD140A30K,35,0,0,0,35,35,03-2026-BS,
3328,P260302097,26-03-31,26-03-10,C2Q40A-AD139A30K,54,0,0,0,54,54,03-2026-BS,
3329,P260302096,26-03-31,26-03-10,C1GA0L-M3207-20K,8,0,0,0,8,8,03-2026-BS,
3322,P260302064,26-03-31,26-03-10,S369A63T55X50X30,3,0,0,0,3,3,03-2026-BS,
3312,P260301743,26-03-31,26-03-10,VJ100-16-7,4,0,0,0,4,4,03-2026-BS,
3313,P260301742,26-03-31,26-03-10,SY7000-20-1,4,0,0,0,4,4,03-2026-BS,
3314,P260301741,26-03-31,26-03-10,SY5000-20-1,4,0,0,0,4,4,03-2026-BS,
3315,P260301739,26-03-31,26-03-10,SY30M-20-E-1,4,0,0,0,4,4,03-2026-BS,
3316,P260301738,26-03-31,26-03-10,SY3000-20-1,4,0,0,0,4,4,03-2026-BS,
3317,P260301736,26-03-31,26-03-10,S369A63T36X32X30,7,0,0,0,7,7,03-2026-BS,
3318,P260301735,26-03-31,26-03-10,DXT199-20-23,4,0,0,0,4,4,03-2026-BS,
3319,P260301733,26-03-31,26-03-10,DXT192-11-44,4,39,0,39,4,4,03-2026-BS,
3320,P260301732,26-03-31,26-03-10,CXS06A-R6000-20K,15,0,0,0,15,15,03-2026-BS,
3321,P260301731,26-03-31,26-03-10,C9640ABAC959-30K,16,0,0,0,16,16,03-2026-BS,
3311,P260301604,26-03-31,26-03-06,P8910302-D,48,0,0,0,48,48,03-2026-BS,
3310,P260301590,26-03-31,26-03-06,C2Q025K04-49999,10,0,0,0,10,10,03-2026-BS,
3304,P260301586,26-03-31,26-03-06,S369A63T45X40X30,13,0,0,0,13,13,03-2026-BS,
3305,P260301585,26-03-31,26-03-06,S370A63T26X20X20,30,0,0,0,30,30,03-2026-BS,
3306,P260301583,26-03-31,26-03-06,CQS16-02-J4467-K,6,0,0,0,6,6,03-2026-BS,
3307,P260301582,26-03-31,26-03-06,CXS06A-R6000-20K,2,0,0,0,2,2,03-2026-BS,
3308,P260301581,26-03-31,26-03-06,C2J16M-AF113-25K,10,0,0,0,10,10,03-2026-BS,
3309,P260301580,26-03-31,26-03-06,C2J10M-AF112-25K,10,0,0,0,10,10,03-2026-BS,
3299,P260300081,26-03-31,26-03-02,CYR10E-AX661-30K,504,476,33,443,504,504,03-2026,
3300,P260300080,26-03-31,26-03-02,C2Q025K04-49999,77,82,13,69,77,77,03-2026,
3301,P260300079,26-03-31,26-03-02,CYR63L-AX668-20K,30,49,6,43,30,30,03-2026,
3302,P260300078,26-03-31,26-03-02,CYR50L-AX667-20K,24,58,12,46,24,24,03-2026,
3235,P260300077,26-03-31,26-03-02,CYR15L-AX662-20K,165,205,93,112,165,165,03-2026,
3237,P260300076,26-03-31,26-03-02,CYR10L-AX661-20K,247,216,5,211,247,247,03-2026,
3238,P260300075,26-03-31,26-03-02,CYR06L-AX660-20K,425,518,160,358,403,,03-2026,
3236,P260300074,26-03-31,26-03-02,CYR25J-AX664-20K,140,159,7,152,140,140,03-2026,
3239,P260300073,26-03-31,26-03-02,CYR50K-AX667-20K,40,55,0,55,40,40,03-2026,
3240,P260300072,26-03-31,26-03-02,MXH06-27-E7098-K,208,309,30,279,191,,03-2026,
3241,P260300071,26-03-31,26-03-02,CQS16-02-J4467-K,140,177,8,169,140,140,03-2026,
3242,P260300070,26-03-31,26-03-02,XLS25-1-1B,108,99,18,81,91,72,03-2026,
3243,P260300069,26-03-31,26-03-02,S370A63T89X80X30,120,167,16,151,120,120,03-2026,
3244,P260300068,26-03-31,26-03-02,S370A63T72X63X30,175,253,17,236,175,175,03-2026,
3245,P260300067,26-03-31,26-03-02,S370A63T58X50X30,216,351,17,334,216,216,03-2026,
3246,P260300066,26-03-31,26-03-02,S370A63T38X32X30,504,923,145,778,504,504,03-2026,
3247,P260300065,26-03-31,26-03-02,S370A63T31X25X30,704,"1,594",414,"1,180",704,704,03-2026,
3248,P260300064,26-03-31,26-03-02,S370A63T26X20X20,528,415,54,361,528,528,03-2026,
3249,P260300063,26-03-31,26-03-02,C9663ABAC961-30K,350,827,211,616,350,350,03-2026,
3250,P260300062,26-03-31,26-03-02,C9650ABAC960-30K,200,288,41,247,200,200,03-2026,
3251,P260300061,26-03-31,26-03-02,C9640ABAC959-30K,700,804,29,775,700,700,03-2026,
3252,P260300060,26-03-31,26-03-02,CQS12-04-F6462-K,176,59,0,59,176,176,03-2026,
3253,P260300059,26-03-31,26-03-02,CXS06A-R6000-20K,234,95,3,92,0,,03-2026,
3254,P260300058,26-03-31,26-03-02,C2J06LAAH080-30K,912,864,4,860,912,912,03-2026,
3255,P260300057,26-03-31,26-03-02,P3800602-M-2,500,634,0,634,500,500,03-2026,
3256,P260300056,26-03-31,26-03-02,P6260401-D,300,361,68,293,300,300,03-2026,
3257,P260300055,26-03-31,26-03-02,P6260301-D,420,552,112,440,420,420,03-2026,
3258,P260300054,26-03-31,26-03-02,P4730002-D,624,753,3,750,624,624,03-2026,
3259,P260300053,26-03-31,26-03-02,XLA16-1B-S,110,44,2,42,0,,03-2026,
3260,P260300052,26-03-31,26-03-02,NCA150-02-AV286-20K,96,129,16,113,96,96,03-2026,
3261,P260300051,26-03-31,26-03-02,LEY63-1D-30,48,159,44,115,48,48,03-2026,
3263,P260300050,26-03-31,26-03-02,DXT199-20-23-30,972,"1,461",45,"1,416",972,972,03-2026,
3264,P260300049,26-03-31,26-03-02,DXT192-11-44-30,"1,650","1,359",14,"1,345","1,127",990,03-2026,
3265,P260300048,26-03-31,26-03-02,CXS06J-A5157-20K,"1,600","1,560",18,"1,542","1,600",1600,03-2026,
3266,P260300047,26-03-31,26-03-02,CXS20A-AS989-20K,385,217,0,217,385,385,03-2026,
3267,P260300046,26-03-31,26-03-02,CXS10A-AS987-20K,405,179,12,167,105,105,03-2026,
3268,P260300045,26-03-31,26-03-02,P4811251-MH1,780,"1,136",57,"1,079",780,780,03-2026,
3262,P260300044,26-03-31,26-03-02,C2Q25A-AD137A30K,312,310,7,303,312,312,03-2026,
3269,P260300043,26-03-31,26-03-02,CYB20K-AS378-20K,96,104,0,104,96,96,03-2026,
3270,P260300042,26-03-31,26-03-02,P3800401B-M,924,591,70,521,744,693,03-2026,
3271,P260300041,26-03-31,26-03-02,P3800201B-M,396,258,1,257,396,396,03-2026,
3272,P260300040,26-03-31,26-03-02,P79001005-M,286,668,16,652,286,286,03-2026,
3274,P260300038,26-03-31,26-03-02,S370A63T89X80X30,180,357,115,242,180,180,03-2026,
3275,P260300037,26-03-31,26-03-02,S370A63T38X32X30,336,171,50,121,336,336,03-2026,
3276,P260300036,26-03-31,26-03-02,S370A63T31X25X30,480,0,0,0,480,480,03-2026,
3277,P260300035,26-03-31,26-03-02,C2J16L-AH081-30K,624,466,158,308,355,208,03-2026,
3278,P260300034,26-03-31,26-03-02,C2Q50G-F2256-30K,240,308,24,284,240,240,03-2026,
3279,P260300033,26-03-31,26-03-02,S500A61T63X14X20,350,378,36,342,350,350,03-2026,
3280,P260300032,26-03-31,26-03-02,CXS06A-R6000-20K,468,190,21,169,234,234,03-2026,
3281,P260300031,26-03-31,26-03-02,CG-040K02-35903A,432,466,56,410,432,432,03-2026,
3282,P260300030,26-03-31,26-03-02,MGP40A-AC896-30K,180,248,20,228,100,100,03-2026,
3283,P260300029,26-03-31,26-03-02,MGP32A-AC895-30K,264,245,44,201,198,198,03-2026,
3285,P260300028,26-03-31,26-03-02,MGP25A-AC904-30K,144,139,2,137,144,144,03-2026,
3286,P260300027,26-03-31,26-03-02,MGP16A-AC902-30K,170,155,0,155,170,170,03-2026,
3287,P260300026,26-03-31,26-03-02,C1G25K02-AM406,480,503,18,485,480,480,03-2026,
3288,P260300025,26-03-31,26-03-02,C3G63K02-AG006,84,97,14,83,84,84,03-2026,
3284,P260300024,26-03-31,26-03-02,C3G50K02-AG005,162,160,9,151,162,162,03-2026,
3289,P260300023,26-03-31,26-03-02,C3G40K02-AG004,231,248,25,223,231,231,03-2026,
3290,P260300022,26-03-31,26-03-02,C3G32K02-AG003,351,334,7,327,349,234,03-2026,
3291,P260300021,26-03-31,26-03-02,C3G25K02-AG002,480,517,9,508,480,480,03-2026,
3292,P260300020,26-03-31,26-03-02,C3G20K02-AG001,247,251,25,226,247,247,03-2026,
3293,P260300019,26-03-31,26-03-02,C2M040K03-68717B,252,264,7,257,252,252,03-2026,
3294,P260300018,26-03-31,26-03-02,C2M040K02-68717B,336,368,23,345,336,336,03-2026,
3295,P260300017,26-03-31,26-03-02,C2M032K03-68716B,540,572,5,567,540,540,03-2026,
3296,P260300016,26-03-31,26-03-02,C2M032K02-68716B,135,119,3,116,135,135,03-2026,
3297,P260300015,26-03-31,26-03-02,C2Q40G-P1285-30K,336,351,4,347,336,336,03-2026,
3298,P260300014,26-03-31,26-03-02,C2Q32G-P1284-30K,675,626,39,587,675,675,03-2026,
3234,P260204647,26-02-27,26-02-25,C2Q012K04-56563,10,233,1,232,10,10,02-2026-BS,
3233,P260204646,26-02-27,26-02-25,CXS06A-R6000-20K,4,188,0,188,4,4,02-2026-BS,
3232,P260204645,26-02-27,26-02-25,CXS06A-R6000-20K,4,0,0,0,4,4,02-2026-BS,
3228,P260201243,26-02-28,26-02-01,MYM20LAK0501-20K,100,84,0,84,100,100,02-2026,
3229,P260201242,26-02-28,26-02-01,MGZ63LBQ5434-20K,20,0,0,0,20,20,02-2026,
3230,P260201241,26-02-28,26-02-01,P3552342-0101M,64,0,0,0,64,64,02-2026,
3231,P260201240,26-02-28,26-02-01,RHC32K27-82083A,56,69,0,69,56,56,02-2026,
3227,P260200211,26-02-28,26-02-01,CYR32E-AX665-30K,300,340,2,338,300,300,02-2026,
3226,P260200210,26-02-28,26-02-01,RSQ12G-M2080-20K,352,416,15,401,352,352,02-2026,
3225,P260200209,26-02-28,26-02-01,MLU25-27-Z0411-K,160,202,1,201,160,160,02-2026,
3224,P260200208,26-02-28,26-02-01,CYR20E-AX663-30K,800,839,43,796,800,800,02-2026,
3223,P260200207,26-02-28,26-02-01,CYR40L-AX666-20K,40,90,45,45,40,40,02-2026,
3222,P260200206,26-02-28,26-02-01,CYR40K-AX666-20K,70,74,0,74,70,70,02-2026,
3221,P260200205,26-02-28,26-02-01,CYR25K-AX664-20K,70,95,0,95,70,70,02-2026,
3220,P260200204,26-02-28,26-02-01,CYR15K-AX662-20K,260,321,7,314,260,260,02-2026,
3219,P260200203,26-02-28,26-02-01,CYR10K-AX661-20K,192,214,0,214,192,192,02-2026,
3218,P260200202,26-02-28,26-02-01,CYR06K-AX660-20K,315,286,1,285,315,315,02-2026,
3217,P260200201,26-02-28,26-02-01,MTS40-02-J3855-K,144,153,5,148,144,144,02-2026,
3216,P260200200,26-02-28,26-02-01,XLA80-1B,54,121,52,69,54,54,02-2026,
3215,P260200199,26-02-28,26-02-01,P3910018,64,87,23,64,62,48,02-2026,
3214,P260200198,26-02-28,26-02-01,P3910016,30,10,2,8,30,30,02-2026,
3213,P260200197,26-02-28,26-02-01,MGPA0A-AC900-20K,20,31,4,27,20,20,02-2026,
3212,P260200196,26-02-28,26-02-01,C1GA0L-M3207-20K,8,42,26,16,8,8,02-2026,
3211,P260200195,26-02-28,26-02-01,P4811501-M-1,49,36,0,36,49,49,02-2026,
3210,P260200194,26-02-28,26-02-01,S370A63T58X50X30,216,457,65,392,216,216,02-2026,
3209,P260200193,26-02-28,26-02-01,S370A63T47X40X30,88,221,15,206,88,88,02-2026,
3208,P260200192,26-02-28,26-02-01,CQS25-04-F6467-K,77,94,1,93,77,77,02-2026,
3207,P260200191,26-02-28,26-02-01,CQS20-04-F6466-K,96,96,2,94,96,96,02-2026,
3206,P260200190,26-02-28,26-02-01,C2J06LAAH080-30K,456,480,0,480,456,456,02-2026,
3205,P260200189,26-02-28,26-02-01,P3800602-M-2,350,347,15,332,350,350,02-2026,
3204,P260200188,26-02-28,26-02-01,P6260401-D,240,236,44,192,240,240,02-2026,
3203,P260200187,26-02-28,26-02-01,P4730002-D,208,166,2,164,208,208,02-2026,
3202,P260200186,26-02-28,26-02-01,C2Q32-04-J0779-K,180,113,5,108,180,180,02-2026,
3201,P260200185,26-02-28,26-02-01,XLA40-1B-S,200,39,32,7,0,,02-2026,
3200,P260200184,26-02-28,26-02-01,XLA25-1B-S,540,0,0,0,0,,02-2026,
3199,P260200183,26-02-28,26-02-01,DXT199-20-23-30,432,417,8,409,432,432,02-2026,
3198,P260200182,26-02-28,26-02-01,DXT192-11-44-30,660,570,4,566,660,660,02-2026,
3197,P260200181,26-02-28,26-02-01,C1G63K02-AM410,56,63,17,46,56,56,02-2026,
3196,P260200180,26-02-28,26-02-01,C1G50K02-AM409,90,83,13,70,90,90,02-2026,
3195,P260200179,26-02-28,26-02-01,C2Q020K04-49998,288,264,1,263,288,288,02-2026,
3194,P260200178,26-02-28,26-02-01,CXS32J-28751-20K,384,404,2,402,384,384,02-2026,
3193,P260200177,26-02-28,26-02-01,CXS20J-28749-20K,340,302,7,295,340,340,02-2026,
3192,P260200176,26-02-28,26-02-01,CXS15J-28748-20K,483,520,2,518,483,483,02-2026,
3191,P260200175,26-02-28,26-02-01,CXS06J-A5157-20K,800,896,6,890,800,800,02-2026,
3190,P260200174,26-02-28,26-02-01,CXS32A-AS991-20K,128,99,0,99,128,128,02-2026,
3189,P260200173,26-02-28,26-02-01,CXS25A-AS990-20K,135,111,1,110,135,135,02-2026,
3188,P260200172,26-02-28,26-02-01,CXS20A-AS989-20K,308,458,1,457,308,308,02-2026,
3187,P260200171,26-02-28,26-02-01,CXS16A-AS988-20K,455,97,1,96,455,455,02-2026,
3186,P260200170,26-02-28,26-02-01,MK-16L-AF606-20K,294,350,0,350,294,294,02-2026,
3185,P260200169,26-02-28,26-02-01,C2Q12A-AD367-30K,240,251,8,243,240,240,02-2026,
3184,P260200168,26-02-28,26-02-01,C2Q25A-AD137A30K,104,135,1,134,104,104,02-2026,
3183,P260200167,26-02-28,26-02-01,C2Q20A-AD136A30K,112,79,0,79,112,112,02-2026,
3182,P260200166,26-02-28,26-02-01,P3800401B-M,385,724,144,580,385,385,02-2026,
3181,P260200165,26-02-28,26-02-01,P3800301B-M,234,446,82,364,150,117,02-2026,
3180,P260200164,26-02-28,26-02-01,P3800201B-M,396,698,107,591,396,396,02-2026,
3179,P260200163,26-02-28,26-02-01,C2QA0A-AD143-30K,16,25,0,25,16,16,02-2026,
3178,P260200162,26-02-28,26-02-01,C2Q80A-AD142-30K,30,0,0,0,30,30,02-2026,
3177,P260200161,26-02-28,26-02-01,C2Q50A-AD140A30K,105,125,0,125,105,105,02-2026,
3176,P260200160,26-02-28,26-02-01,C2Q40A-AD139A30K,540,529,6,523,540,540,02-2026,
3175,P260200159,26-02-28,26-02-01,C2Q80G-F2258-20K,30,0,0,0,30,30,02-2026,
3174,P260200158,26-02-28,26-02-01,MGP50A-AC897-20K,224,213,7,206,224,224,02-2026,
3173,P260200157,26-02-28,26-02-01,S370A63T47X40X30,462,502,99,403,462,462,02-2026,
3172,P260200156,26-02-28,26-02-01,CQS16-04-F6465-K,140,109,0,109,140,140,02-2026,
3171,P260200155,26-02-28,26-02-01,C2Q63G-F2257-20K,112,118,18,100,112,112,02-2026,
3170,P260200154,26-02-28,26-02-01,S502A61T50X13X27,180,199,0,199,180,180,02-2026,
3169,P260200153,26-02-28,26-02-01,S500A61T63X14X20,35,141,28,113,35,35,02-2026,
3168,P260200152,26-02-28,26-02-01,S500A61T50X14X30,60,111,30,81,60,60,02-2026,
3167,P260200151,26-02-28,26-02-01,CXS25A-BA024-20K,54,123,49,74,54,54,02-2026,
3166,P260200150,26-02-28,26-02-01,C1G40L-AT034-30K,77,59,9,50,77,77,02-2026,
3165,P260200149,26-02-28,26-02-01,C3G63K02-AG006,28,34,1,33,28,28,02-2026,
3164,P260200148,26-02-28,26-02-01,C3G50K02-AG005,54,49,0,49,54,54,02-2026,
3163,P260200147,26-02-28,26-02-01,C2M025K02-68715B,170,187,0,187,170,170,02-2026,
3162,P260200146,26-02-28,26-02-01,C2M020K02-68714B,546,546,2,544,546,546,02-2026,
3161,P260200145,26-02-28,26-02-01,S501A61T43X16X30,168,155,7,148,168,168,02-2026,
3160,P260200144,26-02-28,26-02-01,S501A61T19X08X30,416,390,20,370,416,416,02-2026,
3159,P260200143,26-02-28,26-02-01,C2Q020K31-49998A,247,300,4,296,247,247,02-2026,
3158,P260200142,26-02-28,26-02-01,CG-040K02-35903A,270,272,0,272,270,270,02-2026,
3097,P260103993,26-01-31,26-01-16,CXS20A-AS989-20K,60,64,2,62,60,60,01-2026-BS,
3157,P260106423,26-01-31,26-01-01,S500A61T80X17X20,100,0,0,0,100,100,01-2026-BS,
3156,P260106287,26-01-31,26-01-01,CXS20A-AS989-20K,154,174,1,173,154,154,01-2026-BS,
3145,P260105568,26-01-31,26-01-01,MXH06-27-E7098-K,4,77,5,72,4,4,01-2026-BS,
3146,P260105567,26-01-31,26-01-01,XLA50-3-1B,40,0,0,0,40,40,01-2026-BS,
3148,P260105566,26-01-31,26-01-01,V100-75-4,80,0,0,0,80,80,01-2026-BS,
3147,P260105565,26-01-31,26-01-01,S502A61T80X17X20,20,0,0,0,20,20,01-2026-BS,
3149,P260105563,26-01-31,26-01-01,MXH16-47A7630K-K,32,0,0,0,32,32,01-2026-BS,
3150,P260105562,26-01-31,26-01-01,MTS25-02-J3853-K,30,0,0,0,30,30,01-2026-BS,
3151,P260105561,26-01-31,26-01-01,P40109002-D,70,0,0,0,70,70,01-2026-BS,
3152,P260105560,26-01-31,26-01-01,P8910202-D,63,0,0,0,63,63,01-2026-BS,
3154,P260105559,26-01-31,26-01-01,P40606002-D,54,0,0,0,54,54,01-2026-BS,
3153,P260105558,26-01-31,26-01-01,P4811301-M-1,100,89,0,89,100,100,01-2026-BS,
3155,P260105557,26-01-31,26-01-01,MGP32A-AC905-30K,33,0,0,0,33,33,01-2026-BS,
3130,P260105556,26-01-31,26-01-01,CUJ12A-AD252-20K,225,239,3,236,225,225,01-2026-BS,
3131,P260105555,26-01-31,26-01-01,C2U32A-AS925-20K,49,35,13,22,49,49,01-2026-BS,
3132,P260105554,26-01-31,26-01-01,C2U25A-AS924-20K,162,59,5,54,162,162,01-2026-BS,
3133,P260105553,26-01-31,26-01-01,C2U20A-AS923-20K,121,47,3,44,121,121,01-2026-BS,
3134,P260105552,26-01-31,26-01-01,P4730001-D,150,0,0,0,150,150,01-2026-BS,
3135,P260105551,26-01-31,26-01-01,C2QA0A-AD143-20K,30,0,0,0,30,30,01-2026-BS,
3136,P260105550,26-01-31,26-01-01,C2Q80A-AD142-20K,12,338,110,228,12,12,01-2026-BS,
3137,P260105549,26-01-31,26-01-01,C2Q63A-AD141A20K,20,0,0,0,20,20,01-2026-BS,
3138,P260105548,26-01-31,26-01-01,C2Q63L-AD141-20K,80,68,6,62,80,80,01-2026-BS,
3139,P260105547,26-01-31,26-01-01,C2Q50-04-J0781-K,28,21,0,21,28,28,01-2026-BS,
3140,P260105546,26-01-31,26-01-01,C2Q40-02-J0786-K,192,208,16,192,192,192,01-2026-BS,
3141,P260105545,26-01-31,26-01-01,C2Q12A-AD367-20K,176,129,5,124,176,176,01-2026-BS,
3142,P260105544,26-01-31,26-01-01,AXT663-1-X448,88,50,0,50,88,88,01-2026-BS,
3143,P260105543,26-01-31,26-01-01,AXT663-1-X437,77,39,0,39,77,77,01-2026-BS,
3144,P260105542,26-01-31,26-01-01,C9650ABAC960-30K,40,0,0,0,40,40,01-2026-BS,
3116,P260104881,26-01-31,26-01-01,MGP40A-AC896-30K,20,0,0,0,20,20,01-2026-BS,
3117,P260104880,26-01-31,26-01-01,CYR20K-AX663-20K,40,0,0,0,40,40,01-2026-BS,
3118,P260104879,26-01-31,26-01-01,CYR25K-AX664-20K,30,0,0,0,30,30,01-2026-BS,
3119,P260104878,26-01-31,26-01-01,CYR20K-AX663-20K,40,0,0,0,40,40,01-2026-BS,
3120,P260104877,26-01-31,26-01-01,CYR25K-AX664-20K,30,0,0,0,30,30,01-2026-BS,
3121,P260104876,26-01-31,26-01-01,CYR63K-AX668-20K,8,0,0,0,8,8,01-2026-BS,
3122,P260104875,26-01-31,26-01-01,S370A63T89X80X30,2,0,0,0,2,2,01-2026-BS,
3123,P260104874,26-01-31,26-01-01,CXS06A-R6000-20K,4,0,0,0,4,4,01-2026-BS,
3124,P260104873,26-01-31,26-01-01,CXS06A-R6000-20K,2,0,0,0,2,2,01-2026-BS,
3125,P260104872,26-01-31,26-01-01,MK-40L-AF610-20K,5,0,0,0,5,5,01-2026-BS,
3126,P260104871,26-01-31,26-01-01,MK-32L-AF609-20K,5,0,0,0,5,5,01-2026-BS,
3127,P260104870,26-01-31,26-01-01,MK-25L-AF608-20K,5,0,0,0,5,5,01-2026-BS,
3128,P260104869,26-01-31,26-01-01,MK-20L-AF607-20K,5,0,0,0,5,5,01-2026-BS,
3129,P260104868,26-01-31,26-01-01,CXS20A-AS989-20K,50,54,0,54,50,50,01-2026-BS,
3109,P260104865,26-01-31,26-01-01,C2Q025K04-49999-30K,15,26,0,26,15,15,01-2026-BS,
3110,P260104864,26-01-31,26-01-01,C2Q25A-AD137A30K,25,0,0,0,25,25,01-2026-BS,
3111,P260104863,26-01-31,26-01-01,CQS25-04-F6467-30K,130,141,0,141,130,130,01-2026-BS,
3112,P260104862,26-01-31,26-01-01,C2Q020K04-49998-30K,15,27,0,27,15,15,01-2026-BS,
3113,P260104861,26-01-31,26-01-01,C2Q20A-AD136A30K,25,29,0,29,25,25,01-2026-BS,
3114,P260104860,26-01-31,26-01-01,CQS20-04-F6466-30K,125,179,3,176,125,125,01-2026-BS,
3115,P260104859,26-01-31,26-01-01,JSY31M-20-E-3,20,57,0,57,20,20,01-2026-BS,
3099,P260104472,26-01-31,26-01-01,CYR63E-AX668-30K,25,77,6,71,25,25,01-2026-BS,
3100,P260104471,26-01-31,26-01-01,CYR50E-AX667-30K,50,131,2,129,50,50,01-2026-BS,
3101,P260104470,26-01-31,26-01-01,CYR40E-AX666-30K,400,637,20,617,400,400,01-2026-BS,
3102,P260104469,26-01-31,26-01-01,CYR20E-AX663-30K,800,"1,258",35,"1,223",800,800,01-2026-BS,
3103,P260104468,26-01-31,26-01-01,CYR15E-AX662-30K,"1,400","2,334",32,"2,302","1,400",1400,01-2026-BS,
3104,P260104467,26-01-31,26-01-01,CYR10E-AX661-30K,200,308,4,304,200,200,01-2026-BS,
3105,P260104466,26-01-31,26-01-01,CYR32K-AX665-20K,60,64,0,64,60,60,01-2026-BS,
3106,P260104465,26-01-31,26-01-01,CYR25K-AX664-20K,35,94,1,93,35,35,01-2026-BS,
3107,P260104464,26-01-31,26-01-01,CYR20K-AX663-20K,37,118,0,118,37,37,01-2026-BS,
3108,P260104463,26-01-31,26-01-01,CYR15K-AX662-20K,26,67,0,67,26,26,01-2026-BS,
3098,P260104310,26-01-31,26-01-01,CYV32C-R5503A20K,24,0,0,0,24,24,01-2026-BS,
3087,P260103757,26-01-31,26-01-01,C2Q32A-AD138A20K,2,0,0,0,2,2,01-2026-BS,
3088,P260103756,26-01-31,26-01-01,CYR50L-AX667-20K,5,0,0,0,5,5,01-2026-BS,
3089,P260103755,26-01-31,26-01-01,C2Q40A-AD139A20K,10,0,0,0,10,10,01-2026-BS,
3090,P260103754,26-01-31,26-01-01,CYR32L-AX665-20K,20,0,0,0,20,20,01-2026-BS,
3091,P260103753,26-01-31,26-01-01,CYR06K-AX660-20K,15,0,0,0,15,15,01-2026-BS,
3092,P260103752,26-01-31,26-01-01,CYR06L-AX660-20K,10,0,0,0,10,10,01-2026-BS,
3093,P260103751,26-01-31,26-01-01,CYR10L-AX661-20K,15,0,0,0,15,15,01-2026-BS,
3094,P260103750,26-01-31,26-01-01,CYR20L-AX663-20K,15,0,0,0,15,15,01-2026-BS,
3095,P260103749,26-01-31,26-01-01,CYR15L-AX662-20K,20,0,0,0,20,20,01-2026-BS,
3096,P260103748,26-01-31,26-01-01,CYR25L-AX664-20K,25,0,0,0,25,25,01-2026-BS,
3085,P260103747,26-01-31,26-01-01,CYR25L-AX664-20K,25,0,0,0,25,25,01-2026-BS,
3086,P260103746,26-01-31,26-01-01,CYR25L-AX664-20K,25,0,0,0,25,25,01-2026-BS,
3081,P260103266,26-01-31,26-01-01,DXT199-20-23,231,263,4,259,231,231,01-2026-BS,
3082,P260103265,26-01-31,26-01-01,P4730002-D,208,334,59,275,208,208,01-2026-BS,
3083,P260103264,26-01-31,26-01-01,CYP32K-R5501-20K,1,0,0,0,1,1,01-2026-BS,
3084,P260103263,26-01-31,26-01-01,CXS06A-R6000-20K,13,0,0,0,13,13,01-2026-BS,
3074,P251206222,26-01-31,26-01-01,P8910202-D,126,221,8,213,126,126,01-2026,
3075,P251206221,26-01-31,26-01-01,CYP032-32D29450,105,130,0,130,105,105,01-2026,
3076,P251206220,26-01-31,26-01-01,CYP025-32D29449,144,191,1,190,144,144,01-2026,
3077,P251206219,26-01-31,26-01-01,P8910180-D,126,159,14,145,126,126,01-2026,
3078,P251206218,26-01-31,26-01-01,CYR40K-AX666-20K,35,43,0,43,35,35,01-2026,
3079,P251206217,26-01-31,26-01-01,P7471701-M,24,39,8,31,24,24,01-2026,
3080,P251206216,26-01-31,26-01-01,MYH40J-R6302-30K,96,153,8,145,96,96,01-2026,
3057,P251206204,26-01-31,26-01-01,S369A63T55X50X30,"1,080","1,014",135,879,"1,080",1080,01-2026,
3056,P251206203,26-01-31,26-01-01,S369A63T45X40X30,702,"1,002",81,921,702,702,01-2026,
3055,P251206202,26-01-31,26-01-01,S369A63T36X32X30,420,547,51,496,420,420,01-2026,
3054,P251206201,26-01-31,26-01-01,S370A63T89X80X30,48,82,19,63,48,48,01-2026,
3053,P251206200,26-01-31,26-01-01,S370A63T72X63X30,140,266,42,224,140,140,01-2026,
3052,P251206199,26-01-31,26-01-01,S370A63T58X50X30,270,259,36,223,270,270,01-2026,
3051,P251206198,26-01-31,26-01-01,S370A63T47X40X30,704,401,22,379,704,704,01-2026,
3050,P251206197,26-01-31,26-01-01,CXS10A-R6001-20K,320,154,19,135,0,,01-2026,
3049,P251206196,26-01-31,26-01-01,C2J06LAAH080-30K,456,480,6,474,456,456,01-2026,
3048,P251206195,26-01-31,26-01-01,C2M040K03-68717B,96,112,7,105,96,96,01-2026,
3047,P251206194,26-01-31,26-01-01,P6260301-D,252,333,58,275,252,252,01-2026,
3046,P251206193,26-01-31,26-01-01,P6260201-D,112,153,17,136,112,112,01-2026,
3045,P251206192,26-01-31,26-01-01,XLA40-1B-S,300,338,99,239,240,240,01-2026,
3044,P251206191,26-01-31,26-01-01,XLA25-1B-S,540,624,171,453,480,468,01-2026,
3043,P251206190,26-01-31,26-01-01,VJ100-16-7,"1,520","1,146",78,"1,068","1,201",912,01-2026,
3042,P251206189,26-01-31,26-01-01,SY7000-20-1,126,123,27,96,93,84,01-2026,
3041,P251206188,26-01-31,26-01-01,SY5000-20-1,270,274,0,274,270,270,01-2026,
3040,P251206187,26-01-31,26-01-01,DXT201-13-13,80,79,1,78,80,80,01-2026,
3039,P251206186,26-01-31,26-01-01,C1GA0L-AX761-30K,8,8,0,8,8,8,01-2026,
3038,P251206185,26-01-31,26-01-01,C1G80L-AX760-30K,15,30,13,17,15,15,01-2026,
3037,P251206184,26-01-31,26-01-01,C1G80K02-AH117,15,20,3,17,15,15,01-2026,
3036,P251206183,26-01-31,26-01-01,C1K63L-AS976-30K,28,56,5,51,28,28,01-2026,
3035,P251206182,26-01-31,26-01-01,C1K50L-AS975-30K,45,70,3,67,45,45,01-2026,
3034,P251206181,26-01-31,26-01-01,DXT199-20-23-30,432,357,4,353,432,432,01-2026,
3033,P251206180,26-01-31,26-01-01,DXT192-11-44-30,495,569,7,562,495,495,01-2026,
3032,P251206179,26-01-31,26-01-01,CKZ63ABAT390-30K,60,99,9,90,60,60,01-2026,
3031,P251206178,26-01-31,26-01-01,CKZ50ABAT389-30K,84,135,34,101,84,84,01-2026,
3030,P251206177,26-01-31,26-01-01,CKZ40ABAT388-30K,162,214,11,203,162,162,01-2026,
3029,P251206176,26-01-31,26-01-01,C2Q025K04-49999,154,168,9,159,154,154,01-2026,
3028,P251206175,26-01-31,26-01-01,C2Q020K04-49998,192,223,0,223,192,192,01-2026,
3027,P251206174,26-01-31,26-01-01,CXS20J-28749-20K,340,340,2,338,340,340,01-2026,
3026,P251206173,26-01-31,26-01-01,CXS32A-AS991-20K,224,315,64,251,224,224,01-2026,
3025,P251206172,26-01-31,26-01-01,CXS25A-AS990-20K,180,222,1,221,180,180,01-2026,
3024,P251206171,26-01-31,26-01-01,CXS16A-AS988-20K,273,293,20,273,273,273,01-2026,
3023,P251206170,26-01-31,26-01-01,P4811351-MH1,300,268,4,264,300,300,01-2026,
3022,P251206169,26-01-31,26-01-01,P4811251-MH1,312,141,26,115,312,312,01-2026,
3021,P251206168,26-01-31,26-01-01,P4811151-MH1,272,0,0,0,63,,01-2026,
3020,P251206167,26-01-31,26-01-01,MK-25L-AF608-20K,240,262,1,261,240,240,01-2026,
3019,P251206166,26-01-31,26-01-01,CYB40K-AS381-20K,48,83,3,80,48,48,01-2026,
3018,P251206165,26-01-31,26-01-01,P3802801B-M,200,203,4,199,200,200,01-2026,
3017,P251206164,26-01-31,26-01-01,P3802701B-M,300,396,17,379,300,300,01-2026,
3016,P251206163,26-01-31,26-01-01,P3802601B-M,336,464,18,446,336,336,01-2026,
3015,P251206162,26-01-31,26-01-01,C2Q80A-AD142-30K,45,119,5,114,45,45,01-2026,
3014,P251206161,26-01-31,26-01-01,C2Q50A-AD140A30K,175,195,8,187,175,175,01-2026,
3013,P251206160,26-01-31,26-01-01,C2Q40A-AD139A30K,270,334,6,328,270,270,01-2026,
3012,P251206159,26-01-31,26-01-01,S502A61TA0X20X20,12,14,2,12,12,12,01-2026,
3011,P251206158,26-01-31,26-01-01,S502A61T80X17X20,40,59,5,54,40,40,01-2026,
3010,P251206157,26-01-31,26-01-01,MGP50A-AC897-20K,112,142,1,141,112,112,01-2026,
3009,P251206156,26-01-31,26-01-01,S370A63T72X63X30,56,0,0,0,56,56,01-2026,
3008,P251206155,26-01-31,26-01-01,S370A63T58X50X30,90,0,0,0,90,90,01-2026,
3007,P251206154,26-01-31,26-01-01,CQS20-04-F6466-K,96,124,6,118,96,96,01-2026,
3006,P251206153,26-01-31,26-01-01,CQS16-04-F6465-K,140,152,2,150,140,140,01-2026,
3005,P251206152,26-01-31,26-01-01,CQS12-04-F6464-K,176,213,1,212,176,176,01-2026,
3004,P251206151,26-01-31,26-01-01,C2Q012K04-56563,352,0,0,0,54,,01-2026,
3003,P251206150,26-01-31,26-01-01,S502A61T63X13X20,210,235,25,210,210,210,01-2026,
3002,P251206149,26-01-31,26-01-01,S502A61T50X13X27,300,303,4,299,300,300,01-2026,
3001,P251206148,26-01-31,26-01-01,S500A61T63X14X20,210,213,61,152,210,210,01-2026,
3000,P251206147,26-01-31,26-01-01,S500A61T50X14X30,300,390,65,325,300,300,01-2026,
3073,P251206146,26-01-31,26-01-01,CXS10A-R6001-20K,480,131,32,99,342,320,01-2026,
3072,P251206145,26-01-31,26-01-01,MGP25A-AC894-30K,396,427,12,415,396,396,01-2026,
3071,P251206144,26-01-31,26-01-01,MGP20A-AC893-30K,224,318,1,317,224,224,01-2026,
3070,P251206143,26-01-31,26-01-01,MGP25A-AC904-30K,36,27,0,27,36,36,01-2026,
3069,P251206142,26-01-31,26-01-01,MGP20A-AC903-30K,168,166,2,164,168,168,01-2026,
3068,P251206141,26-01-31,26-01-01,MGP16A-AC902-30K,85,103,0,103,85,85,01-2026,
3067,P251206140,26-01-31,26-01-01,C1G50L-AT035-30K,54,59,0,59,54,54,01-2026,
3066,P251206139,26-01-31,26-01-01,C1G40L-AT034-30K,77,99,1,98,77,77,01-2026,
3065,P251206138,26-01-31,26-01-01,C2M025K03-68715B,510,501,10,491,510,510,01-2026,
3064,P251206137,26-01-31,26-01-01,C2M025K02-68715B,510,689,2,687,510,510,01-2026,
3063,P251206136,26-01-31,26-01-01,S501A61T35X16X30,135,145,0,145,135,135,01-2026,
3062,P251206135,26-01-31,26-01-01,S501A61T27X12X30,209,222,0,222,209,209,01-2026,
3061,P251206134,26-01-31,26-01-01,S501A61T23X10X30,286,298,12,286,286,286,01-2026,
3060,P251206133,26-01-31,26-01-01,APTE00-96001042-D,77,133,31,102,77,77,01-2026,
3059,P251206132,26-01-31,26-01-01,CG-040K02-35903A,54,51,3,48,54,54,01-2026,
3058,P251206131,26-01-31,26-01-01,APTE00-96000150-D,231,256,18,238,231,231,01-2026,
2999,P251204904,25-12-31,25-12-01,MYM20-27AK0501AK,84,133,2,131,84,84,12-2025-BS,
2998,P251204283,25-12-31,25-12-01,S370A63T38X32X30,20,0,0,0,20,20,12-2025-BS,
2993,P251204037,25-12-31,25-12-01,C9663ABAC961-30K,20,0,0,0,20,20,12-2025-BS,
2994,P251204036,25-12-31,25-12-01,S370A63T89X80X30,10,0,0,0,10,10,12-2025-BS,
2995,P251204035,25-12-31,25-12-01,S370A63T38X32X30,20,0,0,0,20,20,12-2025-BS,
2996,P251204034,25-12-31,25-12-01,CQS16-04-F6463-K,15,0,0,0,15,15,12-2025-BS,
2997,P251204033,25-12-31,25-12-01,S370A63T26X20X20,20,437,55,382,20,20,12-2025-BS,
2981,P251203596,25-12-31,25-12-01,NCA250-03-AV288-20K,24,31,14,17,24,24,12-2025-BS,
2982,P251203595,25-12-31,25-12-01,NCA200-03-AV287-20K,35,38,8,30,35,35,12-2025-BS,
2983,P251203594,25-12-31,25-12-01,P3910013,25,0,0,0,25,25,12-2025-BS,
2984,P251203593,25-12-31,25-12-01,C2Q80A-AD142-30K,15,0,0,0,15,15,12-2025-BS,
2985,P251203592,25-12-31,25-12-01,MYM40-27-A5905-K,28,39,2,37,28,28,12-2025-BS,
2986,P251203591,25-12-31,25-12-01,MYM32-27-A5904-K,32,51,5,46,32,32,12-2025-BS,
2987,P251203590,25-12-31,25-12-01,MGP63A-AC898-20K,30,0,0,0,30,30,12-2025-BS,
2988,P251203589,25-12-31,25-12-01,MGP80A-AC909-20K,30,0,0,0,30,30,12-2025-BS,
2989,P251203588,25-12-31,25-12-01,P3800501B-M,54,0,0,0,54,54,12-2025-BS,
2990,P251203587,25-12-31,25-12-01,XGTP300-3-6M-1,9,15,6,9,9,9,12-2025-BS,
2991,P251203586,25-12-31,25-12-01,XLA40-1B-S,80,0,0,0,80,80,12-2025-BS,
2992,P251203585,25-12-31,25-12-01,XLA80-1B,6,22,12,10,6,6,12-2025-BS,
2974,P251203132,25-12-31,25-12-01,P3800602-M-2,50,64,8,56,50,50,12-2025-BS,
2975,P251203124,25-12-31,25-12-01,NCA200-03-AV287-20K,3,0,0,0,3,3,12-2025-BS,
2977,P251203123,25-12-31,25-12-01,NCA200-02-AV287-20K,9,58,22,36,9,9,12-2025-BS,
2978,P251203121,25-12-31,25-12-01,MXH16-27-E7100-K,3,0,0,0,3,3,12-2025-BS,
2979,P251203120,25-12-31,25-12-01,CXS06A-R6000-20K,2,0,0,0,2,2,12-2025-BS,
2980,P251203119,25-12-31,25-12-01,DXT192-11-3,4,0,0,0,4,4,12-2025-BS,
2973,P251201840,25-12-31,25-12-01,DXT199-20-23,77,0,0,0,77,77,12-2025-BS,
2970,P251201461,25-12-31,25-12-01,MGP63A-AC908-20K,30,30,1,29,30,30,12-2025-BS,
2971,P251201460,25-12-31,25-12-01,MGP50A-AC907-20K,84,0,0,0,84,84,12-2025-BS,
2972,P251201459,25-12-31,25-12-01,MK-63L-AF612-20K,35,0,0,0,35,35,12-2025-BS,
2961,P251201458,25-12-31,25-12-01,MGPA0A-AC900-20K,16,22,6,16,16,16,12-2025-BS,
2962,P251201457,25-12-31,25-12-01,CYR63K-AX668-20K,15,22,3,19,15,15,12-2025-BS,
2963,P251201456,25-12-31,25-12-01,CYR50J-AX667-20K,20,0,0,0,20,20,12-2025-BS,
2964,P251201455,25-12-31,25-12-01,CYB32K-AS380-20K,140,0,0,0,140,140,12-2025-BS,
2965,P251201454,25-12-31,25-12-01,CXS06A-AS986-20K,352,0,0,0,352,352,12-2025-BS,
2966,P251201453,25-12-31,25-12-01,CQMA0J-AA075-20K,16,26,7,19,16,16,12-2025-BS,
2967,P251201452,25-12-31,25-12-01,CQM80J-AA074-20K,15,27,1,26,15,15,12-2025-BS,
2968,P251201451,25-12-31,25-12-01,CQM63J-AA073-20K,24,38,2,36,24,24,12-2025-BS,
2969,P251201450,25-12-31,25-12-01,C2Q80A-AD142-30K,14,0,0,0,14,14,12-2025-BS,
2960,P251201265,25-12-31,25-12-01,MGP80A-AC899-20K,30,0,0,0,30,30,12-2025-BS,
2955,P251105609,25-12-31,25-12-01,P8910302-D,48,147,40,107,48,48,12-2025,
2956,P251105608,25-12-31,25-12-01,P8910183-D,63,118,1,117,63,63,12-2025,
2957,P251105607,25-12-31,25-12-01,MYM63-55-K0503-K,32,38,0,38,32,32,12-2025,
2958,P251105606,25-12-31,25-12-01,MYM20-55-K0501-K,220,272,1,271,220,220,12-2025,
2959,P251105605,25-12-31,25-12-01,MYM16-55-K0500-K,286,370,1,369,286,286,12-2025,
2898,P251105601,25-12-31,25-12-01,MYB20-42AA7164-20K,812,983,34,949,812,812,12-2025,
2899,P251105600,25-12-31,25-12-01,MYB20-38AA7164-K,136,157,0,157,136,136,12-2025,
2900,P251105599,25-12-31,25-12-01,MYB16-42-A7163-20K,"1,020","1,323",59,"1,264","1,020",1020,12-2025,
2901,P251105598,25-12-31,25-12-01,MYB16-38-A7163-K,200,247,0,247,200,200,12-2025,
2902,P251105597,25-12-31,25-12-01,MYB16-46AA7163-K,945,"1,028",53,975,945,945,12-2025,
2903,P251105596,25-12-31,25-12-01,P4811601-M-1,72,70,0,70,36,36,12-2025,
2904,P251105595,25-12-31,25-12-01,DXT199-20-1,77,84,1,83,77,77,12-2025,
2906,P251105594,25-12-31,25-12-01,S369A63T55X50X30,270,829,157,672,270,270,12-2025,
2907,P251105593,25-12-31,25-12-01,S370A63T89X80X30,144,186,17,169,144,144,12-2025,
2905,P251105592,25-12-31,25-12-01,S370A63T72X63X30,105,295,42,253,105,105,12-2025,
2909,P251105591,25-12-31,25-12-01,S370A63T47X40X30,264,619,27,592,264,264,12-2025,
2908,P251105590,25-12-31,25-12-01,CXS32A-BA025-20K,80,58,58,0,21,,12-2025,
2910,P251105589,25-12-31,25-12-01,DXT199-20-23,77,0,0,0,77,77,12-2025,
2911,P251105588,25-12-31,25-12-01,DXT199-20-23-30,972,"1,149",18,"1,131",972,972,12-2025,
2912,P251105587,25-12-31,25-12-01,MK-50L-AF611-20K,96,129,0,129,96,96,12-2025,
2913,P251105586,25-12-31,25-12-01,MK-40L-AF610-20K,140,139,27,112,140,140,12-2025,
2914,P251105585,25-12-31,25-12-01,C2Q025K04-49999,231,193,2,191,231,231,12-2025,
2915,P251105584,25-12-31,25-12-01,C2Q020K04-49998,576,583,2,581,576,576,12-2025,
2916,P251105583,25-12-31,25-12-01,CXS15J-28748-20K,483,468,14,454,483,483,12-2025,
2917,P251105582,25-12-31,25-12-01,CXS25A-AS990-20K,450,570,136,434,450,450,12-2025,
2918,P251105581,25-12-31,25-12-01,CXS16A-AS988-20K,910,891,17,874,910,910,12-2025,
2919,P251105580,25-12-31,25-12-01,C2Q25A-AD137A30K,312,333,8,325,312,312,12-2025,
2920,P251105579,25-12-31,25-12-01,C2Q20A-AD136A30K,224,139,7,132,224,224,12-2025,
2921,P251105578,25-12-31,25-12-01,CYB40L-AS381-30K,77,69,5,64,77,77,12-2025,
2922,P251105577,25-12-31,25-12-01,CYB32L-AS380-30K,112,120,13,107,112,112,12-2025,
2923,P251105576,25-12-31,25-12-01,CYB15L-AS377-30K,476,624,81,543,476,476,12-2025,
2924,P251105575,25-12-31,25-12-01,CYB10L-AS376-30K,660,706,14,692,660,660,12-2025,
2925,P251105574,25-12-31,25-12-01,CYB25K-AS379-20K,108,114,0,114,108,108,12-2025,
2926,P251105573,25-12-31,25-12-01,CYB15K-AS377-20K,96,103,2,101,96,96,12-2025,
2928,P251105572,25-12-31,25-12-01,P3802601B-M,336,354,5,349,336,336,12-2025,
2927,P251105571,25-12-31,25-12-01,C2Q63A-AD141A30K,960,"1,466",100,"1,366",960,960,12-2025,
2929,P251105570,25-12-31,25-12-01,C2Q50A-AD140A30K,700,631,56,575,700,700,12-2025,
2930,P251105569,25-12-31,25-12-01,S369A63T36X32X30,112,140,4,136,112,112,12-2025,
2931,P251105568,25-12-31,25-12-01,S370A63T47X40X30,385,338,29,309,385,385,12-2025,
2932,P251105567,25-12-31,25-12-01,C9632ABAC958-30K,770,865,30,835,385,385,12-2025,
2933,P251105566,25-12-31,25-12-01,C2Q016K04-56564,560,569,10,559,560,560,12-2025,
2934,P251105565,25-12-31,25-12-01,CXS32A-BA025-20K,40,93,83,10,0,,12-2025,
2935,P251105564,25-12-31,25-12-01,CG-040K02-35903A,108,116,0,116,108,108,12-2025,
2936,P251105563,25-12-31,25-12-01,MGP40A-AC896-30K,320,387,34,353,320,320,12-2025,
2937,P251105562,25-12-31,25-12-01,MGP32A-AC895-30K,495,499,12,487,495,495,12-2025,
2938,P251105561,25-12-31,25-12-01,MGP16A-AC892-30K,255,274,18,256,255,255,12-2025,
2939,P251105560,25-12-31,25-12-01,MGP12A-AC891-30K,190,267,70,197,190,190,12-2025,
2940,P251105559,25-12-31,25-12-01,MGP32A-AC905-30K,231,276,22,254,231,231,12-2025,
2941,P251105558,25-12-31,25-12-01,C2J06LAAH080-30K,456,434,10,424,456,456,12-2025,
2942,P251105557,25-12-31,25-12-01,C2M040K03-68717B,168,48,5,43,168,168,12-2025,
2943,P251105556,25-12-31,25-12-01,C2M040K02-68717B,84,90,10,80,84,84,12-2025,
2944,P251105555,25-12-31,25-12-01,C2M032K03-68716B,405,182,12,170,405,405,12-2025,
2945,P251105554,25-12-31,25-12-01,C2M032K02-68716B,135,75,2,73,135,135,12-2025,
2946,P251105553,25-12-31,25-12-01,C2M025K03-68715B,850,884,8,876,850,850,12-2025,
2947,P251105552,25-12-31,25-12-01,C2M025K02-68715B,680,564,26,538,680,680,12-2025,
2948,P251105551,25-12-31,25-12-01,C2M020K03-68714B,"1,092","1,079",10,"1,069","1,092",1092,12-2025,
2949,P251105550,25-12-31,25-12-01,S501A61T43X16X30,420,464,26,438,420,420,12-2025,
2950,P251105549,25-12-31,25-12-01,S501A61T35X16X30,405,416,0,416,405,405,12-2025,
2951,P251105548,25-12-31,25-12-01,S501A61T23X10X30,286,278,0,278,286,286,12-2025,
2952,P251105547,25-12-31,25-12-01,S500A61T40X10X30,312,358,12,346,312,312,12-2025,
2953,P251105546,25-12-31,25-12-01,C2Q25G-P1283-30K,418,700,161,539,418,418,12-2025,
2954,P251105545,25-12-31,25-12-01,C2J16M-AF113-25K,"1,044","1,042",7,"1,035","1,044",1044,12-2025,
2892,P251105291,25-11-30,25-11-01,S370A63T38X32X30,10,0,0,0,10,10,11-2025-BS,
2893,P251105290,25-11-30,25-11-01,S369A63T36X32X30,7,0,0,0,7,7,11-2025-BS,
2894,P251105289,25-11-30,25-11-01,SY3000-20-1,1,0,0,0,1,1,11-2025-BS,
2891,P251105207,25-11-30,25-11-01,C9663ABAC961-30K,5,0,0,0,5,5,11-2025-BS,
2881,P251103897,25-11-30,25-11-01,C9632ABAC958-30K,20,0,0,0,20,20,11-2025-BS,
2882,P251103896,25-11-30,25-11-01,C2Q50-04-J0781-K,10,0,0,0,10,10,11-2025-BS,
2883,P251103895,25-11-30,25-11-01,CQS25-04-F6467-K,30,0,0,0,30,30,11-2025-BS,
2884,P251103894,25-11-30,25-11-01,XLA40-1B-S,200,343,74,269,200,200,11-2025-BS,
2885,P251103893,25-11-30,25-11-01,MGP80A-AC909-20K,25,68,11,57,25,25,11-2025-BS,
2886,P251103892,25-11-30,25-11-01,MGP80A-AC899-20K,25,58,3,55,25,25,11-2025-BS,
2888,P251103890,25-11-30,25-11-01,MGP63A-AC898-20K,50,54,4,50,50,50,11-2025-BS,
2889,P251103889,25-11-30,25-11-01,MGP50A-AC907-20K,70,158,5,153,70,70,11-2025-BS,
2890,P251103888,25-11-30,25-11-01,MGP50A-AC897-20K,70,71,1,70,70,70,11-2025-BS,
2880,P251103886,25-11-30,25-11-01,CXS32A-AS991-20K,128,159,1,158,128,128,11-2025-BS,
2879,P251103407,25-11-30,25-11-01,MYH40J-R6302-30K,32,0,0,0,32,32,11-2025-BS,
2869,P251103148,25-11-30,25-11-01,MB-63ABL8512-30K,35,141,93,48,35,35,11-2025-BS,
2872,P251103146,25-11-30,25-11-01,XLA40-1B-S,20,0,0,0,20,20,11-2025-BS,
2873,P251103145,25-11-30,25-11-01,MYM50-27-K0502-K,20,0,0,0,20,20,11-2025-BS,
2874,P251103144,25-11-30,25-11-01,MGP50A-AC907-20K,28,0,0,0,28,28,11-2025-BS,
2875,P251103143,25-11-30,25-11-01,CYB32K-AS380-20K,70,210,11,199,70,70,11-2025-BS,
2876,P251103142,25-11-30,25-11-01,CXS25A-BA024-20K,108,0,0,0,108,108,11-2025-BS,
2877,P251103141,25-11-30,25-11-01,CXS25A-AS990-20K,135,0,0,0,135,135,11-2025-BS,
2878,P251103140,25-11-30,25-11-01,CXS06A-AS986-20K,176,654,21,633,176,176,11-2025-BS,
2868,P251103139,25-11-30,25-11-01,C2M032K02-68716B,150,0,0,0,150,150,11-2025-BS,
2870,P251103136,25-11-30,25-11-01,LEF40-9D-HF,15,179,114,65,15,15,11-2025-BS,
2871,P251103135,25-11-30,25-11-01,LEF40-9D,20,111,67,44,20,20,11-2025-BS,
2865,P251102701,25-11-30,25-11-01,DXT192-11-44-30,"1,485","1,536",9,"1,527","1,485",1485,11-2025-BS,
2863,P251102671,25-11-30,25-11-01,SY7000-20-1,4,0,0,0,4,4,11-2025-BS,
2864,P251102670,25-11-30,25-11-01,SY5000-20-1,5,0,0,0,5,5,11-2025-BS,
2856,P251102669,25-11-30,25-11-01,SY3000-20-1,1,0,0,0,1,1,11-2025-BS,
2857,P251102668,25-11-30,25-11-01,S370A63T89X80X30,2,0,0,0,2,2,11-2025-BS,
2858,P251102667,25-11-30,25-11-01,S370A63T26X20X20,10,0,0,0,10,10,11-2025-BS,
2859,P251102666,25-11-30,25-11-01,MXH16-27-E7100-K,3,0,0,0,3,3,11-2025-BS,
2860,P251102665,25-11-30,25-11-01,DXT199-20-23,4,0,0,0,4,4,11-2025-BS,
2861,P251102664,25-11-30,25-11-01,CXS20A-BA023-20K,56,0,0,0,56,56,11-2025-BS,
2862,P251102663,25-11-30,25-11-01,CQS12-02-J4466-K,5,0,0,0,5,5,11-2025-BS,
2852,P251102133,25-11-30,25-11-01,CKZ63ABAT390-30K,70,128,21,107,70,70,11-2025,
2853,P251102132,25-11-30,25-11-01,CKZ50ABAT389-30K,96,139,18,121,96,96,11-2025,
2854,P251102131,25-11-30,25-11-01,CKZ63ABAT390-30K,60,80,3,77,60,60,11-2025,
2855,P251102130,25-11-30,25-11-01,CKZ50ABAT389-30K,84,179,93,86,84,84,11-2025,
2849,P251102129,25-11-30,25-11-01,JSY31M-20-E-3,10,18,0,18,10,10,11-2025,
2850,P251101843,25-11-30,25-11-01,MK-63L-AF612-20K,30,53,4,49,30,30,11-2025,
2851,P251101840,25-11-30,25-11-01,MK-50L-AF611-20K,36,0,0,0,36,36,11-2025,
2848,P251004529,25-11-30,25-11-01,CXS10L-R6001-20K,180,218,9,209,180,180,11-2025,
2847,P251004528,25-11-30,25-11-01,CXS06L-R6000-20K,247,286,12,274,247,247,11-2025,
2846,P251004527,25-11-30,25-11-01,CXR32-32-A2226-K,112,138,4,134,112,112,11-2025,
2845,P251004526,25-11-30,25-11-01,CXR025-32-29954,153,180,3,177,153,153,11-2025,
2844,P251004525,25-11-30,25-11-01,CXR016-32-29953,204,226,5,221,204,204,11-2025,
2843,P251004524,25-11-30,25-11-01,C2Q012K04-56563,176,0,0,0,176,176,11-2025,
2842,P251004523,25-11-30,25-11-01,CXS15A-BA022-20K,320,589,227,362,320,320,11-2025,
2841,P251004522,25-11-30,25-11-01,CXS10A-R6001-20K,640,675,53,622,640,640,11-2025,
2840,P251004521,25-11-30,25-11-01,C2M040K03-68717B,96,264,13,251,96,96,11-2025,
2839,P251004520,25-11-30,25-11-01,C2M040K02-68717B,96,63,8,55,96,96,11-2025,
2838,P251004519,25-11-30,25-11-01,C2M032K03-68716B,150,453,56,397,150,150,11-2025,
2837,P251004518,25-11-30,25-11-01,C2M032K02-68716B,150,327,18,309,150,150,11-2025,
2836,P251004517,25-11-30,25-11-01,C2M025K03-68715B,204,222,0,222,204,204,11-2025,
2835,P251004516,25-11-30,25-11-01,C2M025K02-68715B,204,224,0,224,204,204,11-2025,
2834,P251004515,25-11-30,25-11-01,C2M020K03-68714B,294,335,3,332,294,294,11-2025,
2833,P251004514,25-11-30,25-11-01,C2M020K02-68714B,294,325,1,324,273,294,11-2025,
2832,P251004513,25-11-30,25-11-01,P6260301-D,210,179,11,168,210,210,11-2025,
2831,P251004512,25-11-30,25-11-01,P6260201-D,224,238,20,218,224,224,11-2025,
2830,P251004511,25-11-30,25-11-01,C2Q40-04-J0780-K,40,0,0,0,40,40,11-2025,
2829,P251004510,25-11-30,25-11-01,XLA25-1B-S,252,248,2,246,252,252,11-2025,
2828,P251004509,25-11-30,25-11-01,CKZ40ABAT388-30K,63,177,17,160,63,63,11-2025,
2827,P251004508,25-11-30,25-11-01,S369A63T45X40X30,234,328,15,313,234,234,11-2025,
2826,P251004507,25-11-30,25-11-01,S370A63T89X80X30,120,177,20,157,120,120,11-2025,
2825,P251004506,25-11-30,25-11-01,S370A63T47X40X30,176,222,18,204,176,176,11-2025,
2824,P251004505,25-11-30,25-11-01,S370A63T38X32X30,252,353,27,326,252,252,11-2025,
2823,P251004504,25-11-30,25-11-01,C1G63K02-AM410,8,46,23,23,8,8,11-2025,
2822,P251004503,25-11-30,25-11-01,C1G50K02-AM409,11,70,22,48,11,11,11-2025,
2821,P251004502,25-11-30,25-11-01,CYP040-32D29451,60,81,0,81,60,60,11-2025,
2820,P251004501,25-11-30,25-11-01,MYM16-27AK0500AK,72,87,2,85,72,72,11-2025,
2819,P251004500,25-11-30,25-11-01,C2Q025K04-49999,462,469,4,465,462,462,11-2025,
2818,P251004499,25-11-30,25-11-01,CXS32A-AS991-20K,160,139,0,139,160,160,11-2025,
2817,P251004498,25-11-30,25-11-01,CXS25A-AS990-20K,90,223,0,223,90,90,11-2025,
2815,P251004496,25-11-30,25-11-01,CXS16A-AS988-20K,546,578,49,529,546,546,11-2025,
2814,P251004495,25-11-30,25-11-01,P4811151-MH1,544,613,11,602,544,544,11-2025,
2813,P251004494,25-11-30,25-11-01,MK-20L-AF607-20K,247,262,0,262,247,247,11-2025,
2811,P251004492,25-11-30,25-11-01,C2Q12A-AD367-30K,480,458,11,447,480,480,11-2025,
2810,P251004491,25-11-30,25-11-01,C2Q25A-AD137A30K,208,222,7,215,208,208,11-2025,
2809,P251004490,25-11-30,25-11-01,C2Q20A-AD136A30K,336,457,2,455,336,336,11-2025,
2808,P251004489,25-11-30,25-11-01,P3800501B-M,594,649,10,639,594,594,11-2025,
2807,P251004488,25-11-30,25-11-01,P3800101B-M,520,466,8,458,520,520,11-2025,
2806,P251004487,25-11-30,25-11-01,P3802801B-M,120,118,0,118,120,120,11-2025,
2805,P251004486,25-11-30,25-11-01,P3802701B-M,180,189,3,186,180,180,11-2025,
2804,P251004485,25-11-30,25-11-01,P3802601B-M,168,165,0,165,168,168,11-2025,
2802,P251004483,25-11-30,25-11-01,P3802401B-M,648,581,6,575,648,648,11-2025,
2801,P251004482,25-11-30,25-11-01,C2Q80A-AD142-30K,90,126,10,116,90,90,11-2025,
2800,P251004481,25-11-30,25-11-01,C2Q50A-AD140A30K,350,482,4,478,350,350,11-2025,
2799,P251004480,25-11-30,25-11-01,MGP63A-AC898-20K,300,344,17,327,300,300,11-2025,
2798,P251004479,25-11-30,25-11-01,MGP50A-AC907-20K,56,79,0,79,56,56,11-2025,
2797,P251004478,25-11-30,25-11-01,MGP50A-AC897-20K,616,643,21,622,616,616,11-2025,
2796,P251004477,25-11-30,25-11-01,CQS16-04-F6465-K,280,283,1,282,280,280,11-2025,
2795,P251004476,25-11-30,25-11-01,CXS25A-BA024-20K,108,145,31,114,108,108,11-2025,
2794,P251004475,25-11-30,25-11-01,CXS20A-BA023-20K,231,423,248,175,179,154,11-2025,
2793,P251004474,25-11-30,25-11-01,CXS15A-BA022-20K,312,118,20,98,44,44,11-2025,
2792,P251004473,25-11-30,25-11-01,CXS10A-R6001-20K,160,191,21,170,160,160,11-2025,
2791,P251004472,25-11-30,25-11-01,MGP25A-AC894-30K,360,391,16,375,360,360,11-2025,
2790,P251004471,25-11-30,25-11-01,MGP16A-AC892-30K,170,167,1,166,170,170,11-2025,
2789,P251004470,25-11-30,25-11-01,MGP12A-AC891-30K,285,314,1,313,285,285,11-2025,
2788,P251004469,25-11-30,25-11-01,MGP25A-AC904-30K,216,240,5,235,216,216,11-2025,
2787,P251004468,25-11-30,25-11-01,MGP16A-AC902-30K,170,181,7,174,170,170,11-2025,
2786,P251004467,25-11-30,25-11-01,MGP12A-AC901-30K,190,196,8,188,190,190,11-2025,
2785,P251004466,25-11-30,25-11-01,C2J06LAAH080-30K,456,380,2,378,456,456,11-2025,
2784,P251004465,25-11-30,25-11-01,DXT199-20-23,770,894,24,870,770,770,11-2025,
2783,P251004464,25-11-30,25-11-01,S370A63T89X80X30,126,177,11,166,126,126,11-2025,
2782,P251004463,25-11-30,25-11-01,S370A63T47X40X30,231,286,23,263,231,231,11-2025,
2781,P251004462,25-11-30,25-11-01,C9663ABAC961-30K,84,191,47,144,84,84,11-2025,
2780,P251004461,25-11-30,25-11-01,C9640ABAC959-30K,180,270,21,249,180,180,11-2025,
2779,P251004460,25-11-30,25-11-01,C9632ABAC958-30K,231,305,58,247,231,231,11-2025,
2778,P251003829,25-10-31,25-10-01,DXT192-11-3,2,0,0,0,2,2,10-2025-BS,
2777,P251003828,25-10-31,25-10-01,XLA63-1B,9,0,0,0,9,9,10-2025-BS,
2776,P251003827,25-10-31,25-10-01,XLA50-1B-S,16,0,0,0,16,16,10-2025-BS,
2775,P251003826,25-10-31,25-10-01,MGP63A-AC898-20K,50,0,0,0,50,50,10-2025-BS,
2774,P251003825,25-10-31,25-10-01,MGP50A-AC897-20K,14,0,0,0,14,14,10-2025-BS,
2773,P251003824,25-10-31,25-10-01,P3315561-M,100,58,6,52,100,100,10-2025-BS,
2772,P251003056,25-10-31,25-10-01,MXH16-27-E7100-K,1,0,0,0,1,1,10-2025-BS,
2771,P251003055,25-10-31,25-10-01,C2M040K03-68717B,9,0,0,0,9,9,10-2025-BS,
2770,P251003054,25-10-31,25-10-01,C2M040K02-68717B,12,0,0,0,12,12,10-2025-BS,
2769,P251003053,25-10-31,25-10-01,C2M032K03-68716B,33,0,0,0,33,33,10-2025-BS,
2768,P251003052,25-10-31,25-10-01,C2M032K02-68716B,40,0,0,0,40,40,10-2025-BS,
2767,P251003051,25-10-31,25-10-01,C2M025K03-68715B,13,0,0,0,13,13,10-2025-BS,
2766,P251003050,25-10-31,25-10-01,C2M020K03-68714B,24,0,0,0,24,24,10-2025-BS,
2765,P251003049,25-10-31,25-10-01,C2M020K02-68714B,29,0,0,0,29,29,10-2025-BS,
2764,P251003006,25-10-31,25-10-01,CQS16-02-J4467-K,12,0,0,0,12,12,10-2025-BS,
2763,P251002255,25-10-31,25-10-01,XLA25-1B-S,6,26,0,26,6,6,10-2025-BS,
2762,P251002239,25-10-31,25-10-01,CXS06A-AS986-20K,105,105,0,105,105,105,10-2025-BS,
2761,P251002009,25-10-31,25-10-01,MK-63L-AF612-20K,5,53,10,43,5,5,10-2025-BS,
2760,P251002008,25-10-31,25-10-01,C2M040K02-69577B,42,0,0,0,42,42,10-2025-BS,
2759,P251001972,25-10-31,25-10-01,C2Q25A-AD137A20K,30,0,0,0,30,30,10-2025-BS,
2758,P251001971,25-10-31,25-10-01,C2QA0A-AD143-30K,40,0,0,0,40,40,10-2025-BS,
2755,P251001968,25-10-31,25-10-01,CYB63K-AS383-20K,24,0,0,0,24,24,10-2025-BS,
2754,P251001967,25-10-31,25-10-01,MGP80A-AC909-20K,10,0,0,0,10,10,10-2025-BS,
2753,P251001966,25-10-31,25-10-01,MGP80A-AC899-20K,35,23,1,22,35,35,10-2025-BS,
2752,P251001965,25-10-31,25-10-01,MGP63A-AC908-20K,20,0,0,0,20,20,10-2025-BS,
2751,P251001655,25-10-31,25-10-01,MGP50A-AC907-20K,84,0,0,0,84,84,10-2025-BS,
2744,P251001115,25-10-31,25-10-01,S370A63T38X32X30,10,0,0,0,10,10,10-2025-BS,
2745,P251001114,25-10-31,25-10-01,DXT192-11-3,1,0,0,0,1,1,10-2025-BS,
2747,P251001113,25-10-31,25-10-01,C9632ABAC958-30K,6,149,16,133,6,6,10-2025-BS,
2746,P251001112,25-10-31,25-10-01,S369A63T45X40X30,95,0,0,0,95,95,10-2025-BS,
2748,P251001111,25-10-31,25-10-01,S370A63T31X25X30,23,0,0,0,23,23,10-2025-BS,
2749,P251001110,25-10-31,25-10-01,S370A63T26X20X20,30,0,0,0,30,30,10-2025-BS,
2750,P251001109,25-10-31,25-10-01,SY5000-20-1,8,0,0,0,8,8,10-2025-BS,
2743,P251000669,25-10-31,25-10-01,CXS20A-AS989-20K,40,60,11,49,40,40,10-2025-BS,
2726,P250903000,25-10-31,25-10-01,CKZ40ABAT388-30K,63,143,35,108,63,63,10-2025,
2728,P250902999,25-10-31,25-10-01,CYR32-32-786GL,144,142,0,142,144,144,10-2025,
2727,P250902998,25-10-31,25-10-01,C1SA6E-AA750-15K,108,112,0,112,108,108,10-2025,
2729,P250902997,25-10-31,25-10-01,P3315561-M,160,223,11,212,160,160,10-2025,
2730,P250902996,25-10-31,25-10-01,MGP63A-AC898-20K,50,69,1,68,50,50,10-2025,
2725,P250902995,25-10-31,25-10-01,MGP50A-AC897-20K,182,537,4,533,182,182,10-2025,
2731,P250902994,25-10-31,25-10-01,MYB40-55-AS552-20-K,84,66,5,61,84,84,10-2025,
2732,P250902993,25-10-31,25-10-01,MYB32-55-AS551-20-K,120,159,0,159,120,120,10-2025,
2733,P250902992,25-10-31,25-10-01,MYB25-55-AS550-20-K,140,195,9,186,140,140,10-2025,
2734,P250902991,25-10-31,25-10-01,S369A63T55X50X30,378,518,95,423,378,378,10-2025,
2735,P250902990,25-10-31,25-10-01,S370A63T38X32X30,504,704,31,673,504,504,10-2025,
2736,P250902989,25-10-31,25-10-01,CXS15A-BA022-20K,280,490,1,489,280,280,10-2025,
2737,P250902988,25-10-31,25-10-01,P3800602-M-2,50,51,2,49,50,50,10-2025,
2738,P250902987,25-10-31,25-10-01,P6260301-D,210,258,16,242,210,210,10-2025,
2739,P250902986,25-10-31,25-10-01,XLA25-1B-S,360,364,8,356,360,360,10-2025,
2740,P250902985,25-10-31,25-10-01,SY7000-20-1,84,70,10,60,84,84,10-2025,
2741,P250902984,25-10-31,25-10-01,SY5000-20-1,162,191,9,182,162,162,10-2025,
2742,P250902983,25-10-31,25-10-01,C2Q020K04-49998,480,460,0,460,480,480,10-2025,
2665,P250902982,25-10-31,25-10-01,CXS25A-AS990-20K,315,332,5,327,315,315,10/2025,
2666,P250902981,25-10-31,25-10-01,CXS16A-AS988-20K,364,464,59,405,364,364,10-2025,
2667,P250902980,25-10-31,25-10-01,CXS10A-AS987-20K,675,632,111,521,675,675,10-2025,
2668,P250902979,25-10-31,25-10-01,P4811451-MH1,192,124,6,118,192,192,10-2025,
2669,P250902978,25-10-31,25-10-01,P4811351-MH1,500,476,5,471,500,500,10-2025,
2670,P250902977,25-10-31,25-10-01,C2Q16A-AD368-30K,340,512,4,508,250,250,10-2025,
2671,P250902976,25-10-31,25-10-01,C2Q25A-AD137A30K,208,174,0,174,208,208,10-2025,
2672,P250902975,25-10-31,25-10-01,C2Q20A-AD136A30K,112,88,1,87,112,112,10-2025,
2673,P250902974,25-10-31,25-10-01,CYB63K-AS383-20K,12,37,0,37,12,12,10-2025,
2674,P250902973,25-10-31,25-10-01,CYB50K-AS382-20K,15,0,0,0,15,15,10-2025,
2675,P250902972,25-10-31,25-10-01,CYB40K-AS381-20K,24,0,0,0,24,24,10-2025,
2676,P250902971,25-10-31,25-10-01,CYB32K-AS380-20K,35,0,0,0,35,35,10-2025,
2677,P250902970,25-10-31,25-10-01,CYB25K-AS379-20K,54,45,11,34,54,54,10-2025,
2678,P250902969,25-10-31,25-10-01,CYB20K-AS378-20K,96,61,0,61,96,96,10-2025,
2679,P250902968,25-10-31,25-10-01,CYB15K-AS377-20K,96,103,0,103,96,96,10-2025,
2680,P250902967,25-10-31,25-10-01,CYB10K-AS376-20K,176,168,1,167,176,176,10-2025,
2681,P250902966,25-10-31,25-10-01,CYB06K-AS375-20K,330,378,2,376,330,330,10-2025,
2682,P250902965,25-10-31,25-10-01,P3800601B-M,600,638,17,621,600,600,10-2025,
2683,P250902964,25-10-31,25-10-01,P3800501B-M,432,429,1,428,432,432,10-2025,
2684,P250902963,25-10-31,25-10-01,P3800101B-M,260,298,1,297,260,260,10-2025,
2685,P250902962,25-10-31,25-10-01,P3802801B-M,480,501,21,480,480,480,10-2025,
2686,P250902961,25-10-31,25-10-01,P3802701B-M,480,483,6,477,480,480,10-2025,
2687,P250902960,25-10-31,25-10-01,P3802601B-M,588,595,14,581,588,588,10-2025,
2688,P250902959,25-10-31,25-10-01,P3802501B-M,675,700,50,650,675,675,10-2025,
2689,P250902958,25-10-31,25-10-01,P3802301B-M,260,277,6,271,260,260,10-2025,
2690,P250902957,25-10-31,25-10-01,C2Q80A-AD142-30K,15,0,0,0,15,15,10-2025,
2691,P250902956,25-10-31,25-10-01,C2Q40A-AD139A30K,270,278,15,263,270,270,10-2025,
2692,P250902955,25-10-31,25-10-01,MGP63A-AC898-20K,350,394,51,343,350,350,10-2025,
2693,P250902954,25-10-31,25-10-01,MGP50A-AC907-20K,98,139,6,133,98,98,10-2025,
2694,P250902953,25-10-31,25-10-01,MGP50A-AC897-20K,518,160,1,159,518,518,10-2025,
2695,P250902952,25-10-31,25-10-01,MYB32-55-AS551-20-K,120,59,0,59,120,120,10-2025,
2696,P250902951,25-10-31,25-10-01,MYB25-55-AS550-20-K,70,0,0,0,70,70,10-2025,
2697,P250902950,25-10-31,25-10-01,C2Q040K31-49702A,70,78,18,60,70,70,10-2025,
2698,P250902949,25-10-31,25-10-01,CQS16-04-F6463-K,560,535,11,524,560,560,10-2025,
2699,P250902948,25-10-31,25-10-01,CQS12-04-F6464-K,352,333,7,326,352,352,10-2025,
2700,P250902947,25-10-31,25-10-01,S500A61T63X14X20,350,356,8,348,350,350,10-2025,
2701,P250902946,25-10-31,25-10-01,S500A61T50X14X30,240,224,5,219,240,240,10-2025,
2702,P250902945,25-10-31,25-10-01,CXS15A-BA022-20K,208,0,0,0,208,208,10-2025,
2703,P250902944,25-10-31,25-10-01,CXS06A-R6000-20K,234,0,0,0,234,234,10-2025,
2704,P250902943,25-10-31,25-10-01,MGP20A-AC893-30K,560,604,37,567,560,560,10-2025,
2705,P250902942,25-10-31,25-10-01,MGP16A-AC892-30K,340,358,3,355,340,286,10-2025,
2706,P250902941,25-10-31,25-10-01,MGP12A-AC891-30K,380,432,24,408,380,380,10-2025,
2707,P250902940,25-10-31,25-10-01,MGP12A-AC901-30K,95,111,0,111,95,95,10-2025,
2708,P250902939,25-10-31,25-10-01,C2M040K03-68717B,168,184,7,177,168,168,10-2025,
2709,P250902938,25-10-31,25-10-01,C2M040K02-68717B,84,99,3,96,84,84,10-2025,
2710,P250902937,25-10-31,25-10-01,C2M032K02-68716B,135,119,0,119,135,135,10-2025,
2711,P250902936,25-10-31,25-10-01,C2M025K03-68715B,340,342,2,340,340,340,10-2025,
2712,P250902935,25-10-31,25-10-01,C2M025K02-68715B,340,330,8,322,340,340,10-2025,
2713,P250902934,25-10-31,25-10-01,C2M020K02-68714B,546,551,1,550,546,546,10-2025,
2714,P250902933,25-10-31,25-10-01,C2Q32G-P1284-30K,405,496,14,482,405,405,10-2025,
2715,P250902932,25-10-31,25-10-01,DXT192-11-44,"1,008",878,19,859,"1,008",1008,10-2025,
2716,P250902931,25-10-31,25-10-01,DXT199-20-23,385,307,0,307,385,385,10-2025,
2717,P250902930,25-10-31,25-10-01,CKZ40ABAT388-30K,108,95,2,93,108,108,10-2025,
2718,P250902929,25-10-31,25-10-01,S370A63T89X80X30,108,118,6,112,108,108,10-2025,
2719,P250902928,25-10-31,25-10-01,S370A63T72X63X30,112,191,45,146,112,112,10-2025,
2720,P250902927,25-10-31,25-10-01,S370A63T58X50X30,135,159,7,152,135,135,10-2025,
2721,P250902926,25-10-31,25-10-01,S370A63T38X32X30,112,0,0,0,112,112,10-2025,
2722,P250902925,25-10-31,25-10-01,S370A63T26X20X20,352,359,27,332,352,352,10-2025,
2723,P250902924,25-10-31,25-10-01,APTE00-98000565-D,756,801,4,797,756,756,10-2025,
2724,P250902923,25-10-31,25-10-01,APTE00-96000150-D,308,282,6,276,308,308,10-2025,
2664,P250902568,25-09-30,25-09-01,C2Q020K04-51396,26,0,0,0,26,26,09/2025-BS,
2663,P250902539,25-09-30,25-09-01,S370A63T58X50X30,42,112,13,99,42,42,09/2025-BS,
2662,P250902538,25-09-30,25-09-01,S370A63T47X40X30,28,0,0,0,28,28,09/2025-BS,
2661,P250902537,25-09-30,25-09-01,S370A63T38X32X30,14,0,0,0,14,14,09/2025-BS,
2660,P250902536,25-09-30,25-09-01,S370A63T31X25X30,2,0,0,0,2,2,09/2025-BS,
2659,P250902535,25-09-30,25-09-01,S369A63T55X50X30,41,0,0,0,41,41,09/2025-BS,
2658,P250902534,25-09-30,25-09-01,S369A63T45X40X30,30,0,0,0,30,30,09/2025-BS,
2657,P250902533,25-09-30,25-09-01,S369A63T36X32X30,10,0,0,0,10,10,09/2025-BS,
2656,P250902532,25-09-30,25-09-01,C9640ABAC959-30K,58,0,0,0,58,58,09/2025-BS,
2655,P250901045,25-09-30,25-09-01,CYP32C-R5501A30K,24,118,54,64,24,24,09/2025-BS,
2654,P250901044,25-09-30,25-09-01,DXT199-20-23,200,307,14,293,200,200,09/2025-BS,
2653,P250901043,25-09-30,25-09-01,DXT192-11-44,100,250,2,248,100,100,09/2025-BS,
2652,P250900957,25-09-30,25-09-01,C2Q63A-AD141A30K,720,260,10,250,720,720,09/2025-BS,
2650,P250900794,25-09-30,25-09-01,CXS16A-AS988-20K,91,110,0,110,91,91,09/2025-BS,
2651,P250900793,25-09-30,25-09-01,CXS10A-AS987-20K,10,89,24,65,10,10,09/2025-BS,
2645,P250900464,25-09-30,25-09-01,S369A63T45X40X30,26,0,0,0,26,26,09/2025-BS,
2646,P250900463,25-09-30,25-09-01,VJ100-16-7,55,0,0,0,55,55,09/2025-BS,
2647,P250900462,25-09-30,25-09-01,DXT199-20-23,22,0,0,0,22,22,09/2025-BS,
2648,P250900461,25-09-30,25-09-01,SY30M-20-E-1,18,0,0,0,18,18,09/2025-BS,
2649,P250900460,25-09-30,25-09-01,C2Q40A-AD139A20K,10,0,0,0,10,10,09/2025-BS,
2644,P250900283,25-09-30,25-09-01,CYV32C-R5503A30K,24,43,1,42,24,24,09/2025-BS,
2604,P250804648,25-09-30,25-09-01,MGP80A-AC899-20K,10,23,2,21,10,10,09/2025,
2619,P250804647,25-09-30,25-09-01,CXS15A-BA022-20K,400,470,9,461,400,400,09/2025,
2585,P250804646,25-09-30,25-09-01,C2J06LAAH080-30K,912,"1,008",19,989,912,912,09/2025,
2642,P250804645,25-09-30,25-09-01,P6260301-D,210,218,4,214,210,210,09/2025,
2641,P250804644,25-09-30,25-09-01,P6260101-D,504,"1,007",438,569,504,504,09/2025,
2625,P250804643,25-09-30,25-09-01,C2Q63-04-J0782AK,144,118,15,103,144,144,09/2025,
2643,P250804642,25-09-30,25-09-01,VJ100-16-7,608,748,43,705,608,608,09/2025,
2638,P250804641,25-09-30,25-09-01,SY5000-20-1,162,167,8,159,162,162,09/2025,
2608,P250804640,25-09-30,25-09-01,S369A63T36X32X30,140,120,3,117,140,140,09/2025,
2571,P250804639,25-09-30,25-09-01,S370A63T110X100X30,30,96,42,54,30,30,09/2025,
2617,P250804638,25-09-30,25-09-01,C9663ABAC961-30K,315,414,95,319,315,315,09/2025,
2611,P250804637,25-09-30,25-09-01,C9650ABAC960-30K,360,482,65,417,360,360,09/2025,
2618,P250804636,25-09-30,25-09-01,C9632ABAC958-30K,176,268,8,260,176,176,09/2025,
2588,P250804635,25-09-30,25-09-01,C2M040K02-69579B,48,58,7,51,48,48,09/2025,
2584,P250804634,25-09-30,25-09-01,C2M032K02-69578B,70,83,2,81,70,70,09/2025,
2597,P250804631,25-09-30,25-09-01,C2M025K02-67550D,96,117,4,113,96,96,09/2025,
2596,P250804629,25-09-30,25-09-01,C2M020K02-67549D,126,132,0,132,126,126,09/2025,
2582,P250804627,25-09-30,25-09-01,C2M040K02-69577B,42,103,16,87,42,42,09/2025,
2592,P250804596,25-09-30,25-09-01,C2M032K02-69576B,63,70,0,70,63,63,09/2025,
2602,P250804594,25-09-30,25-09-01,C2M025K02-67546C,88,142,10,132,88,88,09/2025,
2591,P250804592,25-09-30,25-09-01,C2M020K02-67545C,108,109,1,108,108,108,09/2025,
2632,P250804590,25-09-30,25-09-01,C2Q025K04-49999,385,417,3,414,385,385,09/2025,
2631,P250804108,25-09-30,25-09-01,C2Q020K04-49998,480,501,0,501,480,480,09/2025,
2600,P250804105,25-09-30,25-09-01,CXS25J-28750-20K,280,300,6,294,280,280,09/2025,
2586,P250804103,25-09-30,25-09-01,CXS20J-28749-20K,340,340,3,337,340,340,09/2025,
2599,P250804101,25-09-30,25-09-01,CXS15J-28748-20K,483,468,0,468,483,483,09/2025,
2607,P250804099,25-09-30,25-09-01,CXS32A-AS991-20K,160,264,84,180,160,160,09/2025,
2637,P250804095,25-09-30,25-09-01,P4811451-MH1,192,312,17,295,192,192,09/2025,
2636,P250804092,25-09-30,25-09-01,P4811351-MH1,300,372,10,362,300,300,09/2025,
2624,P250804090,25-09-30,25-09-01,C2Q16A-AD368-30K,340,289,89,200,340,340,09/2025,
2630,P250804088,25-09-30,25-09-01,C2Q12A-AD367-30K,720,764,57,707,720,720,09/2025,
2639,P250804086,25-09-30,25-09-01,P3800601B-M,400,418,21,397,400,400,09/2025,
2640,P250804084,25-09-30,25-09-01,P3800501B-M,540,669,112,557,540,540,09/2025,
2613,P250804082,25-09-30,25-09-01,C2Q50A-AD140A30K,420,437,14,423,420,420,09/2025,
2605,P250804080,25-09-30,25-09-01,C2Q40A-AD139A30K,540,528,17,511,540,540,09/2025,
2576,P250804075,25-09-30,25-09-01,S502A61TA0X20X20,12,0,0,0,12,12,09/2025,
2616,P250804073,25-09-30,25-09-01,MGP63A-AC898-20K,250,317,30,287,250,250,09/2025,
2601,P250804071,25-09-30,25-09-01,MGP50A-AC907-20K,140,206,9,197,140,140,09/2025,
2603,P250804069,25-09-30,25-09-01,MGP50A-AC897-20K,420,446,11,435,420,420,09/2025,
2569,P250804067,25-09-30,25-09-01,MYB40-55-AS552-20-K,28,43,0,43,28,28,09/2025,
2567,P250804064,25-09-30,25-09-01,MYB32-55-AS551-20-K,40,59,0,59,40,40,09/2025,
2568,P250804062,25-09-30,25-09-01,MYB25-55-AS550-20-K,70,69,3,66,70,70,09/2025,
2634,P250804061,25-09-30,25-09-01,C2Q016K04-56564,280,307,0,307,280,280,09/2025,
2577,P250804060,25-09-30,25-09-01,S500A61T63X14X20,70,71,12,59,70,70,09/2025,
2575,P250804059,25-09-30,25-09-01,S500A61T50X14X30,180,207,7,200,180,180,09/2025,
2621,P250804058,25-09-30,25-09-01,CXS32A-BA025-20K,40,106,67,39,40,40,09/2025,
2628,P250804057,25-09-30,25-09-01,CXS25A-BA024-20K,108,290,45,245,108,108,09/2025,
2626,P250804056,25-09-30,25-09-01,CXS20A-BA023-20K,231,308,63,245,231,231,09/2025,
2627,P250804055,25-09-30,25-09-01,CXS15A-BA022-20K,312,236,5,231,312,312,09/2025,
2615,P250804054,25-09-30,25-09-01,CXS10A-R6001-20K,480,549,4,545,480,480,09/2025,
2614,P250804053,25-09-30,25-09-01,CXS06A-R6000-20K,234,287,0,287,234,234,09/2025,
2606,P250804052,25-09-30,25-09-01,MGP12A-AC891-30K,190,204,24,180,190,190,09/2025,
2579,P250804051,25-09-30,25-09-01,C1G40L-AT034-30K,154,135,0,135,154,154,09/2025,
2635,P250804050,25-09-30,25-09-01,C3G63K02-AG006,28,8,1,7,28,28,09/2025,
2633,P250804049,25-09-30,25-09-01,C3G50K02-AG005,54,0,0,0,54,54,09/2025,
2593,P250804048,25-09-30,25-09-01,C2M025K03-68715B,340,167,4,163,340,340,09/2025,
2595,P250804047,25-09-30,25-09-01,C2M025K02-68715B,340,348,6,342,340,340,09/2025,
2594,P250804046,25-09-30,25-09-01,C2M020K03-68714B,273,299,2,297,273,273,09/2025,
2598,P250804045,25-09-30,25-09-01,C2M020K02-68714B,273,299,1,298,273,273,09/2025,
2581,P250804044,25-09-30,25-09-01,S501A61T43X16X30,84,87,0,87,84,84,09/2025,
2583,P250804043,25-09-30,25-09-01,S501A61T23X10X30,286,320,8,312,286,286,09/2025,
2578,P250804042,25-09-30,25-09-01,S501A61T19X08X30,416,420,0,420,416,416,09/2025,
2580,P250804041,25-09-30,25-09-01,S501A61T14X06X30,714,836,14,822,714,714,09/2025,
2587,P250804040,25-09-30,25-09-01,C2Q40G-P1285-30K,252,284,27,257,252,252,09/2025,
2589,P250804039,25-09-30,25-09-01,C2Q25G-P1283-30K,209,268,49,219,209,209,09/2025,
2590,P250804038,25-09-30,25-09-01,C2Q12G-P1280-30K,714,794,133,661,714,714,09/2025,
2572,P250804037,25-09-30,25-09-01,APTE00-96000152-D,352,354,2,352,352,352,09/2025,
2574,P250804036,25-09-30,25-09-01,APTE00-98000565-D,378,335,0,335,378,378,09/2025,
2573,P250804035,25-09-30,25-09-01,APTE00-96000150-D,154,208,13,195,154,154,09/2025,
2570,P250804034,25-09-30,25-09-01,S370A63T110X100X30,15,0,0,0,15,15,09/2025,
2612,P250804033,25-09-30,25-09-01,S370A63T89X80X30,36,60,2,58,36,36,09/2025,
2622,P250804032,25-09-30,25-09-01,S370A63T72X63X30,28,0,0,0,28,28,09/2025,
2610,P250804031,25-09-30,25-09-01,S370A63T47X40X30,77,117,10,107,77,77,09/2025,
2620,P250804030,25-09-30,25-09-01,S370A63T26X20X20,176,0,0,0,176,176,09/2025,
2609,P250804029,25-09-30,25-09-01,C9663ABAC961-30K,224,249,10,239,224,224,09/2025,
2566,P250803430,25-08-31,25-08-01,C9650AAAZ035-30K,1,0,0,0,0,1,08/2025-BS,
2563,P250803429,25-08-31,25-08-01,C9640AAAZ034-30K,1,0,0,0,0,1,08/2025-BS,
2564,P250803428,25-08-31,25-08-01,C9632AAAZ033-30K,1,0,0,0,0,1,08/2025-BS,
2565,P250803427,25-08-31,25-08-01,C96A0AAAZ038-30K,1,0,0,0,0,1,08/2025-BS,
2546,P250803426,25-08-31,25-08-01,CYR63E-AX668-30K,5,0,0,0,5,5,08/2025-BS,
2548,P250803425,25-08-31,25-08-01,CYR50E-AX667-30K,5,0,0,0,5,5,08/2025-BS,
2549,P250803424,25-08-31,25-08-01,CYR40E-AX666-30K,5,0,0,0,5,5,08/2025-BS,
2547,P250803423,25-08-31,25-08-01,CYR32E-AX665-30K,5,0,0,0,5,5,08/2025-BS,
2550,P250803422,25-08-31,25-08-01,CYR25E-AX664-30K,5,0,0,0,5,5,08/2025-BS,
2551,P250803421,25-08-31,25-08-01,CYR20E-AX663-30K,5,0,0,0,5,5,08/2025-BS,
2552,P250803420,25-08-31,25-08-01,CYR15E-AX662-30K,5,0,0,0,5,5,08/2025-BS,
2553,P250803419,25-08-31,25-08-01,CYR10E-AX661-30K,5,0,0,0,5,5,08/2025-BS,
2554,P250803418,25-08-31,25-08-01,CYR06E-AX660-30K,5,0,0,0,5,5,08/2025-BS,
2555,P250803417,25-08-31,25-08-01,C3G63K02-AG006,30,46,22,24,30,30,08/2025-BS,
2556,P250803416,25-08-31,25-08-01,C3G50K02-AG005,15,0,0,0,15,15,08/2025-BS,
2557,P250803415,25-08-31,25-08-01,C3G32K02-AG003,13,0,0,0,13,13,08/2025-BS,
2558,P250803414,25-08-31,25-08-01,C3G20K02-AG001,14,0,0,0,14,14,08/2025-BS,
2559,P250803413,25-08-31,25-08-01,C1G50L-AT035-30K,5,0,0,0,5,5,08/2025-BS,
2560,P250803412,25-08-31,25-08-01,C1G40L-AT034-30K,4,0,0,0,4,4,08/2025-BS,
2561,P250803411,25-08-31,25-08-01,C1G32L-AT033-30K,4,0,0,0,4,4,08/2025-BS,
2562,P250803410,25-08-31,25-08-01,C1G20K02-AM405,4,0,0,0,4,4,08/2025-BS,
2539,P250801863,25-08-31,25-08-01,MGP50A-AC907-20K,42,0,0,0,42,42,08/2025-BS,
2543,P250801808,25-08-31,25-08-01,SY3000-20-1,5,0,0,0,5,5,08/2025-BS,
2544,P250801807,25-08-31,25-08-01,C2Q32A-AD138A20K,2,0,0,0,2,2,08/2025-BS,
2545,P250801806,25-08-31,25-08-01,CYR40J-AX666-20K,8,0,0,0,8,8,08/2025-BS,
2531,P250801805,25-08-31,25-08-01,CYR20J-AX663-20K,15,0,0,0,15,15,08/2025-BS,
2532,P250801804,25-08-31,25-08-01,CYR10J-AX661-20K,16,44,0,44,16,16,08/2025-BS,
2533,P250801803,25-08-31,25-08-01,C2Q32A-AD138A20K,10,0,0,0,10,10,08/2025-BS,
2534,P250801802,25-08-31,25-08-01,C9640ABAC959-30K,20,26,6,20,20,20,08/2025-BS,
2535,P250801801,25-08-31,25-08-01,C2Q50-04-J0781-K,10,0,0,0,10,10,08/2025-BS,
2536,P250801800,25-08-31,25-08-01,CXS32A-AS991-20K,32,53,20,33,32,32,08/2025-BS,
2537,P250801799,25-08-31,25-08-01,CXS25A-AS990-20K,45,0,0,0,45,45,08/2025-BS,
2538,P250801798,25-08-31,25-08-01,P3315561-M,40,43,2,41,40,40,08/2025-BS,
2540,P250801796,25-08-31,25-08-01,C2Q50A-AD140A20K,60,0,0,0,60,60,08/2025-BS,
2541,P250801795,25-08-31,25-08-01,C2Q40A-AD139A20K,96,0,0,0,96,96,08/2025-BS,
2542,P250801794,25-08-31,25-08-01,MGP40A-AC896-30K,20,0,0,0,20,20,08/2025-BS,
2530,P250801790,25-08-31,25-08-01,C2Q63A-AD141A20K,240,94,24,70,240,240,08/2025-BS,
2529,P250801592,25-08-31,25-08-01,C2Q020K04-49998,96,110,0,110,96,96,08/2025-BS,
2527,P250801266,25-08-31,25-08-01,S369A63T45X40X30,83,199,2,197,83,83,08/2025-BS,
2528,P250801265,25-08-31,25-08-01,MGP50A-AC897-20K,2,0,0,0,2,2,08/2025-BS,
2520,P250801264,25-08-31,25-08-01,C9640ABAC959-30K,6,0,0,0,6,6,08/2025-BS,
2521,P250801263,25-08-31,25-08-01,C9650ABAC960-30K,24,0,0,0,24,24,08/2025-BS,
2522,P250801262,25-08-31,25-08-01,P4811451-MH1,10,0,0,0,10,10,08/2025-BS,
2523,P250801261,25-08-31,25-08-01,P4811351-MH1,10,0,0,0,10,10,08/2025-BS,
2524,P250801260,25-08-31,25-08-01,P4811251-MH1,10,0,0,0,10,10,08/2025-BS,
2526,P250801192,25-08-31,25-08-01,P3315661-M,64,0,0,0,64,64,08/2025-BS,
2519,P250801089,25-08-31,25-08-01,P4811451-MH1,256,270,4,266,256,256,08/2025-BS,
2518,P250801088,25-08-31,25-08-01,P4811351-MH1,200,236,2,234,200,200,08/2025-BS,
2517,P250801087,25-08-31,25-08-01,P4811251-MH1,156,332,125,207,156,156,08/2025-BS,
2516,P250801086,25-08-31,25-08-01,P4811151-MH1,544,618,23,595,544,544,08/2025-BS,
2515,P250801085,25-08-31,25-08-01,SY7000-20-1,8,0,0,0,8,8,08/2025-BS,
2514,P250801084,25-08-31,25-08-01,SY7000-20-1,5,0,0,0,5,5,08/2025-BS,
2513,P250801083,25-08-31,25-08-01,VJ100-16-7,5,0,0,0,5,5,08/2025-BS,
2512,P250801082,25-08-31,25-08-01,SY30M-20-E-1,5,0,0,0,5,5,08/2025-BS,
2511,P250704006,25-08-31,25-08-01,C9632ABAC958-30K,15,0,0,0,15,15,08/2025-BS,
2442,P250703101,25-08-31,25-08-01,DXT192-11-44,126,125,1,124,126,126,08/2025,
2505,P250703100,25-08-31,25-08-01,C2U16A-AS922-20K,182,221,8,213,182,182,08/2025,
2441,P250703099,25-08-31,25-08-01,CU-016K27-57157A,182,225,4,221,182,182,08/2025,
2440,P250703098,25-08-31,25-08-01,P3800403-MH2,112,83,0,83,112,112,08/2025,
2439,P250703097,25-08-31,25-08-01,CYR63K-AX668-20K,15,0,0,0,15,15,08/2025,
2438,P250703096,25-08-31,25-08-01,CYR50K-AX667-20K,20,12,0,12,20,20,08/2025,
2437,P250703095,25-08-31,25-08-01,MTS25-02-J3853-K,90,125,0,125,90,90,08/2025,
2436,P250703094,25-08-31,25-08-01,CYR32-32-786GL,36,0,0,0,36,36,08/2025,
2435,P250703093,25-08-31,25-08-01,P4811321-M,48,47,0,47,48,48,08/2025,
2434,P250703092,25-08-31,25-08-01,XLS25-1-1B,144,164,49,115,144,144,08/2025,
2433,P250703091,25-08-31,25-08-01,P4811301-M-1,200,198,0,198,200,200,08/2025,
2432,P250703090,25-08-31,25-08-01,DXT199-20-1,77,117,33,84,77,77,08/2025,
2431,P250703089,25-08-31,25-08-01,C2Q50A-AD140A20K,120,161,3,158,120,120,08/2025,
2430,P250703088,25-08-31,25-08-01,C2Q32A-AD138A20K,189,186,2,184,189,189,08/2025,
2429,P250703087,25-08-31,25-08-01,CXS32A-BA025-20K,40,34,5,29,40,40,08/2025,
2428,P250703086,25-08-31,25-08-01,CXS15A-BA022-20K,200,317,103,214,200,200,08/2025,
2427,P250703085,25-08-31,25-08-01,P3319201-M,770,794,13,781,770,770,08/2025,
2426,P250703084,25-08-31,25-08-01,P6260401-D,360,803,385,418,360,360,08/2025,
2504,P250703083,25-08-31,25-08-01,P6260301-D,504,485,27,458,504,504,08/2025,
2510,P250703082,25-08-31,25-08-01,C2Q63-04-J0782AK,36,59,0,59,36,36,08/2025,
2509,P250703081,25-08-31,25-08-01,C2Q40-04-J0780-K,400,441,3,438,400,400,08/2025,
2508,P250703080,25-08-31,25-08-01,C2Q32-04-J0779-K,540,642,3,639,540,540,08/2025,
2507,P250703079,25-08-31,25-08-01,XLA16-3-1B,77,105,3,102,77,77,08/2025,
2506,P250703078,25-08-31,25-08-01,VJ100-16-7,"1,520","1,590",17,"1,573","1,520",1520,08/2025,
2503,P250703077,25-08-31,25-08-01,SY5000-20-1,108,119,2,117,108,108,08/2025,
2502,P250703076,25-08-31,25-08-01,DXT199-20-23,462,549,38,511,462,462,08/2025,
2501,P250703075,25-08-31,25-08-01,DXT192-11-3,378,390,6,384,378,378,08/2025,
2500,P250703074,25-08-31,25-08-01,DXT155-38-1,280,219,0,219,280,280,08/2025,
2499,P250703073,25-08-31,25-08-01,S370A63T110X100X30,105,78,15,63,105,105,08/2025,
2498,P250703072,25-08-31,25-08-01,C9632ABAC958-30K,88,98,2,96,88,88,08/2025,
2497,P250703071,25-08-31,25-08-01,MK-50L-AF611-20K,96,129,4,125,96,96,08/2025,
2496,P250703070,25-08-31,25-08-01,MK-40L-AF610-20K,140,159,7,152,140,140,08/2025,
2495,P250703069,25-08-31,25-08-01,MK-32L-AF609-20K,234,268,0,268,234,234,08/2025,
2494,P250703068,25-08-31,25-08-01,CXS32J-28751-20K,384,360,6,354,384,384,08/2025,
2493,P250703067,25-08-31,25-08-01,CXS25J-28750-20K,560,532,11,521,560,560,08/2025,
2492,P250703066,25-08-31,25-08-01,CXS20J-28749-20K,680,682,3,679,680,680,08/2025,
2491,P250703065,25-08-31,25-08-01,CXS15J-28748-20K,966,984,10,974,966,966,08/2025,
2490,P250703064,25-08-31,25-08-01,CXS10J-28747-20K,"1,248","1,252",24,"1,228","1,248",1248,08/2025,
2489,P250703063,25-08-31,25-08-01,CXS06J-A5157-20K,800,772,62,710,800,800,08/2025,
2488,P250703062,25-08-31,25-08-01,CUJ10A-P7103A20K,"1,620","1,097",18,"1,079","1,043",1043,08/2025,
2487,P250703061,25-08-31,25-08-01,CUJ08A-P7102A20K,722,707,34,673,722,722,08/2025,
2486,P250703060,25-08-31,25-08-01,CUJ06A-P7101A20K,760,88,3,85,82,82,08/2025,
2485,P250703059,25-08-31,25-08-01,C2Q25A-AD137A30K,312,293,18,275,312,312,08/2025,
2484,P250703058,25-08-31,25-08-01,C2Q20A-AD136A30K,448,562,61,501,448,448,08/2025,
2483,P250703057,25-08-31,25-08-01,CYB32L-AS380-30K,112,118,25,93,112,112,08/2025,
2482,P250703056,25-08-31,25-08-01,CYB15L-AS377-30K,476,454,3,451,476,476,08/2025,
2481,P250703055,25-08-31,25-08-01,CYB10L-AS376-30K,660,660,53,607,660,660,08/2025,
2480,P250703054,25-08-31,25-08-01,P3800601B-M,200,238,38,200,200,200,08/2025,
2479,P250703053,25-08-31,25-08-01,P3800501B-M,162,190,20,170,162,162,08/2025,
2478,P250703052,25-08-31,25-08-01,P3802801B-M,280,263,5,258,280,280,08/2025,
2477,P250703051,25-08-31,25-08-01,P3802701B-M,300,319,12,307,300,300,08/2025,
2476,P250703050,25-08-31,25-08-01,P3802601B-M,336,382,22,360,336,336,08/2025,
2475,P250703049,25-08-31,25-08-01,CYR63J-AX668-20K,12,14,2,12,12,12,08/2025,
2474,P250703048,25-08-31,25-08-01,CYR50J-AX667-20K,20,25,3,22,20,20,08/2025,
2473,P250703047,25-08-31,25-08-01,C2Q50A-AD140A30K,210,188,5,183,210,210,08/2025,
2472,P250703046,25-08-31,25-08-01,C2Q32A-AD138A30K,"1,400","1,275",24,"1,251","1,050",1050,08/2025,
2471,P250703045,25-08-31,25-08-01,C2J16L-AH081-30K,208,222,4,218,208,208,08/2025,
2470,P250703044,25-08-31,25-08-01,C2J10L-AH082-30K,279,344,14,330,279,279,08/2025,
2469,P250703043,25-08-31,25-08-01,C2Q016K04-56564,280,283,0,283,280,280,08/2025,
2468,P250703042,25-08-31,25-08-01,S502A61T63X13X20,105,111,13,98,105,105,08/2025,
2467,P250703041,25-08-31,25-08-01,S500A61T63X14X20,70,82,8,74,70,70,08/2025,
2466,P250703040,25-08-31,25-08-01,S500A61T50X14X30,180,145,9,136,180,180,08/2025,
2465,P250703039,25-08-31,25-08-01,APTE00-96000152-D,176,167,0,167,176,176,08/2025,
2464,P250703038,25-08-31,25-08-01,MGP40A-AC896-30K,120,151,17,134,120,120,08/2025,
2463,P250703037,25-08-31,25-08-01,MGP32A-AC895-30K,33,23,2,21,33,33,08/2025,
2462,P250703036,25-08-31,25-08-01,MGP25A-AC894-30K,216,226,12,214,216,216,08/2025,
2461,P250703035,25-08-31,25-08-01,MGP20A-AC893-30K,336,277,9,268,336,336,08/2025,
2460,P250703034,25-08-31,25-08-01,MGP16A-AC892-30K,425,405,18,387,425,425,08/2025,
2459,P250703033,25-08-31,25-08-01,MGP12A-AC891-30K,190,195,37,158,190,190,08/2025,
2458,P250703032,25-08-31,25-08-01,MGP25A-AC904-30K,36,41,10,31,36,36,08/2025,
2457,P250703031,25-08-31,25-08-01,MGP16A-AC902-30K,255,272,3,269,255,255,08/2025,
2456,P250703030,25-08-31,25-08-01,MGP12A-AC901-30K,95,98,9,89,95,95,08/2025,
2455,P250703029,25-08-31,25-08-01,C2M032K03-68716B,135,182,14,168,135,135,08/2025,
2454,P250703028,25-08-31,25-08-01,S501A61T35X16X30,270,287,2,285,270,270,08/2025,
2453,P250703027,25-08-31,25-08-01,S501A61T27X12X30,209,236,11,225,209,209,08/2025,
2452,P250703026,25-08-31,25-08-01,S501A61T23X10X30,286,258,7,251,286,286,08/2025,
2451,P250703025,25-08-31,25-08-01,S501A61T19X08X30,416,476,3,473,416,416,08/2025,
2450,P250703024,25-08-31,25-08-01,C2J16M-AF113-25K,522,462,3,459,522,522,08/2025,
2449,P250703023,25-08-31,25-08-01,S369A63T36X32X30,112,87,45,42,112,112,08/2025,
2448,P250703022,25-08-31,25-08-01,S370A63T72X63X30,112,74,9,65,112,112,08/2025,
2447,P250703021,25-08-31,25-08-01,S370A63T58X50X30,225,236,17,219,225,225,08/2025,
2446,P250703020,25-08-31,25-08-01,S370A63T31X25X30,160,259,25,234,160,160,08/2025,
2445,P250703019,25-08-31,25-08-01,C9650ABAC960-30K,200,219,12,207,200,200,08/2025,
2444,P250703018,25-08-31,25-08-01,C9640ABAC959-30K,420,271,23,248,420,420,08/2025,
2443,P250703017,25-08-31,25-08-01,C9632ABAC958-30K,231,252,2,250,231,231,08/2025,
2425,P250702868,25-07-30,25-07-01,MK-63L-AF612-20K,70,0,0,0,70,70,07/2025-BS,
2340,P250702777,25-07-30,25-07-01,CUJ08A-P7102A20K,"1,083","1,172",33,"1,139","1,083",1083,07/2025,
2422,P250702635,25-07-30,25-07-01,MYH40J-R6302-30K,32,69,2,67,32,32,07/2025-BS,
2423,P250702634,25-07-30,25-07-01,C2Q80A-AD142-30K,60,82,9,73,60,60,07/2025-BS,
2424,P250702633,25-07-30,25-07-01,MGP63A-AC898-20K,100,110,14,96,100,100,07/2025-BS,
2420,P250701684,25-07-30,25-07-01,MGP50A-AC907-20K,28,0,0,0,28,28,07/2025-BS,
2421,P250701683,25-07-30,25-07-01,C2Q50-02-J0787-K,30,64,27,37,30,30,07/2025-BS,
2416,P250701682,25-07-30,25-07-01,MGP50A-AC907-20K,28,98,5,93,28,28,07/2025-BS,
2417,P250701681,25-07-30,25-07-01,MGP50A-AC897-20K,2,0,0,0,2,2,07/2025-BS,
2418,P250701680,25-07-30,25-07-01,MXH16-27-E7100-K,2,0,0,0,2,2,07/2025-BS,
2419,P250701679,25-07-30,25-07-01,SY5000-20-1,2,0,0,0,2,2,07/2025-BS,
2415,P250700886,25-07-30,25-07-01,P79001005-M,20,0,0,0,20,20,07/2025-BS,
2410,P250700838,25-07-30,25-07-01,CYR32K-AX665-20K,2,0,0,0,2,2,07/2025-BS,
2411,P250700837,25-07-30,25-07-01,DXT199-20-23,17,0,0,0,17,17,07/2025-BS,
2412,P250700836,25-07-30,25-07-01,CYR63K-AX668-20K,2,34,24,10,2,2,07/2025-BS,
2413,P250700835,25-07-30,25-07-01,CYR50K-AX667-20K,1,0,0,0,1,1,07/2025-BS,
2414,P250700833,25-07-30,25-07-01,CYR06K-AX660-20K,3,0,0,0,3,3,07/2025-BS,
2406,P250700606,25-07-30,25-07-01,C9650ABAZ035-30K,1,2,0,2,1,1,07/2025-BS,
2407,P250700605,25-07-30,25-07-01,C9640ABAZ034-30K,1,2,0,2,1,1,07/2025-BS,
2408,P250700604,25-07-30,25-07-01,C9632ABAZ033-30K,1,2,0,2,1,1,07/2025-BS,
2409,P250700603,25-07-30,25-07-01,C96A0ABAZ038-30K,1,2,0,2,1,1,07/2025-BS,
2402,P250700473,25-07-30,25-07-01,S502A61T40X09X27,6,0,0,0,6,6,07/2025-BS,
2403,P250700472,25-07-30,25-07-01,S502A61T32X06X27,2,0,0,0,2,2,07/2025-BS,
2404,P250700471,25-07-30,25-07-01,MGP32A-AC895-30K,165,159,1,158,165,165,07/2025-BS,
2405,P250700470,25-07-30,25-07-01,P4811151-MH1,10,0,0,0,10,10,07/2025-BS,
2401,P250700222,25-07-30,25-07-01,CYR32J-AX665-20K,40,0,0,0,40,40,07/2025-BS,
2400,P250700221,25-07-30,25-07-01,CYR25J-AX664-20K,70,0,0,0,70,70,07/2025-BS,
2399,P250700218,25-07-30,25-07-01,MGP40A-AC896-30K,140,0,0,0,140,140,07/2025-BS,
2397,P250604167,25-07-30,25-07-01,MGP32A-AC895-30K,198,207,3,204,198,198,07/2025-BS,
2396,P250602987,25-07-30,25-07-01,CYR32-32-786GL,144,224,49,175,144,144,07/2025,
2395,P250602986,25-07-30,25-07-01,XLA40-3-1B,24,0,0,0,24,24,07/2025,
2394,P250602985,25-07-30,25-07-01,VP500-22,42,40,1,39,42,42,07/2025,
2393,P250602984,25-07-30,25-07-01,P3315661-M,32,107,28,79,32,32,07/2025,
2392,P250602983,25-07-30,25-07-01,MGP80A-AC899-20K,10,0,0,0,10,10,07/2025,
2391,P250602982,25-07-30,25-07-01,MGP63A-AC908-20K,20,47,9,38,20,20,07/2025,
2390,P250602981,25-07-30,25-07-01,MGP63A-AC898-20K,20,0,0,0,20,20,07/2025,
2389,P250602980,25-07-30,25-07-01,MGP50A-AC897-20K,42,53,2,51,42,42,07/2025,
2388,P250602979,25-07-30,25-07-01,C2QA0A-AD143-20K,36,75,18,57,36,36,07/2025,
2387,P250602978,25-07-30,25-07-01,C2Q80-04-J0783-K,12,0,0,0,12,12,07/2025,
2386,P250602977,25-07-30,25-07-01,XLA40-1B-S,700,765,54,711,700,700,07/2025,
2385,P250602976,25-07-30,25-07-01,DXT192-11-44,126,145,3,142,126,126,07/2025,
2384,P250602975,25-07-30,25-07-01,C1SA6E-AA750-15K,216,258,5,253,216,216,07/2025,
2383,P250602974,25-07-30,25-07-01,XLS25-1-1B,108,162,13,149,108,108,07/2025,
2382,P250602973,25-07-30,25-07-01,P5053-1083,72,74,1,73,72,72,07/2025,
2381,P250602972,25-07-30,25-07-01,P5053-1081,280,285,4,281,280,280,07/2025,
2380,P250602971,25-07-30,25-07-01,P4811501-M-1,98,107,0,107,98,98,07/2025,
2379,P250602970,25-07-30,25-07-01,P4811301-M-1,100,59,1,58,100,100,07/2025,
2378,P250602969,25-07-30,25-07-01,P4811201-M-1,624,638,3,635,624,624,07/2025,
2377,P250602968,25-07-30,25-07-01,P4811101-M-2,544,563,5,558,544,544,07/2025,
2376,P250602967,25-07-30,25-07-01,P3318110-M,208,219,10,209,208,208,07/2025,
2375,P250602966,25-07-30,25-07-01,MGJ06K-BA394-20K,476,493,6,487,476,476,07/2025,
2374,P250602965,25-07-30,25-07-01,MB-40-32-C6777-K,240,250,15,235,240,240,07/2025,
2373,P250602964,25-07-30,25-07-01,C2Q040K31-49702A,70,111,7,104,70,70,07/2025,
2372,P250602963,25-07-30,25-07-01,CXS15A-BA022-20K,80,106,2,104,80,80,07/2025,
2371,P250602962,25-07-30,25-07-01,P3319301-M,396,417,5,412,396,396,07/2025,
2370,P250602961,25-07-30,25-07-01,P3319201-M,308,334,1,333,308,308,07/2025,
2369,P250602960,25-07-30,25-07-01,P3319101-M,476,467,53,414,476,476,07/2025,
2368,P250602959,25-07-30,25-07-01,P6260301-D,84,119,7,112,84,84,07/2025,
2367,P250602958,25-07-30,25-07-01,P6260201-D,280,381,52,329,280,280,07/2025,
2366,P250602957,25-07-30,25-07-01,P6260101-D,288,305,6,299,288,288,07/2025,
2365,P250602956,25-07-30,25-07-01,XLA25-1B-S,360,361,12,349,360,360,07/2025,
2364,P250602955,25-07-30,25-07-01,XLA16-1B-S,330,338,5,333,330,330,07/2025,
2363,P250602954,25-07-30,25-07-01,VJ100-16-7,912,926,20,906,912,912,07/2025,
2362,P250602953,25-07-30,25-07-01,SY5000-20-1,216,216,5,211,216,216,07/2025,
2361,P250602952,25-07-30,25-07-01,S370A63T110X100X30,225,353,79,274,225,225,07/2025,
2360,P250602951,25-07-30,25-07-01,C9663ABAC961-30K,175,69,42,27,175,175,07/2025,
2359,P250602950,25-07-30,25-07-01,C9650ABAC960-30K,160,193,11,182,160,160,07/2025,
2358,P250602949,25-07-30,25-07-01,C9640ABAC959-30K,280,335,13,322,280,280,07/2025,
2357,P250602948,25-07-30,25-07-01,C9632ABAC958-30K,176,143,24,119,176,176,07/2025,
2356,P250602947,25-07-30,25-07-01,P3800601B-M,160,109,9,100,160,160,07/2025,
2355,P250602946,25-07-30,25-07-01,P3800301B-M,351,202,85,117,351,351,07/2025,
2354,P250602945,25-07-30,25-07-01,P3800201B-M,396,363,3,360,396,396,07/2025,
2353,P250602944,25-07-30,25-07-01,P3802701B-M,300,303,19,284,300,300,07/2025,
2352,P250602943,25-07-30,25-07-01,P3802601B-M,420,252,14,238,420,420,07/2025,
2351,P250602942,25-07-30,25-07-01,P3802501B-M,540,692,157,535,540,540,07/2025,
2350,P250602941,25-07-30,25-07-01,MK-63L-AF612-20K,70,192,14,178,70,70,07/2025,
2349,P250602940,25-07-30,25-07-01,MK-50L-AF611-20K,144,167,16,151,144,144,07/2025,
2348,P250602939,25-07-30,25-07-01,MK-40L-AF610-20K,210,239,16,223,210,210,07/2025,
2347,P250602938,25-07-30,25-07-01,MK-32L-AF609-20K,468,436,39,397,468,468,07/2025,
2346,P250602937,25-07-30,25-07-01,MK-25L-AF608-20K,240,240,0,240,240,240,07/2025,
2345,P250602936,25-07-30,25-07-01,MGP50A-AC897-20K,28,0,0,0,28,28,07/2025,
2344,P250602935,25-07-30,25-07-01,MGP25A-AC894-30K,252,249,9,240,252,252,07/2025,
2343,P250602934,25-07-30,25-07-01,MGP20A-AC903-30K,168,165,5,160,168,168,07/2025,
2398,P250602933,25-07-30,25-07-01,CXS25A-AS990-20K,90,190,30,160,90,90,07/2025,
2342,P250602932,25-07-30,25-07-01,CXS10A-AS987-20K,135,180,10,170,135,135,07/2025,
2341,P250602931,25-07-30,25-07-01,CUJ10A-P7103A20K,"1,620","1,679",38,"1,641","1,620",1620,07/2025,
2339,P250602929,25-07-30,25-07-01,CUJ06A-P7101A20K,760,809,13,796,760,760,07/2025,
2338,P250602928,25-07-30,25-07-01,C2Q025K31-49999A,352,334,7,327,352,352,07/2025,
2337,P250602927,25-07-30,25-07-01,C2QA0A-AD143-30K,16,40,1,39,16,16,07/2025,
2336,P250602926,25-07-30,25-07-01,C2Q25A-AD137A30K,208,278,7,271,208,208,07/2025,
2335,P250602925,25-07-30,25-07-01,C2Q20A-AD136A30K,224,198,24,174,224,224,07/2025,
2334,P250602924,25-07-30,25-07-01,C2Q50A-AD140A30K,700,742,10,732,700,700,07/2025,
2333,P250602923,25-07-30,25-07-01,C2Q40A-AD139A30K,810,879,23,856,810,810,07/2025,
2332,P250602922,25-07-30,25-07-01,C2Q32A-AD138A30K,"1,050","1,295",32,"1,263","1,050",1050,07/2025,
2331,P250602921,25-07-30,25-07-01,C2Q63G-F2257-20K,112,112,4,108,112,112,07/2025,
2330,P250602920,25-07-30,25-07-01,S500A61T63X14X20,70,83,11,72,70,70,07/2025,
2329,P250602919,25-07-30,25-07-01,S500A61T50X14X30,60,105,5,100,60,60,07/2025,
2328,P250602918,25-07-30,25-07-01,C2M032K02-68716B,270,284,2,282,270,270,07/2025,
2327,P250602917,25-07-30,25-07-01,C2J16L-AH081-30K,208,220,12,208,208,208,07/2025,
2326,P250602916,25-07-30,25-07-01,S502A61T63X13X20,175,213,22,191,175,175,07/2025,
2325,P250602915,25-07-30,25-07-01,S502A61T50X13X27,180,174,1,173,180,180,07/2025,
2324,P250602914,25-07-30,25-07-01,CG-040K02-35903A,54,38,1,37,54,54,07/2025,
2323,P250602913,25-07-30,25-07-01,S370A63T89X80X30,54,90,25,65,54,54,07/2025,
2322,P250602912,25-07-30,25-07-01,S370A63T58X50X30,45,218,10,208,45,45,07/2025,
2321,P250602911,25-07-30,25-07-01,S370A63T31X25X30,320,129,5,124,320,320,07/2025,
2320,P250602910,25-07-30,25-07-01,S370A63T26X20X20,704,750,29,721,704,704,07/2025,
2319,P250603003,25-06-27,25-06-02,CQS20-04-F6466-K,96,83,1,82,96,96,06/2025-BS,
2318,P250603002,25-06-27,25-06-02,MGP32A-AC895-30K,66,0,0,0,66,66,06/2025-BS,
2317,P250603001,25-06-27,25-06-02,MGP40A-AC896-30K,200,0,0,0,200,200,06/2025-BS,
2316,P250602993,25-06-27,25-06-02,CXS10A-AS987-20K,5,92,85,7,5,5,06/2025-BS,
2309,P250602896,25-06-27,25-06-02,S370A63T38X32X30,120,0,0,0,120,120,06/2025-BS,
2305,P250601583,25-06-27,25-06-02,SY5000-20-118,10,0,0,0,10,10,06/2025-BS,
2306,P250601582,25-06-27,25-06-02,SY30M-20-E-1,10,0,0,0,10,10,06/2025-BS,
2307,P250601581,25-06-27,25-06-02,SY7000-20-1,10,0,0,0,10,10,06/2025-BS,
2303,P250601580,25-06-27,25-06-02,SY5000-20-1,10,0,0,0,10,10,06/2025-BS,
2304,P250601579,25-06-27,25-06-02,SY3000-20-1,10,0,0,0,10,10,06/2025-BS,
2299,P250601429,25-06-27,25-06-02,C9632ABAC958-30K,8,0,0,0,8,8,06/2025-BS,
2300,P250601428,25-06-27,25-06-02,C9640ABAC959-30K,42,0,0,0,42,42,06/2025-BS,
2301,P250601427,25-06-27,25-06-02,CXS20A-BA023-20K,59,238,14,224,59,59,06/2025-BS,
2302,P250601426,25-06-27,25-06-02,MTS16-02-J3851-K,39,0,0,0,39,39,06/2025-BS,
2295,P250601425,25-06-27,25-06-02,MTS12-02-J3850-K,42,0,0,0,42,42,06/2025-BS,
2296,P250601424,25-06-27,25-06-02,S370A63T38X32X30,1,0,0,0,1,1,06/2025-BS,
2297,P250601423,25-06-27,25-06-02,S369A63T55X50X30,10,0,0,0,10,10,06/2025-BS,
2298,P250601422,25-06-27,25-06-02,C9663ABAC961-30K,20,0,0,0,20,20,06/2025-BS,
2294,P250600965,25-06-27,25-06-02,XLA80-1B,1,11,0,11,1,1,06/2025-BS,
2293,P250600902,25-06-27,25-06-02,CYR32-32-786GL,216,224,9,215,216,216,06/2025-BS,
2286,P250600901,25-06-27,25-06-02,CUJ10A-P7103A20K,20,0,0,0,20,20,06/2025-BS,
2287,P250600900,25-06-27,25-06-02,CUJ08A-P7102A20K,20,0,0,0,20,20,06/2025-BS,
2288,P250600899,25-06-27,25-06-02,CUJ06A-P7101A20K,20,0,0,0,20,20,06/2025-BS,
2289,P250600898,25-06-27,25-06-02,CUJ04A-P7100A20K,20,0,0,0,20,20,06/2025-BS,
2290,P250600897,25-06-27,25-06-02,S370A63T38X32X30,100,0,0,0,100,100,06/2025-BS,
2292,P250600896,25-06-27,25-06-02,CUJ10A-P7103A20K,40,0,0,0,40,40,06/2025-BS,
2291,P250600895,25-06-27,25-06-02,CQS12-04-F6464-K,18,0,0,0,18,18,06/2025-BS,
2279,P250600436,25-06-27,25-06-02,CG-040K02-35903A,108,116,3,113,108,108,06/2025-BS,25-06-03
2280,P250600435,25-06-27,25-06-02,S370A63T110X100X30,30,32,0,32,30,30,06/2025-BS,25-06-03
2281,P250600434,25-06-27,25-06-02,C2Q32A-AD138A30K,80,116,63,53,80,80,06/2025-BS,25-06-03
2278,P250502964,25-06-27,25-06-02,MGP63A-AC898-20K,130,152,5,147,130,130,06/2025,25-06-03
2276,P250502890,25-06-27,25-06-02,CU-020K27-57158A,121,138,9,129,121,121,06/2025,25-06-03
2277,P250502889,25-06-27,25-06-02,CU-010K27-57156A,289,340,4,336,289,289,06/2025,25-06-03
2282,P250502888,25-06-27,25-06-02,CU-006K27-57155A,342,445,20,425,342,342,06/2025,
2283,P250502887,25-06-27,25-06-02,P4811321-M,192,159,2,157,192,192,06/2025,
2284,P250502886,25-06-27,25-06-02,P40109002-D,70,94,13,81,70,70,06/2025,
2285,P250502885,25-06-27,25-06-02,C2Q63A-AD141A20K,140,804,477,327,140,140,06/2025,
2233,P250502884,25-06-27,25-06-02,CXS15A-BA022-20K,200,297,183,114,200,200,06/2025,25-06-03
2234,P250502883,25-06-27,25-06-02,P3319401-M,70,0,0,0,70,70,06/2025,
2235,P250502882,25-06-27,25-06-02,P6260401-D,210,332,89,243,210,210,06/2025,
2236,P250502881,25-06-27,25-06-02,P6260301-D,294,396,84,312,294,294,06/2025,
2237,P250502878,25-06-27,25-06-02,P6260201-D,280,391,170,221,280,280,06/2025,
2238,P250502876,25-06-27,25-06-02,P6260101-D,216,252,31,221,216,216,06/2025,
2239,P250502874,25-06-27,25-06-02,C2Q40-04-J0780-K,240,201,2,199,240,240,06/2025,
2240,P250502872,25-06-27,25-06-02,C2Q32-04-J0779-K,360,366,23,343,360,360,06/2025,
2241,P250502870,25-06-27,25-06-02,XLA25-1B-S,360,248,2,246,360,360,06/2025,
2242,P250502868,25-06-27,25-06-02,VJ100-16-7,"1,216","1,262",37,"1,225","1,216",1216,06/2025,
2243,P250502866,25-06-27,25-06-02,SY5000-20-1,162,143,3,140,162,162,06/2025,
2244,P250502864,25-06-27,25-06-02,DXT199-20-23,231,228,1,227,231,231,06/2025,
2245,P250502862,25-06-27,25-06-02,DXT192-11-3,252,450,5,445,252,252,06/2025,
2246,P250502860,25-06-27,25-06-02,DXT155-38-1,280,351,0,351,280,280,06/2025,
2247,P250502858,25-06-27,25-06-02,P3800601B-M,240,86,0,86,240,240,06/2025,
2248,P250502856,25-06-27,25-06-02,P3800501B-M,108,142,27,115,108,108,06/2025,
2249,P250502855,25-06-27,25-06-02,P3800401B-M,462,843,161,682,462,462,06/2025,
2250,P250502854,25-06-27,25-06-02,P3800301B-M,117,78,2,76,117,117,06/2025,
2251,P250502853,25-06-27,25-06-02,P3800101B-M,520,404,4,400,520,520,06/2025,
2253,P250502852,25-06-27,25-06-02,P3802801B-M,320,334,6,328,320,320,06/2025,
2254,P250502851,25-06-27,25-06-02,P3802701B-M,180,94,2,92,180,180,06/2025,
2255,P250502850,25-06-27,25-06-02,P3802601B-M,168,190,7,183,168,168,06/2025,
2252,P250502849,25-06-27,25-06-02,P3802301B-M,520,554,23,531,520,520,06/2025,
2256,P250502846,25-06-27,25-06-02,MGP40A-AC896-30K,460,303,23,280,460,460,06/2025,
2257,P250502844,25-06-27,25-06-02,MGP32A-AC895-30K,528,616,19,597,528,528,06/2025,
2259,P250502842,25-06-27,25-06-02,S500A61T50X14X30,120,125,16,109,120,120,06/2025,25-06-03
2260,P250502841,25-06-27,25-06-02,MGP25A-AC894-30K,144,165,5,160,144,144,06/2025,25-06-03
2261,P250502840,25-06-27,25-06-02,MGP16A-AC892-30K,"1,105","1,178",20,"1,158","1,105",1105,06/2025,25-06-03
2262,P250502839,25-06-27,25-06-02,MGP12A-AC891-30K,760,803,23,780,760,760,06/2025,25-06-03
2263,P250502838,25-06-27,25-06-02,MGP20A-AC903-30K,56,32,2,30,56,56,06/2025,25-06-03
2264,P250502837,25-06-27,25-06-02,MGP16A-AC902-30K,255,270,12,258,255,255,06/2025,25-06-03
2265,P250502836,25-06-27,25-06-02,MGP12A-AC901-30K,190,210,2,208,190,190,06/2025,25-06-03
2266,P250502835,25-06-27,25-06-02,CYB40L-AS381-30K,77,96,19,77,77,77,06/2025,25-06-03
2267,P250502834,25-06-27,25-06-02,CYB06L-AS375-30K,"1,144","1,404",359,"1,045","1,144",1144,06/2025,25-06-03
2268,P250502833,25-06-27,25-06-02,C2Q63A-AD141A30K,360,620,49,571,360,360,06/2025,25-06-03
2269,P250502832,25-06-27,25-06-02,C2Q025K04-49999,231,250,3,247,231,231,06/2025,25-06-03
2272,P250502831,25-06-27,25-06-02,C2Q50A-AD140A30K,630,673,36,637,630,630,06/2025,25-06-03
2271,P250502830,25-06-27,25-06-02,C2Q40A-AD139A30K,810,945,151,794,810,810,06/2025,25-06-03
2273,P250502829,25-06-27,25-06-02,C2Q32A-AD138A30K,"1,050","1,197",159,"1,038","1,050",1050,06/2025,25-06-03
2270,P250502828,25-06-27,25-06-02,S501A61T43X16X30,168,154,0,154,168,168,06/2025,25-06-03
2258,P250502827,25-06-27,25-06-02,C2J06LAAH080-30K,912,670,7,663,912,912,06/2025,25-06-03
2274,P250502824,25-06-27,25-06-02,C2M025K02-68715B,340,340,4,336,340,340,06/2025,25-06-03
2227,P250501707,25-05-31,25-05-05,SY7000-20-1,2,14,0,14,2,2,05/2025-BS,
2228,P250501706,25-05-31,25-05-05,SY50M-20-E-1,2,0,0,0,2,2,05/2025-BS,
2223,P250501704,25-05-31,25-05-05,SY30M-20-E-1,2,0,0,0,2,2,05/2025-BS,
2224,P250501703,25-05-31,25-05-05,DXT199-20-23,20,0,0,0,20,20,05/2025-BS,
2225,P250501702,25-05-31,25-05-05,DXT192-11-44,20,0,0,0,20,20,05/2025-BS,
2226,P250501642,25-05-31,25-05-05,S370A63T110X100X30,45,45,0,45,45,45,05/2025-BS,
2218,P250501546,25-05-31,25-05-05,C9632ABAC958-30K,24,0,0,0,24,24,05/2025-BS,
2219,P250501545,25-05-31,25-05-05,C9663ABAC961-30K,10,0,0,0,10,10,05/2025-BS,
2220,P250501544,25-05-31,25-05-05,C9640ABAC959-30K,30,0,0,0,30,30,05/2025-BS,
2221,P250501543,25-05-31,25-05-05,C2Q012K04-56563,5,0,0,0,5,5,05/2025-BS,
2215,P250501539,25-05-31,25-05-05,DXT192-11-44,50,62,3,59,50,50,05/2025-BS,
2216,P250501479,25-05-31,25-05-05,P7471701-M,24,58,11,47,24,24,05/2025-BS,
2217,P250501351,25-05-31,25-05-05,C2J06LAAH080-30K,456,912,0,912,456,456,05/2025-BS,
2211,P250500018,25-05-31,25-05-05,S500A61T32X08X30,5,0,0,0,5,5,05/2025-BS,
2212,P250500017,25-05-31,25-05-05,S501A61T23X10X30,25,0,0,0,25,25,05/2025-BS,
2213,P250500016,25-05-31,25-05-05,S500A61T32X08X30,7,0,0,0,7,7,05/2025-BS,
2214,P250500015,25-05-31,25-05-05,S500A61T25X06X30,7,0,0,0,7,7,05/2025-BS,
2206,P250500014,25-05-31,25-05-05,C2Q32G-P1284-30K,2,0,0,0,2,2,05/2025-BS,
2207,P250500013,25-05-31,25-05-05,C2Q25G-P1283-30K,5,0,0,0,5,5,05/2025-BS,
2208,P250500012,25-05-31,25-05-05,C2Q12G-P1280-30K,2,0,0,0,2,2,05/2025-BS,
2209,P250500011,25-05-31,25-05-05,C2J10M-AF112-25K,5,0,0,0,5,5,05/2025-BS,
2192,P250402434,25-05-31,25-05-05,XLA40-3-1B,192,142,10,132,192,192,05/2025,
2193,P250402433,25-05-31,25-05-05,XLA63-1B,9,18,0,18,9,9,05/2025,
2194,P250402432,25-05-31,25-05-05,XLA50-1B-S,16,30,3,27,16,16,05/2025,
2195,P250402431,25-05-31,25-05-05,VP500-22,126,104,13,91,126,126,05/2025,
2196,P250402430,25-05-31,25-05-05,P7471701-M,24,0,0,0,24,24,05/2025,
2197,P250402429,25-05-31,25-05-05,P40108002-D,40,49,3,46,40,40,05/2025,
2198,P250402428,25-05-31,25-05-05,P3910014,40,34,13,21,40,40,05/2025,
2199,P250402427,25-05-31,25-05-05,P3910013,50,69,7,62,50,50,05/2025,
2200,P250402426,25-05-31,25-05-05,P3315661-M,80,87,5,82,80,80,05/2025,
2201,P250402425,25-05-31,25-05-05,MYM50-27-K0502-K,20,27,2,25,20,20,05/2025,
2202,P250402424,25-05-31,25-05-05,MYB100-02-K2471-K,40,56,14,42,40,40,05/2025,
2203,P250402423,25-05-31,25-05-05,MYB80-02-K2470-K,40,14,2,12,40,40,05/2025,
2204,P250402422,25-05-31,25-05-05,MGP80A-AC909-20K,15,23,0,23,15,15,05/2025,
2205,P250402421,25-05-31,25-05-05,MGP63A-AC908-20K,40,46,1,45,40,40,05/2025,
2120,P250402420,25-05-31,25-05-05,MGP63A-AC898-20K,70,82,9,73,70,70,05/2025,
2121,P250402419,25-05-31,25-05-05,MB-63-32-C6779-K,48,63,3,60,48,48,05/2025,
2122,P250402418,25-05-31,25-05-05,MB-50-32-C6778-K,210,272,49,223,210,210,05/2025,
2123,P250402417,25-05-31,25-05-05,C2QA0A-AD143-20K,48,51,9,42,48,48,05/2025,
2124,P250402416,25-05-31,25-05-05,C2Q80A-AD142-20K,108,0,0,0,108,108,05/2025,
2125,P250402415,25-05-31,25-05-05,C2Q80-04-J0783-K,72,160,81,79,72,72,05/2025,
2126,P250402414,25-05-31,25-05-05,VP300-22,72,83,0,83,72,72,05/2025,
2127,P250402413,25-05-31,25-05-05,V100-75-4,80,147,1,146,80,80,05/2025,
2128,P250402412,25-05-31,25-05-05,V100-75-25,75,84,0,84,75,75,05/2025,
2129,P250402411,25-05-31,25-05-05,P5053-1083,72,74,3,71,72,72,05/2025,
2130,P250402410,25-05-31,25-05-05,MB-40-32-C6777-K,96,110,2,108,96,96,05/2025,
2131,P250402409,25-05-31,25-05-05,DXT199-20-1,154,185,5,180,154,154,05/2025,
2132,P250402408,25-05-31,25-05-05,AXT835-30D-1,100,104,0,104,100,100,05/2025,
2133,P250402407,25-05-31,25-05-05,C2Q32A-AD138A20K,189,186,1,185,189,189,05/2025,
2134,P250402406,25-05-31,25-05-05,CXS32A-BA025-20K,40,35,9,26,40,40,05/2025,
2135,P250402405,25-05-31,25-05-05,CXS15A-BA022-20K,208,334,32,302,208,208,05/2025,
2136,P250402404,25-05-31,25-05-05,CXS06A-R6000-20K,702,764,25,739,702,702,05/2025,
2137,P250402403,25-05-31,25-05-05,P3319401-M,140,271,18,253,140,140,05/2025,
2138,P250402402,25-05-31,25-05-05,P3319201-M,616,586,13,573,616,616,05/2025,
2139,P250402401,25-05-31,25-05-05,P6260401-D,210,282,117,165,210,210,05/2025,
2140,P250402400,25-05-31,25-05-05,P6260301-D,252,238,8,230,252,252,05/2025,
2141,P250402399,25-05-31,25-05-05,P6260201-D,112,142,11,131,112,112,05/2025,
2142,P250402398,25-05-31,25-05-05,P6260101-D,360,355,24,331,360,360,05/2025,
2143,P250402397,25-05-31,25-05-05,C2Q63-04-J0782AK,126,138,1,137,126,126,05/2025,
2145,P250402396,25-05-31,25-05-05,C2Q40-04-J0780-K,240,251,5,246,240,240,05/2025,
2144,P250402395,25-05-31,25-05-05,C2Q32-04-J0779-K,180,180,16,164,180,180,05/2025,
2146,P250402394,25-05-31,25-05-05,XLA25-3-1B,270,250,8,242,270,270,05/2025,
2147,P250402393,25-05-31,25-05-05,XLA16-3-1B,154,149,2,147,154,154,05/2025,
2148,P250402392,25-05-31,25-05-05,XLA40-1B-S,600,576,55,521,600,600,05/2025,
2149,P250402391,25-05-31,25-05-05,XLA25-1B-S,540,679,7,672,540,540,05/2025,
2150,P250402390,25-05-31,25-05-05,XLA16-1B-S,110,97,1,96,110,110,05/2025,
2151,P250402389,25-05-31,25-05-05,VJ100-16-7,912,960,19,941,912,912,05/2025,
2152,P250402388,25-05-31,25-05-05,SY5000-20-1,54,60,2,58,54,54,05/2025,
2153,P250402387,25-05-31,25-05-05,DXT192-11-3,630,"1,031",13,"1,018",630,630,05/2025,
2154,P250402386,25-05-31,25-05-05,CYR63E-AX668-30K,180,140,3,137,180,180,05/2025,
2155,P250402385,25-05-31,25-05-05,CYR50E-AX667-30K,180,215,7,208,180,180,05/2025,
2156,P250402384,25-05-31,25-05-05,CYR40E-AX666-30K,320,366,14,352,320,320,05/2025,
2157,P250402383,25-05-31,25-05-05,CYR32E-AX665-30K,400,415,19,396,400,400,05/2025,
2159,P250402381,25-05-31,25-05-05,CYR20E-AX663-30K,560,596,44,552,560,560,05/2025,
2160,P250402380,25-05-31,25-05-05,CYR15E-AX662-30K,680,748,71,677,680,680,05/2025,
2161,P250402379,25-05-31,25-05-05,CYR10E-AX661-30K,756,843,97,746,756,756,05/2025,
2162,P250402378,25-05-31,25-05-05,CYR06E-AX660-30K,"1,260","1,496",242,"1,254","1,260",1260,05/2025,
2163,P250402377,25-05-31,25-05-05,C9650ABAC960-30K,280,250,17,233,280,280,05/2025,
2164,P250402376,25-05-31,25-05-05,C9632ABAC958-30K,352,417,25,392,352,352,05/2025,
2165,P250402375,25-05-31,25-05-05,P3800601B-M,80,260,7,253,80,80,05/2025,
2166,P250402374,25-05-31,25-05-05,P3800501B-M,54,47,0,47,54,54,05/2025,
2167,P250402373,25-05-31,25-05-05,P3800301B-M,234,301,82,219,234,234,05/2025,
2168,P250402372,25-05-31,25-05-05,P3802801B-M,160,213,46,167,160,160,05/2025,
2169,P250402371,25-05-31,25-05-05,P3802701B-M,240,265,6,259,240,240,05/2025,
2170,P250402370,25-05-31,25-05-05,P3802601B-M,252,251,0,251,252,252,05/2025,
2171,P250402369,25-05-31,25-05-05,P3802501B-M,270,390,75,315,270,270,05/2025,
2172,P250402368,25-05-31,25-05-05,P3802401B-M,432,139,6,133,432,432,05/2025,
2173,P250402367,25-05-31,25-05-05,MK-25L-AF608-20K,260,220,0,220,260,260,05/2025,
2174,P250402366,25-05-31,25-05-05,MK-20L-AF607-20K,247,216,0,216,247,247,05/2025,
2176,P250402365,25-05-31,25-05-05,MK-16L-AF606-20K,294,260,0,260,294,294,05/2025,
2175,P250402364,25-05-31,25-05-05,MK-12L-AF605-20K,425,330,9,321,425,425,05/2025,
2179,P250402362,25-05-31,25-05-05,C2Q63G-F2257-20K,280,357,46,311,280,280,05/2025,
2178,P250402361,25-05-31,25-05-05,S500A61T63X14X20,105,108,20,88,105,105,05/2025,
2180,P250402360,25-05-31,25-05-05,MGP25A-AC894-30K,216,225,0,225,216,216,05/2025,
2181,P250402359,25-05-31,25-05-05,MGP20A-AC893-30K,280,221,0,221,280,280,05/2025,
2182,P250402358,25-05-31,25-05-05,C2Q025K31-49999A,176,252,3,249,176,176,05/2025,
2183,P250402357,25-05-31,25-05-05,C2Q025K04-49999,154,178,7,171,154,154,05/2025,
2184,P250402356,25-05-31,25-05-05,C2Q25A-AD137A30K,104,80,0,80,104,104,05/2025,
2185,P250402355,25-05-31,25-05-05,C2Q20A-AD136A30K,112,167,49,118,112,112,05/2025,
2186,P250402354,25-05-31,25-05-05,C2Q80A-AD142-30K,15,23,8,15,15,15,05/2025,
2187,P250402353,25-05-31,25-05-05,C2Q50A-AD140A30K,245,259,16,243,245,245,05/2025,
2188,P250402352,25-05-31,25-05-05,C2Q32A-AD138A30K,700,711,54,657,700,700,05/2025,
2189,P250402351,25-05-31,25-05-05,S370A63T89X80X30,18,11,11,0,18,18,05/2025,
2190,P250402350,25-05-31,25-05-05,S370A63T58X50X30,45,70,3,67,45,45,05/2025,
2191,P250402349,25-05-31,25-05-05,S370A63T31X25X30,160,127,28,99,160,160,05/2025,
2116,P250401005,25-04-30,25-04-01,C9663ABAC961-30K,10,0,0,0,10,10,04/2025-BS,
2117,P250401004,25-04-30,25-04-01,C9632ABAC958-30K,64,0,0,0,64,64,04/2025-BS,
2118,P250401003,25-04-30,25-04-01,SY3000-20-1,5,0,0,0,5,5,04/2025-BS,
2119,P250401002,25-04-30,25-04-01,C3G50K02-AG005,1,0,0,0,1,1,04/2025-BS,
2113,P250400926,25-04-30,25-04-01,S370A63T110X100X30,3,24,21,3,3,3,04/2025-BS,
2114,P250400889,25-04-30,25-04-01,MK-63L-AF612-20K,50,90,31,59,50,50,04/2025-BS,
2115,P250400888,25-04-30,25-04-01,MK-50L-AF611-20K,50,64,14,50,50,50,04/2025-BS,
2111,P250400887,25-04-30,25-04-01,MK-40L-AF610-20K,80,100,3,97,80,80,04/2025-BS,
2112,P250400886,25-04-30,25-04-01,MK-32L-AF609-20K,50,170,0,170,50,50,04/2025-BS,
2106,P250400638,25-04-30,25-04-01,NCA400-03-AV290-20K,10,0,0,0,10,10,04/2025-BS,
2107,P250400637,25-04-30,25-04-01,NCA325-03-AV289-20K,4,0,0,0,4,4,04/2025-BS,
2108,P250400636,25-04-30,25-04-01,NCA250-03-AV288-20K,4,0,0,0,4,4,04/2025-BS,
2109,P250400635,25-04-30,25-04-01,NCA200-03-AV287-20K,4,0,0,0,4,4,04/2025-BS,
2110,P250400634,25-04-30,25-04-01,NCA150-03-AV286-20K,4,0,0,0,4,4,04/2025-BS,
2101,P250400633,25-04-30,25-04-01,NCA400-02-AV290-20K,10,0,0,0,10,10,04/2025-BS,
2102,P250400632,25-04-30,25-04-01,NCA325-02-AV289-20K,9,0,0,0,9,9,04/2025-BS,
2103,P250400631,25-04-30,25-04-01,NCA250-02-AV288-20K,8,0,0,0,8,8,04/2025-BS,
2104,P250400630,25-04-30,25-04-01,NCA200-02-AV287-20K,8,0,0,0,8,8,04/2025-BS,
2105,P250400629,25-04-30,25-04-01,N2A150-02-AV286-20K,8,0,0,0,8,8,04/2025-BS,
2100,P250400386,25-04-30,25-04-01,P7471701-M,48,79,25,54,48,48,04/2025-BS,
2099,P250400385,25-04-30,25-04-01,C2Q50-02-J0787-K,60,0,0,0,60,60,04/2025-BS,
2098,P250400384,25-04-30,25-04-01,C2Q63G-F2257-20K,56,59,14,45,56,56,04/2025-BS,
2093,P250400368,25-04-30,25-04-01,DXT192-11-44,40,61,1,60,40,40,04/2025-BS,
2097,P250400367,25-04-30,25-04-01,MK-25L-AF608-20K,50,152,29,123,50,50,04/2025-BS,
2096,P250400366,25-04-30,25-04-01,MK-20L-AF607-20K,50,132,2,130,50,50,04/2025-BS,
2095,P250400365,25-04-30,25-04-01,MK-16L-AF606-20K,50,118,12,106,50,50,04/2025-BS,
2094,P250400364,25-04-30,25-04-01,MK-12L-AF605-20K,50,210,2,208,50,50,04/2025-BS,
2092,P250400363,25-04-30,25-04-01,P3910014,40,54,0,54,40,40,04/2025-BS,
2091,P250400017,25-04-30,25-04-01,CYR40L-AX666-20K,15,0,0,0,15,15,04/2025-BS,
2090,P250400016,25-04-30,25-04-01,CYR32L-AX665-20K,45,31,0,31,45,45,04/2025-BS,
2089,P250400015,25-04-30,25-04-01,CYR25L-AX664-20K,55,124,9,115,55,55,04/2025-BS,
2088,P250400014,25-04-30,25-04-01,CYR20L-AX663-20K,30,119,45,74,30,30,04/2025-BS,
2087,P250400013,25-04-30,25-04-01,CYR15L-AX662-20K,40,147,2,145,40,40,04/2025-BS,
2086,P250400012,25-04-30,25-04-01,CYR10L-AX661-20K,30,0,0,0,30,30,04/2025-BS,
2085,P250400011,25-04-30,25-04-01,CYR06L-AX660-20K,15,0,0,0,15,15,04/2025-BS,
2084,P250400010,25-04-30,25-04-01,CYR06K-AX660-20K,20,0,0,0,20,20,04/2025-BS,
2083,P250302584,25-04-30,25-04-01,APTE00-96000152-D,704,704,6,698,704,704,04/2025-BS,
2082,P250302583,25-04-30,25-04-01,CYR40E-AX666-30K,110,80,2,78,110,110,04/2025-BS,
2081,P250302582,25-04-30,25-04-01,CYR32E-AX665-30K,100,152,0,152,100,100,04/2025-BS,
2080,P250302581,25-04-30,25-04-01,CYR25E-AX664-30K,100,104,2,102,100,100,04/2025-BS,
2079,P250302580,25-04-30,25-04-01,CYR20E-AX663-30K,130,87,2,85,130,130,04/2025-BS,
2078,P250302579,25-04-30,25-04-01,CYR15E-AX662-30K,100,0,0,0,100,100,04/2025-BS,
2077,P250302578,25-04-30,25-04-01,CYR10E-AX661-30K,40,0,0,0,40,40,04/2025-BS,
2071,P250302279,25-04-30,25-04-01,CUJ10A-P7103A20K,324,456,52,404,324,324,04/2025,
2070,P250302278,25-04-30,25-04-01,CUJ08A-P7102A20K,361,336,7,329,361,361,04/2025,
2069,P250302277,25-04-30,25-04-01,CUJ06A-P7101A20K,380,405,15,390,380,380,04/2025,
2068,P250302276,25-04-30,25-04-01,CUJ04A-P7100A20K,552,602,0,602,552,552,04/2025,
2067,P250302275,25-04-30,25-04-01,MXH16-27-E7100-K,330,337,1,336,330,330,04/2025,
2066,P250302274,25-04-30,25-04-01,P4811421-M,35,133,21,112,35,35,04/2025,
2065,P250302273,25-04-30,25-04-01,P3910017,60,63,3,60,60,60,04/2025,
2064,P250302272,25-04-30,25-04-01,P3315661-M,32,42,6,36,32,32,04/2025,
2063,P250302271,25-04-30,25-04-01,MYM50-27-K0502-K,20,41,6,35,20,20,04/2025,
2062,P250302270,25-04-30,25-04-01,MYB100-02-K2471-K,40,75,24,51,40,40,04/2025,
2061,P250302269,25-04-30,25-04-01,MYB80-02-K2470-K,80,123,11,112,80,80,04/2025,
2060,P250302268,25-04-30,25-04-01,MGP80A-AC899-20K,15,34,7,27,15,15,04/2025,
2059,P250302267,25-04-30,25-04-01,MGP63A-AC898-20K,40,69,21,48,40,40,04/2025,
2058,P250302266,25-04-30,25-04-01,MGP50A-AC897-20K,84,107,2,105,84,84,04/2025,
2057,P250302265,25-04-30,25-04-01,C2QA0A-AD143-20K,42,63,21,42,42,42,04/2025,
2056,P250302264,25-04-30,25-04-01,C2Q80-04-J0783-K,96,117,8,109,96,96,04/2025,
2055,P250302263,25-04-30,25-04-01,C2Q63L-AD141-20K,40,53,12,41,40,40,04/2025,
2054,P250302262,25-04-30,25-04-01,C2Q50L-AD140-20K,60,0,0,0,60,60,04/2025,
2053,P250302261,25-04-30,25-04-01,MB-40-32-C6777-K,384,403,11,392,384,384,04/2025,
2052,P250302260,25-04-30,25-04-01,AXT835-30D-1,100,125,3,122,100,100,04/2025,
2051,P250302259,25-04-30,25-04-01,C2Q50A-AD140A20K,60,0,0,0,60,60,04/2025,
2050,P250302258,25-04-30,25-04-01,C2Q40A-AD139A20K,192,279,8,271,192,192,04/2025,
2049,P250302257,25-04-30,25-04-01,CXS32A-BA025-20K,40,59,19,40,40,40,04/2025,
2048,P250302256,25-04-30,25-04-01,CXS25A-BA024-20K,54,0,0,0,54,54,04/2025,
2047,P250302255,25-04-30,25-04-01,CXS15A-BA022-20K,208,214,39,175,208,208,04/2025,
2046,P250302254,25-04-30,25-04-01,CXS10A-R6001-20K,160,142,4,138,160,160,04/2025,
2044,P250302253,25-04-30,25-04-01,C2Q40-04-J0780-K,80,54,0,54,80,80,04/2025,
2045,P250302252,25-04-30,25-04-01,C2Q32-04-J0779-K,120,114,1,113,120,120,04/2025,
2043,P250302251,25-04-30,25-04-01,XLA40-1B-S,480,678,95,583,480,480,04/2025,
2042,P250302250,25-04-30,25-04-01,S369A63T55X50X30,486,599,42,557,486,486,04/2025,
2041,P250302249,25-04-30,25-04-01,S370A63T47X40X30,88,206,4,202,88,88,04/2025,
2040,P250302248,25-04-30,25-04-01,S370A63T38X32X30,252,378,2,376,252,252,04/2025,
2039,P250302247,25-04-30,25-04-01,C9663ABAC961-30K,315,389,27,362,315,315,04/2025,
2038,P250302246,25-04-30,25-04-01,C9650ABAC960-30K,480,555,17,538,480,480,04/2025,
2073,P250302245,25-04-30,25-04-01,C9640ABAC959-30K,700,700,49,651,700,700,04/2025,
2072,P250302244,25-04-30,25-04-01,C9632ABAC958-30K,264,209,11,198,264,264,04/2025,
2074,P250302243,25-04-30,25-04-01,S502A61T63X13X20,70,27,0,27,70,70,04/2025,
2037,P250302242,25-04-30,25-04-01,P3800601B-M,360,370,4,366,360,360,04/2025,
2036,P250302241,25-04-30,25-04-01,P3800301B-M,117,269,81,188,117,117,04/2025,
2035,P250302240,25-04-30,25-04-01,P3800201B-M,396,364,0,364,396,396,04/2025,
2034,P250302239,25-04-30,25-04-01,P3802701B-M,300,508,121,387,300,300,04/2025,
2033,P250302238,25-04-30,25-04-01,P3802601B-M,420,359,6,353,252,420,04/2025,
2032,P250302237,25-04-30,25-04-01,P3802501B-M,405,334,25,309,405,405,04/2025,
2031,P250302236,25-04-30,25-04-01,P3802301B-M,260,197,18,179,260,260,04/2025,
2030,P250302235,25-04-30,25-04-01,MGP63A-AC898-20K,80,69,0,69,80,80,04/2025,
2029,P250302234,25-04-30,25-04-01,MGP25A-AC894-30K,540,546,15,531,540,540,04/2025,
2028,P250302233,25-04-30,25-04-01,MGP20A-AC893-30K,560,614,1,613,560,560,04/2025,
2027,P250302232,25-04-30,25-04-01,MGP40A-AC906-30K,40,0,0,0,40,40,04/2025,
2026,P250302231,25-04-30,25-04-01,MGP20A-AC903-30K,336,374,8,366,336,336,04/2025,
2025,P250302230,25-04-30,25-04-01,C2Q80A-AD142-30K,30,0,0,0,30,30,04/2025,
2024,P250302229,25-04-30,25-04-01,C2Q50A-AD140A30K,245,168,5,163,245,245,04/2025,
2023,P250302228,25-04-30,25-04-01,C2Q40A-AD139A30K,270,250,5,245,270,270,04/2025,
2022,P250302227,25-04-30,25-04-01,C2M025K02-68715B,850,869,0,869,850,850,04/2025,
2021,P250302226,25-04-30,25-04-01,S501A61T35X16X30,405,419,24,395,405,405,04/2025,
2020,P250302225,25-04-30,25-04-01,C2M032K02-68716B,405,450,1,449,405,405,04/2025,
2019,P250302224,25-04-30,25-04-01,C2M025K03-68715B,"1,360","1,396",4,"1,392","1,360",1360,04/2025,
2018,P250302223,25-04-30,25-04-01,S500A61T63X14X20,70,96,2,94,70,70,04/2025,
2017,P250302222,25-04-30,25-04-01,APTE00-98000565-D,252,275,1,274,252,252,04/2025,
2016,P250302221,25-04-30,25-04-01,S369A63T55X50X30,54,0,0,0,54,54,04/2025,
2015,P250302220,25-04-30,25-04-01,S369A63T45X40X30,104,139,9,130,104,104,04/2025,
2014,P250302219,25-04-30,25-04-01,S369A63T36X32X30,112,150,9,141,112,112,04/2025,
2012,P250302218,25-04-30,25-04-01,S370A63T89X80X30,36,81,7,74,36,36,04/2025,
2010,P250302217,25-04-30,25-04-01,S370A63T72X63X30,280,314,24,290,280,280,04/2025,
2011,P250302216,25-04-30,25-04-01,S370A63T58X50X30,90,49,3,46,90,90,04/2025,
2009,P250302215,25-04-30,25-04-01,S370A63T47X40X30,693,625,2,623,693,693,04/2025,
2008,P250302214,25-04-30,25-04-01,S370A63T38X32X30,896,992,57,935,896,896,04/2025,
2013,P250302213,25-04-30,25-04-01,S370A63T31X25X30,320,360,3,357,320,320,04/2025,
2007,P250302212,25-04-30,25-04-01,S370A63T26X20X20,528,624,4,620,528,528,04/2025,
2076,P250302211,25-04-30,25-04-01,C9663ABAC961-30K,28,139,1,138,28,28,04/2025,
2075,P250302210,25-04-30,25-04-01,C9632ABAC958-30K,77,194,35,159,77,77,04/2025,
2000,P250300873,25-03-28,25-03-17,P4811251-MH1,7,0,0,0,7,7,03/2025-BS,
2001,P250300995,25-03-28,25-03-03,S370A63T38X32X30,2,0,0,0,2,2,03/2025-BS,
1998,P250300745,25-03-28,25-03-03,CYR63J-AX668-20K,15,17,1,16,15,15,03/2025-BS,
1997,P250300744,25-03-28,25-03-03,CYR40J-AX666-20K,15,54,16,38,15,15,03/2025-BS,
1996,P250300743,25-03-28,25-03-03,CYR32J-AX665-20K,38,59,1,58,38,38,03/2025-BS,
1995,P250300742,25-03-28,25-03-03,CYR25J-AX664-20K,31,99,6,93,31,31,03/2025-BS,
1994,P250300741,25-03-28,25-03-03,C2Q63A-AD141A30K,960,"1,502",162,"1,340",864,960,03/2025-BS,
1993,P250300740,25-03-28,25-03-03,MGP40A-AC906-30K,280,278,17,261,280,280,03/2025-BS,
1992,P250300739,25-03-28,25-03-03,MGP40A-AC896-30K,40,0,0,0,40,40,03/2025-BS,
1991,P250300738,25-03-28,25-03-03,MGP32A-AC905-30K,215,227,3,224,215,215,03/2025-BS,
1990,P250300737,25-03-28,25-03-03,MGP32A-AC895-30K,33,0,0,0,33,33,03/2025-BS,
1988,P250300735,25-03-28,25-03-03,C2M025K02-68715B,52,0,0,0,52,52,03/2025-BS,
1987,P250300734,25-03-28,25-03-03,C2M020K03-68714B,26,0,0,0,26,26,03/2025-BS,
1986,P250300733,25-03-28,25-03-03,C2M020K02-68714B,53,0,0,0,53,53,03/2025-BS,
1985,P250300732,25-03-28,25-03-03,P4811451-MH1,13,0,0,0,13,13,03/2025-BS,
1984,P250300731,25-03-28,25-03-03,P4811151-MH1,17,0,0,0,17,17,03/2025-BS,
1983,P250300554,25-03-28,25-03-03,S370A63T110X100X30,3,78,26,52,3,3,03/2025-BS,
1982,P250300009,25-03-28,25-03-03,CUJ08A-P7102A20K,30,114,2,112,30,30,03/2025-BS,
1981,P250300008,25-03-28,25-03-03,CUJ06A-P7101A20K,30,89,3,86,30,30,03/2025-BS,
1980,P250300007,25-03-28,25-03-03,CUJ04A-P7100A20K,16,134,7,127,16,16,03/2025-BS,
1979,P250300004,25-03-28,25-03-03,P4811451-MH1,6,19,0,19,6,6,03/2025-BS,
1978,P250300003,25-03-28,25-03-03,P4811351-MH1,5,13,0,13,5,5,03/2025-BS,
1977,P250300002,25-03-28,25-03-03,P4811251-MH1,5,24,0,24,5,5,03/2025-BS,
1976,P250300001,25-03-28,25-03-03,P4811151-MH1,83,262,0,262,83,83,03/2025-BS,
1975,P250202867,25-03-28,25-03-03,CXS32J-28751-20K,192,262,26,236,192,192,03/2025,
1973,P250202866,25-03-28,25-03-03,CXS25J-28750-20K,280,358,1,357,280,280,03/2025,
1972,P250202864,25-03-28,25-03-03,CXS20J-28749-20K,340,414,2,412,340,340,03/2025,
1974,P250202862,25-03-28,25-03-03,CXS15J-28748-20K,483,568,11,557,483,483,03/2025,
1971,P250202860,25-03-28,25-03-03,CXS10J-28747-20K,624,740,0,740,624,624,03/2025,
1970,P250202858,25-03-28,25-03-03,CXS06J-A5157-20K,800,991,17,974,800,800,03/2025,
1969,P250202856,25-03-28,25-03-03,P3800603-MH1,50,0,0,0,50,50,03/2025,
1967,P250202854,25-03-28,25-03-03,P3800503-MH1,36,0,0,0,36,36,03/2025,
1968,P250202852,25-03-28,25-03-03,MXH16-27-E7100-K,330,311,15,296,330,330,03/2025,
1966,P250202850,25-03-28,25-03-03,XLA63-1B,27,0,0,0,27,27,03/2025,
1965,P250202848,25-03-28,25-03-03,XLA50-1B-S,16,0,0,0,16,16,03/2025,
1964,P250202846,25-03-28,25-03-03,MGZ80LBY0501-20K,12,0,0,0,12,12,03/2025,
1963,P250202844,25-03-28,25-03-03,C2Q032K31-49701A,234,283,0,283,234,234,03/2025,
1962,P250202842,25-03-28,25-03-03,P5053-1083,96,103,2,101,96,96,03/2025,
1961,P250202840,25-03-28,25-03-03,P4811401-M-1,320,313,9,304,320,320,03/2025,
1960,P250202838,25-03-28,25-03-03,MB-40-32-C6777-K,192,208,12,196,192,192,03/2025,
1959,P250202836,25-03-28,25-03-03,C2Q020K04-51396,288,328,4,324,288,288,03/2025,
1958,P250202834,25-03-28,25-03-03,CQS25-04-F6467-K,77,83,0,83,77,77,03/2025,
1957,P250202832,25-03-28,25-03-03,C2Q50A-AD140A20K,60,156,2,154,60,60,03/2025,
1956,P250202830,25-03-28,25-03-03,CXS32A-BA025-20K,80,153,42,111,80,80,03/2025,
1955,P250202828,25-03-28,25-03-03,CXS25A-BA024-20K,54,104,17,87,54,54,03/2025,
1954,P250202826,25-03-28,25-03-03,CXS15A-BA022-20K,208,251,3,248,208,208,03/2025,
1953,P250202824,25-03-28,25-03-03,CXS10A-R6001-20K,320,360,5,355,320,320,03/2025,
1952,P250202821,25-03-28,25-03-03,CXS06A-R6000-20K,234,222,35,187,234,234,03/2025,
1951,P250202819,25-03-28,25-03-03,P3319301-M,198,189,1,188,198,198,03/2025,
1950,P250202817,25-03-28,25-03-03,P6260401-D,30,0,0,0,30,30,03/2025,
1949,P250202815,25-03-28,25-03-03,P6260301-D,42,79,0,79,42,42,03/2025,
1948,P250202813,25-03-28,25-03-03,P6260201-D,56,0,0,0,56,56,03/2025,
1947,P250202811,25-03-28,25-03-03,C2Q32-04-J0779-K,300,320,10,310,300,300,03/2025,
1946,P250202809,25-03-28,25-03-03,DXT199-20-23,154,114,9,105,154,154,03/2025,
1945,P250202806,25-03-28,25-03-03,CYR63E-AX668-30K,20,0,0,0,20,20,03/2025,
1944,P250202804,25-03-28,25-03-03,CYR50E-AX667-30K,40,44,0,44,40,40,03/2025,
1943,P250202802,25-03-28,25-03-03,CYR40E-AX666-30K,250,348,33,315,250,250,03/2025,
1942,P250202800,25-03-28,25-03-03,CYR32E-AX665-30K,200,280,16,264,200,200,03/2025,
1941,P250202798,25-03-28,25-03-03,CYR25E-AX664-30K,400,531,31,500,400,400,03/2025,
1939,P250202796,25-03-28,25-03-03,CYR20E-AX663-30K,450,565,38,527,450,450,03/2025,
1940,P250202794,25-03-28,25-03-03,CYR15E-AX662-30K,400,608,73,535,400,400,03/2025,
1938,P250202791,25-03-28,25-03-03,CYR10E-AX661-30K,200,320,10,310,200,200,03/2025,
1937,P250202789,25-03-28,25-03-03,CYR06E-AX660-30K,40,220,104,116,40,40,03/2025,
1936,P250202787,25-03-28,25-03-03,C9663ABAC961-30K,490,585,64,521,490,490,03/2025,
1935,P250202785,25-03-28,25-03-03,C9650ABAC960-30K,440,641,44,597,440,440,03/2025,
1934,P250202783,25-03-28,25-03-03,C9640ABAC959-30K,140,221,20,201,140,140,03/2025,
1933,P250202780,25-03-28,25-03-03,C9632ABAC958-30K,968,"1,118",107,"1,011",968,968,03/2025,
1932,P250202778,25-03-28,25-03-03,P3800401B-M,308,65,65,0,308,308,03/2025,
1931,P250202776,25-03-28,25-03-03,P3800301B-M,234,255,36,219,234,234,03/2025,
1930,P250202774,25-03-28,25-03-03,P3800101B-M,260,265,16,249,260,260,03/2025,
1929,P250202772,25-03-28,25-03-03,P3802801B-M,240,215,6,209,240,240,03/2025,
1928,P250202770,25-03-28,25-03-03,C2Q63A-AD141A30K,600,0,0,0,600,600,03/2025,
1927,P250202768,25-03-28,25-03-03,C2Q50A-AD140A30K,910,989,10,979,910,910,03/2025,
1926,P250202766,25-03-28,25-03-03,C2Q40A-AD139A30K,918,976,27,949,918,918,03/2025,
1925,P250202764,25-03-28,25-03-03,S500A61T63X14X20,105,125,2,123,105,105,03/2025,
1924,P250202762,25-03-28,25-03-03,MGP40A-AC896-30K,300,310,1,309,200,300,03/2025,
1923,P250202759,25-03-28,25-03-03,MGP32A-AC895-30K,495,493,1,492,495,495,03/2025,
1922,P250202757,25-03-28,25-03-03,MGP25A-AC894-30K,360,330,2,328,360,360,03/2025,
1921,P250202755,25-03-28,25-03-03,MGP20A-AC893-30K,560,556,1,555,560,560,03/2025,
1920,P250202752,25-03-28,25-03-03,MGP40A-AC906-30K,100,117,8,109,100,100,03/2025,
1919,P250202750,25-03-28,25-03-03,S501A61T43X16X30,168,187,0,187,168,168,03/2025,
1918,P250202748,25-03-28,25-03-03,S501A61T23X10X30,286,318,0,318,286,286,03/2025,
1917,P250202746,25-03-28,25-03-03,S370A63T89X80X30,36,0,0,0,36,36,03/2025,
1916,P250202743,25-03-28,25-03-03,S370A63T72X63X30,280,208,10,198,280,280,03/2025,
1915,P250202741,25-03-28,25-03-03,S370A63T58X50X30,450,700,134,566,450,450,03/2025,
1914,P250202739,25-03-28,25-03-03,S370A63T31X25X30,160,181,5,176,160,160,03/2025,
1913,P250202737,25-03-28,25-03-03,S370A63T26X20X20,352,314,46,268,352,352,03/2025,
1912,P250202735,25-03-28,25-03-03,C9663ABAC961-30K,28,0,0,0,28,28,03/2025,
1911,P250202733,25-03-28,25-03-03,C9650ABAC960-30K,360,209,0,209,360,360,03/2025,
1910,P250202731,25-03-28,25-03-03,C9640ABAC959-30K,540,441,5,436,540,540,03/2025,
1909,P250202729,25-03-28,25-03-03,C9632ABAC958-30K,385,504,40,464,385,385,03/2025,
1908,P250202727,25-03-28,25-03-03,APTE00-98000565-D,504,539,9,530,504,504,03/2025,
1907,P250202724,25-03-28,25-03-03,APTE00-96000150-D,154,176,2,174,154,154,03/2025,
1906,P250200823,25-02-28,25-02-04,P3800603-MH1,1,0,0,0,1,1,02/2025-BS,
1905,P250200822,25-02-28,25-02-04,P3800503-MH1,1,53,5,48,1,1,02/2025-BS,
1904,P250200821,25-02-28,25-02-04,P3800403-MH2,1,0,0,0,1,1,02/2025-BS,
1903,P250200820,25-02-28,25-02-04,P3800303-MH1,1,0,0,0,1,1,02/2025-BS,
1902,P250200819,25-02-28,25-02-04,P3800203-MH1,1,0,0,0,1,1,02/2025-BS,
1901,P250200818,25-02-28,25-02-04,P3800602-M-2,1,0,0,0,1,1,02/2025-BS,
1900,P250200817,25-02-28,25-02-04,P3800502-M-2,1,0,0,0,1,1,02/2025-BS,
1899,P250200816,25-02-28,25-02-04,P3800402-M-2,1,0,0,0,1,1,02/2025-BS,
1897,P250200814,25-02-28,25-02-04,P3800202-M-1,1,0,0,0,1,1,02/2025-BS,
1896,P250200813,25-02-28,25-02-04,P3800102-M-1,1,0,0,0,1,1,02/2025-BS,
1891,P250200806,25-02-28,25-02-04,S369A63T36X32X30,50,0,0,0,50,50,02/2025-BS,
1890,P250200805,25-02-28,25-02-04,C9663ABAC961-30K,10,0,0,0,10,10,02/2025-BS,
1889,P250200804,25-02-28,25-02-04,C9632ABAC958-30K,64,0,0,0,64,64,02/2025-BS,
1888,P250200803,25-02-28,25-02-04,SY3000-20-1,5,0,0,0,5,5,02/2025-BS,
1895,P250200794,25-02-28,25-02-04,C2M040K03-68717B,34,0,0,0,34,34,02/2025-BS,
1894,P250200793,25-02-28,25-02-04,C2M040K02-68717B,21,18,0,18,21,21,02/2025-BS,
1893,P250200792,25-02-28,25-02-04,C2M032K03-68716B,11,0,0,0,11,11,02/2025-BS,
1892,P250200791,25-02-28,25-02-04,C2M032K02-68716B,62,90,0,90,62,62,02/2025-BS,
1887,P250200627,25-02-28,25-02-04,CYR63E-AX668-30K,5,129,0,129,5,5,02/2025-BS,
1886,P250200626,25-02-28,25-02-04,CYR50E-AX667-30K,5,89,0,89,5,5,02/2025-BS,
1885,P250200625,25-02-28,25-02-04,CYR40E-AX666-30K,5,0,0,0,5,5,02/2025-BS,
1884,P250200624,25-02-28,25-02-04,CYR32E-AX665-30K,5,0,0,0,5,5,02/2025-BS,
1883,P250200623,25-02-28,25-02-04,CYR25E-AX664-30K,5,0,0,0,5,5,02/2025-BS,
1882,P250200622,25-02-28,25-02-04,CYR20E-AX663-30K,5,0,0,0,5,5,02/2025-BS,
1881,P250200621,25-02-28,25-02-04,CYR15E-AX662-30K,5,0,0,0,5,5,02/2025-BS,
1880,P250200620,25-02-28,25-02-04,CYR10E-AX661-30K,5,0,0,0,5,5,02/2025-BS,
1879,P250200619,25-02-28,25-02-04,CYR06E-AX660-30K,5,0,0,0,5,5,02/2025-BS,
1878,P250200315,25-02-28,25-02-04,MYB100-02-K2471-K,56,53,10,43,56,56,02/2025-BS,
1877,P250200085,25-02-28,25-02-04,CXS15A-BA022-20K,30,0,0,0,30,30,02/2025-BS,
1876,P250200084,25-02-28,25-02-04,P3552332-0101M,60,6,1,5,60,60,02/2025-BS,
1847,P250200043,25-02-28,25-02-04,C2Q63A-AD141A30K,408,543,17,526,408,408,02/2025,
1846,P250200042,25-02-28,25-02-04,C2M025K03-68715B,"1,020","1,051",2,"1,049","1,020",1020,02/2025,
1845,P250200041,25-02-28,25-02-04,C2M025K02-68715B,"1,020","1,019",0,"1,019","1,020",1020,02/2025,
1844,P250200040,25-02-28,25-02-04,C2M020K03-68714B,"1,365","1,364",0,"1,364","1,365",1365,02/2025,
1843,P250200039,25-02-28,25-02-04,C2M020K02-68714B,"1,365","1,399",1,"1,398","1,365",1365,02/2025,
1842,P250103319,25-02-28,25-02-04,XT331-7433-25-1-M,264,259,0,259,264,264,02/2025,
1841,P250103318,25-02-28,25-02-04,CYR32-32-786GL,360,406,41,365,360,360,02/2025,
1839,P250103317,25-02-28,25-02-04,XLA63-1B,45,77,1,76,45,45,02/2025,
1838,P250103316,25-02-28,25-02-04,XLA50-1B-S,160,173,11,162,160,160,02/2025,
1837,P250103315,25-02-28,25-02-04,P7471701-M,48,58,2,56,48,48,02/2025,
1840,P250103314,25-02-28,25-02-04,P4811321-M,192,223,3,220,192,192,02/2025,
1836,P250103313,25-02-28,25-02-04,P40606002-D,324,376,11,365,324,324,02/2025,
1834,P250103312,25-02-28,25-02-04,P3910016,90,106,11,95,90,90,02/2025,
1833,P250103311,25-02-28,25-02-04,VP300-22,72,59,0,59,72,72,02/2025,
1835,P250103310,25-02-28,25-02-04,P5053-1082,140,150,1,149,140,140,02/2025,
1831,P250103309,25-02-28,25-02-04,MB-40-32-C6777-K,288,290,17,273,288,288,02/2025,
1830,P250103308,25-02-28,25-02-04,AXT835-30D-1,100,60,3,57,100,100,02/2025,
1829,P250103307,25-02-28,25-02-04,C2Q12A-AD367-20K,176,259,10,249,176,176,02/2025,
1832,P250103306,25-02-28,25-02-04,P3319301-M,594,531,3,528,594,594,02/2025,
1827,P250103305,25-02-28,25-02-04,XLA25-1B-S,720,698,53,645,720,720,02/2025,
1826,P250103304,25-02-28,25-02-04,DXT156-10-11,200,220,4,216,200,200,02/2025,
1828,P250103303,25-02-28,25-02-04,CYB32K-AS380-20K,35,63,9,54,35,35,02/2025,
1874,P250103302,25-02-28,25-02-04,CYB15K-AS377-20K,96,73,0,73,96,96,02/2025,
1825,P250103301,25-02-28,25-02-04,P3800601B-M,400,263,6,257,400,400,02/2025,
1873,P250103300,25-02-28,25-02-04,P3800401B-M,385,482,10,472,385,385,02/2025,
1875,P250103299,25-02-28,25-02-04,P3802501B-M,135,0,0,0,135,135,02/2025,
1872,P250103298,25-02-28,25-02-04,P3802401B-M,216,420,11,409,216,216,02/2025,
1870,P250103297,25-02-28,25-02-04,P3802301B-M,260,198,15,183,260,260,02/2025,
1871,P250103296,25-02-28,25-02-04,C2QA0A-AD143-30K,32,40,7,33,32,32,02/2025,
1869,P250103295,25-02-28,25-02-04,C2Q80A-AD142-30K,225,237,10,227,225,225,02/2025,
1868,P250103294,25-02-28,25-02-04,C2Q50A-AD140A30K,700,668,8,660,700,700,02/2025,
1866,P250103293,25-02-28,25-02-04,C2Q40A-AD139A30K,918,961,48,913,918,918,02/2025,
1867,P250103292,25-02-28,25-02-04,C2Q32A-AD138A30K,770,948,35,913,770,770,02/2025,
1865,P250103291,25-02-28,25-02-04,MYB40-55-AS552-20-K,168,143,1,142,168,168,02/2025,
1864,P250103290,25-02-28,25-02-04,MYB32-55-AS551-20-K,200,159,0,159,200,200,02/2025,
1863,P250103289,25-02-28,25-02-04,MYB25-55-AS550-20-K,280,292,2,290,280,280,02/2025,
1862,P250103288,25-02-28,25-02-04,C2J16L-AH081-30K,208,176,0,176,208,208,02/2025,
1861,P250103287,25-02-28,25-02-04,C2Q012K04-56563,"1,056","1,035",8,"1,027","1,056",1056,02/2025,
1859,P250103286,25-02-28,25-02-04,S502A61T50X13X27,180,192,3,189,180,180,02/2025,
1860,P250103285,25-02-28,25-02-04,C2J06LAAH080-30K,456,526,0,526,456,456,02/2025,
1858,P250103284,25-02-28,25-02-04,APTE00-98000565-D,756,693,2,691,756,756,02/2025,
1857,P250103283,25-02-28,25-02-04,APTE00-96000150-D,462,462,3,459,462,462,02/2025,
1856,P250103282,25-02-28,25-02-04,S370A63T89X80X30,54,83,4,79,54,54,02/2025,
1855,P250103281,25-02-28,25-02-04,S370A63T72X63X30,280,312,12,300,280,280,02/2025,
1853,P250103280,25-02-28,25-02-04,S370A63T58X50X30,450,488,14,474,450,450,02/2025,
1854,P250103279,25-02-28,25-02-04,S370A63T31X25X30,160,205,9,196,160,160,02/2025,
1852,P250103278,25-02-28,25-02-04,S370A63T26X20X20,352,448,3,445,352,352,02/2025,
1851,P250103277,25-02-28,25-02-04,C9663ABAC961-30K,616,522,16,506,616,616,02/2025,
1849,P250103276,25-02-28,25-02-04,C9650ABAC960-30K,720,659,38,621,720,720,02/2025,
1848,P250103275,25-02-28,25-02-04,C9640ABAC959-30K,360,597,28,569,360,360,02/2025,
1850,P250103274,25-02-28,25-02-04,C9632ABAC958-30K,770,834,23,811,770,770,02/2025,
1823,P250101229,25-01-31,25-01-01,C2M025K03-68715B,12,0,0,0,0,,01/2025-BS,
1820,P250100944,25-01-31,25-01-01,MGP80A-AC899-20K,15,26,9,17,15,15,01/2025-BS,
1822,P250100943,25-01-31,25-01-01,MGP63A-AC908-20K,20,0,0,0,20,20,01/2025-BS,
1821,P250100941,25-01-31,25-01-01,MGP63A-AC898-20K,20,0,0,0,20,20,01/2025-BS,
1819,P250100939,25-01-31,25-01-01,MGP50A-AC907-20K,56,0,0,0,56,56,01/2025-BS,
1818,P250100937,25-01-31,25-01-01,MGP50A-AC897-20K,28,0,0,0,28,28,01/2025-BS,
1817,P250100934,25-01-31,25-01-01,MGP16A-AC902-30K,85,64,19,45,85,85,01/2025-BS,
1816,P250100932,25-01-31,25-01-01,MGP12A-AC901-30K,114,70,1,69,114,114,01/2025-BS,
1815,P250100729,25-01-31,25-01-01,CYR32-32-786GL,144,164,12,152,144,144,01/2025-BS,
1814,P250100728,25-01-31,25-01-01,P3800601B-M,80,252,6,246,80,80,01/2025-BS,
1811,P250100706,25-01-31,25-01-01,CYR50L-AX667-20K,5,0,0,0,5,5,01/2025-BS,
1810,P250100705,25-01-31,25-01-01,CYR63L-AX668-20K,5,0,0,0,5,5,01/2025-BS,
1809,P250100704,25-01-31,25-01-01,CYR06L-AX660-20K,5,264,189,75,5,5,01/2025-BS,
1808,P250100703,25-01-31,25-01-01,CYR10L-AX661-20K,5,262,132,130,5,5,01/2025-BS,
1807,P250100702,25-01-31,25-01-01,CYR20L-AX663-20K,5,59,45,14,5,5,01/2025-BS,
1806,P250100701,25-01-31,25-01-01,CYR25L-AX664-20K,5,56,33,23,5,5,01/2025-BS,
1805,P250100700,25-01-31,25-01-01,CYR32L-AX665-20K,5,38,1,37,5,5,01/2025-BS,
1804,P250100699,25-01-31,25-01-01,CYR40L-AX666-20K,5,36,14,22,5,5,01/2025-BS,
1803,P250100698,25-01-31,25-01-01,CYR15L-AX662-20K,5,88,78,10,5,5,01/2025-BS,
1802,P250100064,25-01-31,25-01-01,S500A61T63X14X20,15,0,0,0,15,15,01/2025-BS,
1801,P250100063,25-01-31,25-01-01,S502A61T50X13X27,10,0,0,0,10,10,01/2025-BS,
1824,P250100062,25-01-31,25-01-01,APTE00-98000565-D,252,312,0,312,252,252,01/2025-BS,
1812,P241202495,25-01-31,25-01-01,CXS32A-BA025-20K,40,58,12,46,40,40,01/2025-BS,
1813,P241202494,25-01-31,25-01-01,CXS10A-R6001-20K,69,119,0,119,69,69,01/2025-BS,
1794,P241202490,25-01-31,25-01-01,VP500-22,42,104,3,101,42,42,01/2025,
1795,P241202489,25-01-31,25-01-01,P40606002-D,54,69,3,66,54,54,01/2025,
1793,P241202488,25-01-31,25-01-01,P40108002-D,40,63,11,52,40,40,01/2025,
1792,P241202487,25-01-31,25-01-01,P3910017,40,47,3,44,40,40,01/2025,
1790,P241202486,25-01-31,25-01-01,P3315661-M,64,85,3,82,64,64,01/2025,
1791,P241202485,25-01-31,25-01-01,MYH40J-R6302-30K,32,41,9,32,32,32,01/2025,
1787,P241202484,25-01-31,25-01-01,MYB40-55-AS552-20-K,280,307,6,301,280,280,01/2025,
1785,P241202483,25-01-31,25-01-01,MYB32-55-AS551-20-K,240,278,2,276,240,240,01/2025,
1786,P241202482,25-01-31,25-01-01,MYB25-55-AS550-20-K,280,278,1,277,280,280,01/2025,
1783,P241202481,25-01-31,25-01-01,MB-40-32-C6777-K,96,97,1,96,96,96,01/2025,
1782,P241202480,25-01-31,25-01-01,C2Q50A-AD140A20K,180,0,0,0,180,180,01/2025,
1789,P241202479,25-01-31,25-01-01,C2Q40A-AD139A20K,144,187,0,187,144,144,01/2025,
1788,P241202478,25-01-31,25-01-01,C2Q32A-AD138A20K,126,118,2,116,126,126,01/2025,
1781,P241202477,25-01-31,25-01-01,P6260301-D,126,71,2,69,126,126,01/2025,
1784,P241202476,25-01-31,25-01-01,P6260101-D,144,152,2,150,144,144,01/2025,
1778,P241202475,25-01-31,25-01-01,XLA25-1B-S,360,472,4,468,360,360,01/2025,
1780,P241202474,25-01-31,25-01-01,DXT155-38-1,210,217,0,217,210,210,01/2025,
1779,P241202473,25-01-31,25-01-01,S370A63T58X50X30,540,437,44,393,540,540,01/2025,
1799,P241202472,25-01-31,25-01-01,C2Q16A-AD368-30K,170,251,5,246,170,170,01/2025,
1800,P241202471,25-01-31,25-01-01,C2Q12A-AD367-30K,240,303,11,292,240,240,01/2025,
1776,P241202470,25-01-31,25-01-01,C2Q25A-AD137A30K,208,224,0,224,208,208,01/2025,
1774,P241202469,25-01-31,25-01-01,C2Q20A-AD136A30K,112,118,0,118,112,112,01/2025,
1777,P241202468,25-01-31,25-01-01,P3802601B-M,168,573,92,481,168,168,01/2025,
1773,P241202467,25-01-31,25-01-01,C2QA0A-AD143-30K,24,39,7,32,24,24,01/2025,
1775,P241202466,25-01-31,25-01-01,C2Q80A-AD142-30K,45,71,0,71,45,45,01/2025,
1772,P241202465,25-01-31,25-01-01,C2Q63A-AD141A30K,360,557,11,546,0,,01/2025,
1771,P241202464,25-01-31,25-01-01,C2Q50A-AD140A30K,630,635,12,623,630,630,01/2025,
1769,P241202463,25-01-31,25-01-01,C2Q40A-AD139A30K,918,612,1,611,918,918,01/2025,
1767,P241202462,25-01-31,25-01-01,C2Q32A-AD138A30K,700,801,7,794,700,700,01/2025,
1768,P241202461,25-01-31,25-01-01,S502A61TA0X20X20,12,17,2,15,12,12,01/2025,
1766,P241202460,25-01-31,25-01-01,C2J16L-AH081-30K,208,220,0,220,208,208,01/2025,
1770,P241202459,25-01-31,25-01-01,C2Q012K04-56563,528,542,4,538,528,528,01/2025,
1765,P241202458,25-01-31,25-01-01,MGP32A-AC895-30K,231,95,3,92,231,231,01/2025,
1760,P241202457,25-01-31,25-01-01,MGP40A-AC906-30K,40,51,1,50,0,,01/2025,
1762,P241202456,25-01-31,25-01-01,C2M040K02-68717B,168,221,3,218,168,168,01/2025,
1763,P241202455,25-01-31,25-01-01,C2M032K02-68716B,135,119,0,119,135,135,01/2025,
1764,P241202454,25-01-31,25-01-01,C2M025K03-68715B,340,358,9,349,340,182,01/2025,
1761,P241202453,25-01-31,25-01-01,C2M025K02-68715B,340,285,0,285,340,340,01/2025,
1759,P241202452,25-01-31,25-01-01,C2M020K03-68714B,819,826,6,820,819,819,01/2025,
1755,P241202451,25-01-31,25-01-01,C2M020K02-68714B,819,817,0,817,819,819,01/2025,
1757,P241202450,25-01-31,25-01-01,S501A61T43X16X30,168,142,2,140,168,168,01/2025,
1758,P241202449,25-01-31,25-01-01,S370A63T89X80X30,36,82,5,77,36,36,01/2025,
1752,P241202448,25-01-31,25-01-01,S370A63T72X63X30,140,133,25,108,140,140,01/2025,
1754,P241202447,25-01-31,25-01-01,S370A63T58X50X30,225,208,0,208,225,225,01/2025,
1756,P241202446,25-01-31,25-01-01,S370A63T31X25X30,160,182,5,177,160,160,01/2025,
1751,P241202445,25-01-31,25-01-01,S370A63T26X20X20,176,134,1,133,176,176,01/2025,
1753,P241202444,25-01-31,25-01-01,C9663ABAC961-30K,336,291,14,277,336,336,01/2025,
1750,P241202443,25-01-31,25-01-01,C9650ABAC960-30K,360,416,23,393,360,360,01/2025,
1748,P241202442,25-01-31,25-01-01,C9640ABAC959-30K,180,0,0,0,180,180,01/2025,
1747,P241202441,25-01-31,25-01-01,C9632ABAC958-30K,385,103,2,101,385,385,01/2025,
1749,P241202440,25-01-31,25-01-01,APTE00-96000150-D,154,167,16,151,154,154,01/2025,
1726,P241102064,25-01-25,25-01-01,S501A61T35X16X30,540,411,14,397,540,540,01/2025,
1742,P241200926,24-12-31,24-12-01,CYR50K-AX667-20K,1,0,0,0,1,1,12/2024-BS,
1741,P241200925,24-12-31,24-12-01,CYR40K-AX666-20K,1,0,0,0,1,1,12/2024-BS,
1746,P241200924,24-12-31,24-12-01,CYR32K-AX665-20K,1,0,0,0,1,1,12/2024-BS,
1745,P241200923,24-12-31,24-12-01,CYR25K-AX664-20K,1,0,0,0,1,1,12/2024-BS,
1744,P241200922,24-12-31,24-12-01,CYR20K-AX663-20K,1,0,0,0,1,1,12/2024-BS,
1743,P241200921,24-12-31,24-12-01,CYR10K-AX661-20K,1,0,0,0,1,1,12/2024-BS,
1740,P241200738,24-12-31,24-12-01,CYR06K-AX660-20K,6,102,4,98,6,6,12/2024-BS,
1739,P241200612,24-12-31,24-12-01,CYR32L-AX665-20K,1,31,19,12,1,,12/2024-BS,
1738,P241200437,24-12-31,24-12-01,MGP25A-AC904-30K,144,251,8,243,144,144,12/2024-BS,
1733,P241102124,24-12-31,24-12-01,P3800603-MH1,150,179,2,177,150,150,12/2024,
1732,P241102123,24-12-31,24-12-01,P3800203-MH1,396,434,8,426,396,396,12/2024,
1736,P241102122,24-12-31,24-12-01,XLA40-3-1B,72,143,20,123,72,72,12/2024,
1734,P241102121,24-12-31,24-12-01,P7471701-M,24,55,1,54,24,24,12/2024,
1668,P241102120,24-12-31,24-12-01,MGZ80LBY0501-20K,12,29,5,24,12,12,12/2024,
1737,P241102119,24-12-31,24-12-01,MGP63A-AC898-20K,60,69,2,67,60,60,12/2024,
1735,P241102118,24-12-31,24-12-01,VP300-22,144,167,1,166,144,144,12/2024,
1671,P241102117,24-12-31,24-12-01,P5053-1083,120,147,15,132,120,120,12/2024,
1670,P241102116,24-12-31,24-12-01,P4811101-M-2,272,285,8,277,272,272,12/2024,
1669,P241102115,24-12-31,24-12-01,MGJ06K-BA394-20K,952,909,7,902,952,952,12/2024,
1672,P241102114,24-12-31,24-12-01,C2Q020K04-51396,576,598,17,581,576,576,12/2024,
1673,P241102113,24-12-31,24-12-01,CQS25-04-F6467-K,154,166,1,165,154,154,12/2024,
1674,P241102112,24-12-31,24-12-01,CQS20-04-F6466-K,192,277,114,163,192,192,12/2024,
1675,P241102111,24-12-31,24-12-01,CQS16-04-F6465-K,84,108,6,102,84,84,12/2024,
1679,P241102110,24-12-31,24-12-01,CQS12-04-F6464-K,176,258,1,257,176,176,12/2024,
1680,P241102109,24-12-31,24-12-01,C2Q63A-AD141A20K,100,124,16,108,100,100,12/2024,
1678,P241102108,24-12-31,24-12-01,C2Q50A-AD140A20K,240,414,11,403,240,240,12/2024,
1677,P241102107,24-12-31,24-12-01,C2Q40A-AD139A20K,336,307,8,299,336,336,12/2024,
1682,P241102106,24-12-31,24-12-01,C2Q32A-AD138A20K,504,506,14,492,504,504,12/2024,
1676,P241102105,24-12-31,24-12-01,C2Q25A-AD137A20K,154,119,2,117,154,154,12/2024,
1681,P241102104,24-12-31,24-12-01,C2Q016K04-56564,140,149,10,139,140,140,12/2024,
1684,P241102103,24-12-31,24-12-01,P3319401-M,770,777,56,721,770,770,12/2024,
1683,P241102102,24-12-31,24-12-01,P3319301-M,297,341,3,338,297,297,12/2024,
1686,P241102101,24-12-31,24-12-01,P3319201-M,308,349,9,340,308,308,12/2024,
1685,P241102100,24-12-31,24-12-01,P6260301-D,84,139,6,133,84,84,12/2024,
1688,P241102099,24-12-31,24-12-01,C2Q63-04-J0782AK,108,138,15,123,108,108,12/2024,
1687,P241102098,24-12-31,24-12-01,C2Q40-04-J0780-K,320,305,3,302,320,320,12/2024,
1689,P241102097,24-12-31,24-12-01,XLA40-1B-S,300,188,42,146,300,300,12/2024,
1690,P241102096,24-12-31,24-12-01,XLA25-1B-S,"1,080","1,132",80,"1,052","1,078",1080,12/2024,
1691,P241102095,24-12-31,24-12-01,XLA16-1B-S,275,274,4,270,275,275,12/2024,
1692,P241102094,24-12-31,24-12-01,VJ100-16-7,608,582,79,503,608,608,12/2024,
1695,P241102093,24-12-31,24-12-01,SY5000-20-1,108,143,8,135,108,108,12/2024,
1693,P241102092,24-12-31,24-12-01,S370A63T89X80X30,720,798,84,714,720,720,12/2024,
1696,P241102091,24-12-31,24-12-01,S370A63T72X63X30,420,491,17,474,420,420,12/2024,
1694,P241102090,24-12-31,24-12-01,S370A63T58X50X30,540,732,65,667,540,540,12/2024,
1697,P241102089,24-12-31,24-12-01,S370A63T31X25X30,352,462,98,364,352,352,12/2024,
1698,P241102088,24-12-31,24-12-01,S370A63T26X20X20,528,227,106,121,528,528,12/2024,
1702,P241102087,24-12-31,24-12-01,C9632ABAC958-30K,88,0,0,0,88,88,12/2024,
1699,P241102086,24-12-31,24-12-01,CYB32L-AS380-30K,112,168,15,153,112,112,12/2024,
1701,P241102085,24-12-31,24-12-01,CYB15L-AS377-30K,476,570,54,516,476,476,12/2024,
1700,P241102084,24-12-31,24-12-01,CYB10L-AS376-30K,660,761,48,713,660,660,12/2024,
1703,P241102083,24-12-31,24-12-01,CYB32K-AS380-20K,105,126,9,117,105,105,12/2024,
1705,P241102082,24-12-31,24-12-01,CYB25K-AS379-20K,54,65,3,62,54,54,12/2024,
1708,P241102081,24-12-31,24-12-01,P3800401B-M,154,437,58,379,154,154,12/2024,
1707,P241102080,24-12-31,24-12-01,C2QA0A-AD143-30K,8,16,0,16,8,8,12/2024,
1704,P241102079,24-12-31,24-12-01,C2Q80A-AD142-30K,75,59,10,49,75,75,12/2024,
1706,P241102078,24-12-31,24-12-01,C2Q63A-AD141A30K,552,483,17,466,552,408,12/2024,
1711,P241102077,24-12-31,24-12-01,C2Q50A-AD140A30K,910,880,0,880,910,910,12/2024,
1712,P241102076,24-12-31,24-12-01,C2Q40A-AD139A30K,"1,404","1,802",19,"1,783","1,404",1404,12/2024,
1709,P241102075,24-12-31,24-12-01,C2Q32A-AD138A30K,"1,540","1,377",88,"1,289","1,540",1540,12/2024,
1714,P241102074,24-12-31,24-12-01,S502A61T50X13X27,60,63,0,63,60,60,12/2024,
1710,P241102073,24-12-31,24-12-01,S500A61T63X14X20,315,249,20,229,315,315,12/2024,
1713,P241102072,24-12-31,24-12-01,S500A61T50X14X30,180,175,1,174,180,180,12/2024,
1715,P241102071,24-12-31,24-12-01,MGP40A-AC896-30K,400,491,8,483,200,,12/2024,
1717,P241102070,24-12-31,24-12-01,MGP32A-AC895-30K,198,399,10,389,198,198,12/2024,
1718,P241102069,24-12-31,24-12-01,MGP25A-AC894-30K,288,262,0,262,288,288,12/2024,
1716,P241102068,24-12-31,24-12-01,MGP20A-AC893-30K,224,251,2,249,224,224,12/2024,
1720,P241102067,24-12-31,24-12-01,MGP32A-AC905-30K,66,69,0,69,66,66,12/2024,
1719,P241102066,24-12-31,24-12-01,C2M025K02-68715B,510,585,6,579,510,510,12/2024,
1721,P241102065,24-12-31,24-12-01,S501A61T43X16X30,420,461,4,457,420,420,12/2024,
1723,P241102063,24-12-31,24-12-01,S501A61T23X10X30,286,356,20,336,286,286,12/2024,
1725,P241102062,24-12-31,24-12-01,C2J16M-AF113-25K,"1,566","1,636",15,"1,621","1,566",1566,12/2024,
1724,P241102061,24-12-31,24-12-01,S370A63T72X63X30,168,283,22,261,144,168,12/2024,
1722,P241102060,24-12-31,24-12-01,S370A63T58X50X30,45,50,0,50,45,45,12/2024,
1727,P241102059,24-12-31,24-12-01,S370A63T26X20X20,176,672,4,668,176,176,12/2024,
1728,P241102058,24-12-31,24-12-01,C9663ABAC961-30K,"1,260","1,950",94,"1,856","1,260",1260,12/2024,
1730,P241102057,24-12-31,24-12-01,C9650ABAC960-30K,"1,080","1,037",46,991,"1,080",1080,12/2024,
1729,P241102056,24-12-31,24-12-01,C9640ABAC959-30K,960,"1,077",48,"1,029",960,960,12/2024,
1731,P241102055,24-12-31,24-12-01,C9632ABAC958-30K,"1,078","1,255",44,"1,211","1,078",1078,12/2024,
1665,P241101487,24-11-30,24-11-01,CYV32C-R5503A20K,24,88,8,80,24,24,11/2024-BS,
1664,P241101486,24-11-30,24-11-01,NCA400-03-AV290-20K,1,17,6,11,1,1,11/2024-BS,
1663,P241101485,24-11-30,24-11-01,NCA325-03-AV289-20K,1,0,0,0,1,1,11/2024-BS,
1656,P241100692,24-11-30,24-11-01,CYR63K-AX668-20K,5,0,0,0,5,5,11/2024-BS,
1655,P241100691,24-11-30,24-11-01,CYR50K-AX667-20K,5,0,0,0,5,5,11/2024-BS,
1654,P241100690,24-11-30,24-11-01,CYR40K-AX666-20K,5,0,0,0,5,5,11/2024-BS,
1653,P241100689,24-11-30,24-11-01,CYR32K-AX665-20K,5,0,0,0,5,5,11/2024-BS,
1652,P241100688,24-11-30,24-11-01,CYR25K-AX664-20K,5,0,0,0,5,5,11/2024-BS,
1651,P241100687,24-11-30,24-11-01,CYR20K-AX663-20K,5,0,0,0,5,5,11/2024-BS,
1650,P241100686,24-11-30,24-11-01,CYR10K-AX661-20K,5,0,0,0,5,5,11/2024-BS,
1649,P241100685,24-11-30,24-11-01,NCA250-03-AV288-20K,1,25,0,25,1,1,11/2024-BS,
1648,P241100684,24-11-30,24-11-01,NCA200-03-AV287-20K,1,25,4,21,1,1,11/2024-BS,
1662,P241100683,24-11-30,24-11-01,NCA150-03-AV286-20K,1,17,12,5,1,1,11/2024-BS,
1661,P241100682,24-11-30,24-11-01,NCA400-02-AV290-20K,1,17,0,17,1,1,11/2024-BS,
1660,P241100681,24-11-30,24-11-01,NCA325-02-AV289-20K,1,34,11,23,1,1,11/2024-BS,
1659,P241100680,24-11-30,24-11-01,NCA250-02-AV288-20K,1,0,0,0,1,1,11/2024-BS,
1658,P241100679,24-11-30,24-11-01,NCA200-02-AV287-20K,1,27,16,11,1,1,11/2024-BS,
1657,P241100678,24-11-30,24-11-01,N2A150-02-AV286-20K,1,19,0,19,1,1,11/2024-BS,
1647,P241100636,24-11-30,24-11-01,C2Q016K04-56564,10,0,0,0,10,10,11/2024-BS,
1642,P241100548,24-11-30,24-11-01,C2Q25A-AD137A20K,30,60,10,50,30,30,11/2024-BS,
1641,P241100547,24-11-30,24-11-01,C2Q32A-AD138A20K,63,70,1,69,63,63,11/2024-BS,
1640,P241100386,24-11-30,24-11-01,CYP32C-R5501A30K,24,0,0,0,24,24,,24-11-15
1667,P241100307,24-11-30,24-11-01,C2Q25A-AD137A30K,208,239,4,235,208,208,11/2024-BS,
1666,P241100306,24-11-30,24-11-01,C2Q20A-AD136A30K,224,266,17,249,224,224,11/2024-BS,
1637,P241002169,24-11-30,24-11-01,P3800603-MH1,75,236,141,95,75,75,11/2024,
1636,P241002168,24-11-30,24-11-01,P3800403-MH2,224,249,5,244,224,224,11/2024,
1635,P241002167,24-11-30,24-11-01,XLA40-3-1B,144,189,38,151,144,144,11/2024,
1634,P241002166,24-11-30,24-11-01,VP500-22,42,0,0,0,42,42,11/2024,
1633,P241002165,24-11-30,24-11-01,P3910014,160,219,19,200,160,160,11/2024,
1632,P241002164,24-11-30,24-11-01,MB-40-32-C6777-K,336,344,9,335,336,336,11/2024,
1631,P241002163,24-11-30,24-11-01,P3801101-M,108,142,94,48,72,72,11/2024,
1630,P241002162,24-11-30,24-11-01,P3319301-M,198,227,1,226,198,198,11/2024,
1629,P241002161,24-11-30,24-11-01,P6260301-D,168,157,10,147,168,168,11/2024,
1628,P241002160,24-11-30,24-11-01,P6260201-D,224,294,30,264,224,224,11/2024,
1627,P241002159,24-11-30,24-11-01,C2Q40-04-J0780-K,400,454,6,448,400,400,11/2024,
1626,P241002158,24-11-30,24-11-01,XLA25-3-1B,324,323,0,323,324,324,11/2024,
1625,P241002157,24-11-30,24-11-01,XLA40-1B-S,300,437,69,368,300,300,11/2024,
1624,P241002156,24-11-30,24-11-01,DXT199-20-23,231,349,55,294,231,231,11/2024,
1623,P241002155,24-11-30,24-11-01,S369A63T55X50X30,216,221,7,214,216,216,11/2024,
1622,P241002154,24-11-30,24-11-01,S369A63T45X40X30,234,396,33,363,234,234,11/2024,
1621,P241002153,24-11-30,24-11-01,S369A63T36X32X30,140,207,24,183,140,140,11/2024,
1620,P241002152,24-11-30,24-11-01,S370A63T47X40X30,88,193,46,147,88,88,11/2024,
1619,P241002151,24-11-30,24-11-01,S370A63T38X32X30,126,0,0,0,126,126,11/2024,
1618,P241002150,24-11-30,24-11-01,C9663ABAC961-30K,"1,085","1,127",56,"1,071","1,085",1085,11/2024,
1617,P241002149,24-11-30,24-11-01,C9650ABAC960-30K,"1,520","1,449",44,"1,405","1,520",1520,11/2024,
1616,P241002148,24-11-30,24-11-01,C9640ABAC959-30K,"1,330",958,31,927,"1,330",1330,11/2024,
1615,P241002147,24-11-30,24-11-01,C9632ABAC958-30K,880,864,93,771,871,880,11/2024,
1614,P241002146,24-11-30,24-11-01,CYB63K-AS383-20K,24,38,4,34,24,24,11/2024,
1613,P241002145,24-11-30,24-11-01,CYB50K-AS382-20K,30,47,2,45,30,30,11/2024,
1612,P241002144,24-11-30,24-11-01,CYB40K-AS381-20K,48,87,7,80,48,48,11/2024,
1611,P241002143,24-11-30,24-11-01,CYB32K-AS380-20K,70,95,4,91,70,70,11/2024,
1610,P241002142,24-11-30,24-11-01,CYB25K-AS379-20K,54,108,10,98,54,54,11/2024,
1609,P241002141,24-11-30,24-11-01,CYB20K-AS378-20K,96,167,1,166,96,96,11/2024,
1608,P241002140,24-11-30,24-11-01,CYB15K-AS377-20K,96,148,4,144,96,96,11/2024,
1607,P241002139,24-11-30,24-11-01,CYB10K-AS376-20K,176,241,3,238,176,176,11/2024,
1606,P241002138,24-11-30,24-11-01,CYB06K-AS375-20K,330,366,0,366,330,330,11/2024,
1605,P241002137,24-11-30,24-11-01,P3800401B-M,693,437,41,396,693,693,11/2024,
1604,P241002136,24-11-30,24-11-01,P3800101B-M,260,378,0,378,260,260,11/2024,
1603,P241002135,24-11-30,24-11-01,P3802501B-M,405,795,14,781,405,405,11/2024,
1602,P241002134,24-11-30,24-11-01,P3802401B-M,864,"1,005",29,976,864,864,11/2024,
1601,P241002133,24-11-30,24-11-01,C2QA0G-F2259-20K,36,39,3,36,36,36,11/2024,
1600,P241002132,24-11-30,24-11-01,C2Q80G-F2258-20K,45,89,11,78,45,45,11/2024,
1599,P241002131,24-11-30,24-11-01,MGP63A-AC898-20K,70,83,15,68,60,70,11/2024,
1598,P241002130,24-11-30,24-11-01,MGP50A-AC897-20K,84,107,2,105,84,84,11/2024,
1597,P241002129,24-11-30,24-11-01,C2QA0A-AD143-30K,24,39,23,16,24,24,11/2024,
1596,P241002128,24-11-30,24-11-01,C2Q80A-AD142-30K,15,58,10,48,15,15,11/2024,
1595,P241002127,24-11-30,24-11-01,C2J16L-AH081-30K,624,682,1,681,624,624,11/2024,
1594,P241002126,24-11-30,24-11-01,C2Q63A-AD141A30K,312,325,19,306,312,312,11/2024,
1593,P241002125,24-11-30,24-11-01,C2Q50A-AD140A30K,910,"1,037",47,990,910,910,11/2024,
1592,P241002124,24-11-30,24-11-01,C2Q40A-AD139A30K,"1,350","1,297",34,"1,263","1,350",1350,11/2024,
1591,P241002123,24-11-30,24-11-01,C2Q32A-AD138A30K,"1,330","1,401",51,"1,350","1,260",1330,11/2024,
1590,P241002122,24-11-30,24-11-01,C2Q016K04-56564,140,66,4,62,140,140,11/2024,
1589,P241002121,24-11-30,24-11-01,C2Q012K04-56563,176,181,7,174,176,176,11/2024,
1588,P241002120,24-11-30,24-11-01,S502A61T63X13X20,315,381,3,378,315,315,11/2024,
1587,P241002119,24-11-30,24-11-01,S502A61T50X13X27,420,447,7,440,420,420,11/2024,
1586,P241002118,24-11-30,24-11-01,S500A61T63X14X20,525,736,6,730,525,525,11/2024,
1585,P241002117,24-11-30,24-11-01,MGP40A-AC896-30K,700,689,40,649,520,700,11/2024,
1584,P241002116,24-11-30,24-11-01,MGP32A-AC895-30K,231,420,32,388,231,231,11/2024,
1583,P241002115,24-11-30,24-11-01,MGP25A-AC894-30K,432,477,13,464,432,432,11/2024,
1582,P241002114,24-11-30,24-11-01,MGP20A-AC893-30K,672,660,16,644,595,672,11/2024,
1581,P241002113,24-11-30,24-11-01,MGP25A-AC904-30K,216,97,0,97,216,216,11/2024,
1580,P241002112,24-11-30,24-11-01,MGP20A-AC903-30K,616,613,14,599,616,616,11/2024,
1579,P241002111,24-11-30,24-11-01,C2M040K03-68717B,84,112,6,106,84,84,11/2024,
1578,P241002110,24-11-30,24-11-01,C2M032K03-68716B,540,531,30,501,540,540,11/2024,
1577,P241002109,24-11-30,24-11-01,C2M032K02-68716B,405,449,1,448,405,405,11/2024,
1576,P241002108,24-11-30,24-11-01,C2M025K03-68715B,850,853,11,842,740,850,11/2024,
1575,P241002107,24-11-30,24-11-01,C2M025K02-68715B,680,714,30,684,680,680,11/2024,
1574,P241002106,24-11-30,24-11-01,C2M020K03-68714B,819,802,13,789,819,819,11/2024,
1573,P241002105,24-11-30,24-11-01,C2M020K02-68714B,819,842,40,802,819,819,11/2024,
1572,P241002104,24-11-30,24-11-01,S501A61T35X16X30,540,528,37,491,540,540,11/2024,
1571,P241002103,24-11-30,24-11-01,S370A63T38X32X30,112,0,0,0,112,112,11/2024,
1570,P241002102,24-11-30,24-11-01,C9663ABAC961-30K,420,0,0,0,416,420,11/2024,
1569,P241002101,24-11-30,24-11-01,C9650ABAC960-30K,480,537,16,521,480,480,11/2024,
1639,P241002100,24-11-30,24-11-01,C9640ABAC959-30K,600,"1,194",49,"1,145",540,600,11/2024,
1638,P241002099,24-11-30,24-11-01,C9632ABAC958-30K,770,"1,075",35,"1,040",770,770,11/2024,
1568,P241000851,24-10-31,24-10-01,P3800603-MH1,25,0,0,0,25,25,10/2024-BS,
1567,P241000650,24-10-31,24-10-01,CYB32L-AS380-30K,1,12,0,12,1,1,10/2024-BS,
1566,P241000572,24-10-31,24-10-01,MGP20A-AC903-30K,18,40,0,40,18,18,10/2024-BS,
1565,P241000258,24-10-31,24-10-01,P3800401B-M,231,328,15,313,231,231,10/2024-BS,
1564,P241000256,24-10-31,24-10-01,P79001005-M,286,0,0,0,286,286,10/2024-BS,
1534,P240901955,24-10-31,24-10-01,P3800603-MH1,50,95,16,79,50,50,10/2024,
1533,P240901954,24-10-31,24-10-01,S500A61TA0X20X20,12,35,18,17,12,12,10/2024,
1532,P240901953,24-10-31,24-10-01,P7471701-M,24,0,0,0,24,24,10/2024,
1531,P240901952,24-10-31,24-10-01,MB-40-32-C6777-K,144,140,4,136,144,144,10/2024,
1530,P240901951,24-10-31,24-10-01,C2Q63A-AD141A20K,60,53,4,49,60,60,10/2024,
1529,P240901950,24-10-31,24-10-01,SY5000-20-1,162,167,18,149,162,162,10/2024,
1528,P240901949,24-10-31,24-10-01,S369A63T55X50X30,972,538,32,506,972,972,10/2024,
1527,P240901948,24-10-31,24-10-01,S369A63T45X40X30,936,788,136,652,936,936,10/2024,
1526,P240901947,24-10-31,24-10-01,S370A63T47X40X30,616,805,103,702,616,616,10/2024,
1525,P240901946,24-10-31,24-10-01,S370A63T38X32X30,756,"1,296",99,"1,197",756,756,10/2024,
1563,P240901945,24-10-31,24-10-01,C9663ABAC961-30K,"2,485","2,664",320,"2,344","2,485",2485,10/2024,
1562,P240901944,24-10-31,24-10-01,C9650ABAC960-30K,"2,000","2,290",271,"2,019","2,000",2000,10/2024,
1561,P240901943,24-10-31,24-10-01,C9640ABAC959-30K,"2,100","2,114",122,"1,992","2,100",2100,10/2024,
1560,P240901942,24-10-31,24-10-01,C9632ABAC958-30K,"1,760","1,733",75,"1,658","1,760",1760,10/2024,
1559,P240901941,24-10-31,24-10-01,C2QA0A-AD143-20K,12,37,7,30,12,12,10/2024,
1558,P240901940,24-10-31,24-10-01,C2Q80A-AD142-20K,108,0,0,0,108,108,10/2024,
1557,P240901939,24-10-31,24-10-01,S500A61T80X17X20,800,"1,005",112,893,800,800,10/2024,
1556,P240901938,24-10-31,24-10-01,P3800601B-M,480,513,23,490,480,480,10/2024,
1555,P240901937,24-10-31,24-10-01,P3800501B-M,"1,350","1,591",244,"1,347","1,350",1350,10/2024,
1554,P240901936,24-10-31,24-10-01,P3800301B-M,"1,521","1,609",110,"1,499","1,521",1521,10/2024,
1553,P240901935,24-10-31,24-10-01,P3800201B-M,990,"1,216",22,"1,194",990,990,10/2024,
1552,P240901934,24-10-31,24-10-01,P3800101B-M,520,566,62,504,520,520,10/2024,
1551,P240901933,24-10-31,24-10-01,P3802801B-M,560,622,30,592,560,560,10/2024,
1550,P240901932,24-10-31,24-10-01,P3802701B-M,840,867,51,816,840,840,10/2024,
1549,P240901931,24-10-31,24-10-01,P3802601B-M,"1,092","1,287",340,947,"1,092",1092,10/2024,
1548,P240901930,24-10-31,24-10-01,P3802501B-M,"1,215","1,107",68,"1,039","1,215",1215,10/2024,
1547,P240901929,24-10-31,24-10-01,P3802301B-M,520,629,19,610,520,520,10/2024,
1546,P240901928,24-10-31,24-10-01,MGP40A-AC896-30K,600,640,38,602,560,600,10/2024,
1545,P240901927,24-10-31,24-10-01,MGP32A-AC895-30K,990,901,40,861,990,990,10/2024,
1544,P240901926,24-10-31,24-10-01,MGP25A-AC894-30K,"1,080","1,133",43,"1,090","1,080",1080,10/2024,
1543,P240901925,24-10-31,24-10-01,MGP20A-AC893-30K,"1,120","1,162",28,"1,134","1,120",1120,10/2024,
1542,P240901924,24-10-31,24-10-01,MGP40A-AC906-30K,220,202,8,194,220,220,10/2024,
1541,P240901923,24-10-31,24-10-01,MGP32A-AC905-30K,264,277,9,268,264,264,10/2024,
1540,P240901922,24-10-31,24-10-01,MGP25A-AC904-30K,360,402,15,387,360,360,10/2024,
1539,P240901921,24-10-31,24-10-01,S369A63T55X50X30,324,753,242,511,324,324,10/2024,
1538,P240901920,24-10-31,24-10-01,S369A63T45X40X30,312,695,26,669,312,312,10/2024,
1537,P240901919,24-10-31,24-10-01,S369A63T36X32X30,336,479,67,412,336,336,10/2024,
1536,P240901918,24-10-31,24-10-01,S370A63T47X40X30,154,0,0,0,154,154,10/2024,
1535,P240901917,24-10-31,24-10-01,S370A63T38X32X30,112,0,0,0,112,112,10/2024,
1524,P240901901,24-09-30,24-09-01,MGP40A-AC896-30K,24,52,19,33,24,24,09/2024-BS,
1523,P240900949,24-09-30,24-09-01,MGP40A-AC896-30K,20,0,0,0,20,20,09/2024-BS,
1522,P240900831,24-09-30,24-09-01,P3800501B-M,43,0,0,0,43,43,09/2024-BS,
1520,P240900804,24-09-30,24-09-01,XLA63-1B,9,35,26,9,9,9,09/2024-BS,
1519,P240900803,24-09-30,24-09-01,P3910016,30,0,0,0,30,30,09/2024-BS,
1518,P240900802,24-09-30,24-09-01,P3910014,20,32,12,20,20,20,09/2024-BS,
1517,P240900801,24-09-30,24-09-01,MGP80A-AC909-20K,5,40,17,23,5,5,09/2024-BS,
1516,P240900800,24-09-30,24-09-01,C2QA0-04-J0784-K,12,38,24,14,12,12,09/2024-BS,
1515,P240900799,24-09-30,24-09-01,C2Q80L-AD142-20K,36,29,5,24,36,36,09/2024-BS,
1514,P240900798,24-09-30,24-09-01,V100-75-5,99,59,1,58,99,99,09/2024-BS,
1513,P240900797,24-09-30,24-09-01,P3318110-M,104,149,13,136,104,104,09/2024-BS,
1512,P240900796,24-09-30,24-09-01,S500A61T63X14X20,105,94,11,83,105,105,09/2024-BS,
1511,P240900795,24-09-30,24-09-01,CXS25A-BA024-20K,108,144,4,140,108,108,09/2024-BS,
1510,P240900794,24-09-30,24-09-01,S500A61T40X10X30,117,0,0,0,117,117,09/2024-BS,
1521,P240900793,24-09-30,24-09-01,C2Q63-04-J0782AK,18,0,0,0,18,18,09/2024-BS,
1509,P240900428,24-09-30,24-09-01,XT331-7433-25-1-M,88,139,2,137,88,88,09/2024-BS,
1508,P240900056,24-09-30,24-09-01,P3800603-MH1,50,69,21,48,50,50,09/2024-BS,
1507,P240802062,24-09-30,24-09-01,C2Q50A-AD140A30K,9,0,0,0,9,9,09/2024,
1506,P240801798,24-09-30,24-09-01,XLA40-3-1B,360,439,54,385,360,360,09/2024,
1505,P240801797,24-09-30,24-09-01,P40109002-D,70,94,2,92,70,70,09/2024,
1504,P240801796,24-09-30,24-09-01,P4811601-M-1,216,232,24,208,216,216,09/2024,
1503,P240801795,24-09-30,24-09-01,P4811401-M-1,128,164,2,162,128,128,09/2024,
1502,P240801794,24-09-30,24-09-01,P6260401-D,90,283,27,256,90,90,09/2024,
1501,P240801793,24-09-30,24-09-01,P6260201-D,56,77,21,56,56,56,09/2024,
1500,P240801792,24-09-30,24-09-01,C2Q40-04-J0780-K,40,0,0,0,40,40,09/2024,
1499,P240801791,24-09-30,24-09-01,XLA25-3-1B,216,268,3,265,216,216,09/2024,
1498,P240801790,24-09-30,24-09-01,S369A63T55X50X30,378,"1,006",108,898,378,378,09/2024,
1497,P240801789,24-09-30,24-09-01,S369A63T45X40X30,234,380,72,308,234,234,09/2024,
1496,P240801788,24-09-30,24-09-01,S369A63T36X32X30,280,361,18,343,280,280,09/2024,
1495,P240801787,24-09-30,24-09-01,S370A63T47X40X30,176,326,25,301,176,176,09/2024,
1494,P240801786,24-09-30,24-09-01,S370A63T38X32X30,252,296,52,244,252,252,09/2024,
1493,P240801785,24-09-30,24-09-01,C9663ABAC961-30K,"1,925","2,301",288,"2,013","1,925",1925,09/2024,
1492,P240801784,24-09-30,24-09-01,C9650ABAC960-30K,"2,040","2,519",357,"2,162","2,040",2040,09/2024,
1491,P240801783,24-09-30,24-09-01,C9640ABAC959-30K,"2,100","2,958",518,"2,440","2,100",2100,09/2024,
1490,P240801782,24-09-30,24-09-01,C9632ABAC958-30K,"1,320","1,327",70,"1,257","1,320",1320,09/2024,
1489,P240801781,24-09-30,24-09-01,P3800301B-M,585,653,13,640,585,585,09/2024,
1488,P240801780,24-09-30,24-09-01,P3800201B-M,396,258,48,210,396,396,09/2024,
1487,P240801779,24-09-30,24-09-01,P3800101B-M,260,302,4,298,260,260,09/2024,
1486,P240801778,24-09-30,24-09-01,P3802801B-M,320,335,11,324,320,320,09/2024,
1485,P240801777,24-09-30,24-09-01,P3802701B-M,300,322,5,317,300,300,09/2024,
1484,P240801776,24-09-30,24-09-01,P3802601B-M,504,597,49,548,504,504,09/2024,
1483,P240801775,24-09-30,24-09-01,P3802501B-M,675,731,4,727,675,675,09/2024,
1482,P240801774,24-09-30,24-09-01,P3802401B-M,432,502,15,487,432,432,09/2024,
1481,P240801773,24-09-30,24-09-01,P3802301B-M,260,397,5,392,260,260,09/2024,
1480,P240801772,24-09-30,24-09-01,C2QA0A-AD143-30K,8,0,0,0,8,8,09/2024,
1479,P240801771,24-09-30,24-09-01,C2Q80A-AD142-30K,15,0,0,0,15,15,09/2024,
1478,P240801770,24-09-30,24-09-01,C2Q63A-AD141A30K,48,72,18,54,48,48,09/2024,
1477,P240801769,24-09-30,24-09-01,C2Q50A-AD140A30K,70,89,7,82,70,70,09/2024,
1476,P240801768,24-09-30,24-09-01,C2Q40A-AD139A30K,54,69,2,67,54,54,09/2024,
1475,P240801767,24-09-30,24-09-01,C2Q32A-AD138A30K,70,95,3,92,70,70,09/2024,
1474,P240801766,24-09-30,24-09-01,MGP63A-AC898-20K,150,193,103,90,150,150,09/2024,
1473,P240801765,24-09-30,24-09-01,C2Q63A-AD141A20K,20,0,0,0,20,20,09/2024,
1472,P240801764,24-09-30,24-09-01,C2M040K03-68717B,252,296,41,255,252,252,09/2024,
1471,P240801763,24-09-30,24-09-01,C2M040K02-68717B,84,90,9,81,84,84,09/2024,
1470,P240801762,24-09-30,24-09-01,C2M032K03-68716B,540,613,49,564,540,540,09/2024,
1469,P240801761,24-09-30,24-09-01,C2M032K02-68716B,135,134,0,134,135,135,09/2024,
1468,P240801760,24-09-30,24-09-01,C2M025K03-68715B,340,366,8,358,340,340,09/2024,
1467,P240801759,24-09-30,24-09-01,C2M025K02-68715B,170,304,108,196,170,170,09/2024,
1466,P240801758,24-09-30,24-09-01,C2M020K03-68714B,273,288,5,283,273,273,09/2024,
1465,P240801757,24-09-30,24-09-01,C2M020K02-68714B,273,299,5,294,273,273,09/2024,
1464,P240801756,24-09-30,24-09-01,APTE00-98000404-D,496,468,13,455,496,496,09/2024,
1463,P240800747,24-08-31,24-08-01,P3802501B-M,59,146,2,144,59,59,08/2024-BS,
1462,P240800746,24-08-31,24-08-01,P3800301B-M,44,175,14,161,44,44,08/2024-BS,
1461,P240800565,24-08-31,24-08-01,C9663ABAC961-30K,125,0,0,0,125,125,08/2024-BS,
1459,P240800564,24-08-31,24-08-01,C9650ABAC960-30K,415,396,32,364,415,415,08/2024-BS,
1460,P240800563,24-08-31,24-08-01,C9640ABAC959-30K,106,0,0,0,106,106,08/2024-BS,
1458,P240800129,24-08-31,24-08-01,C2Q63A-AD141A30K,9,0,0,0,9,9,08/2024-BS,
1447,P240701707,24-08-31,24-08-01,P3552342-0101M,2,41,3,38,2,2,08/2024-BS,
1448,P240701706,24-08-31,24-08-01,P3552332-0101M,2,41,10,31,2,2,08/2024-BS,
1449,P240701705,24-08-31,24-08-01,S370A63T89X80X30,240,320,88,232,240,240,08/2024-BS,
1450,P240701704,24-08-31,24-08-01,S370A63T72X63X30,280,401,41,360,280,280,08/2024-BS,
1451,P240701703,24-08-31,24-08-01,S370A63T58X50X30,162,174,3,171,162,162,08/2024-BS,
1457,P240701702,24-08-31,24-08-01,S370A63T47X40X30,352,288,43,245,352,352,08/2024-BS,
1452,P240701701,24-08-31,24-08-01,S370A63T38X32X30,378,404,14,390,378,378,08/2024-BS,
1453,P240701700,24-08-31,24-08-01,S370A63T26X20X20,352,306,142,164,352,352,08/2024-BS,
1454,P240701699,24-08-31,24-08-01,S369A63T55X50X30,378,577,68,509,378,378,08/2024-BS,
1455,P240701698,24-08-31,24-08-01,S369A63T45X40X30,468,517,16,501,468,468,08/2024-BS,
1456,P240701697,24-08-31,24-08-01,S369A63T36X32X30,140,289,60,229,140,140,08/2024-BS,
1401,P240701258,24-08-31,24-08-01,CYB40L-AS381-30K,77,98,16,82,77,77,08/2024,
1402,P240701257,24-08-31,24-08-01,CYB06L-AS375-30K,"1,144","1,279",113,"1,166","1,144",1144,08/2024,
1403,P240701256,24-08-31,24-08-01,CYR32J-AX665-20K,40,82,33,49,40,40,08/2024,
1404,P240701255,24-08-31,24-08-01,P4811321-M,48,79,10,69,48,48,08/2024,
1406,P240701254,24-08-31,24-08-01,P3910013,75,152,76,76,75,75,08/2024,
1405,P240701253,24-08-31,24-08-01,P3315661-M,32,64,38,26,32,32,08/2024,
1407,P240701252,24-08-31,24-08-01,MB-A0-32-C6781-K,8,23,9,14,8,8,08/2024,
1408,P240701251,24-08-31,24-08-01,V100-75-25,75,50,0,50,75,75,08/2024,
1409,P240701250,24-08-31,24-08-01,SY5000-20-118,48,64,7,57,48,48,08/2024,
1410,P240701249,24-08-31,24-08-01,P4814201-MH1,700,591,17,574,700,700,08/2024,
1411,P240701248,24-08-31,24-08-01,P4811401-M-1,64,0,0,0,64,64,08/2024,
1412,P240701247,24-08-31,24-08-01,CQS25-04-F6467-K,77,83,5,78,77,77,08/2024,
1413,P240701246,24-08-31,24-08-01,C2Q63A-AD141A20K,100,140,7,133,100,100,08/2024,
1414,P240701245,24-08-31,24-08-01,C2Q32A-AD138A20K,63,82,2,80,63,63,08/2024,
1415,P240701244,24-08-31,24-08-01,P3800402-M-2,238,265,2,263,238,238,08/2024,
1416,P240701243,24-08-31,24-08-01,P6260401-D,330,158,6,152,330,330,08/2024,
1417,P240701242,24-08-31,24-08-01,P6260201-D,112,120,1,119,112,112,08/2024,
1418,P240701241,24-08-31,24-08-01,C2Q40-04-J0780-K,440,490,5,485,440,440,08/2024,
1419,P240701240,24-08-31,24-08-01,XLA25-1B-S,"1,152","1,158",28,"1,130","1,152",1152,08/2024,
1420,P240701239,24-08-31,24-08-01,SY5000-20-1,108,107,3,104,108,108,08/2024,
1421,P240701238,24-08-31,24-08-01,P3800601B-M,40,43,0,43,40,40,08/2024,
1422,P240701237,24-08-31,24-08-01,P3800401B-M,77,195,77,118,77,77,08/2024,
1423,P240701236,24-08-31,24-08-01,P3802401B-M,216,139,0,139,216,216,08/2024,
1424,P240701235,24-08-31,24-08-01,C2QA0G-F2259-20K,24,29,7,22,24,24,08/2024,
1425,P240701234,24-08-31,24-08-01,C2Q80G-F2258-20K,30,26,9,17,30,30,08/2024,
1426,P240701233,24-08-31,24-08-01,S502A61T80X17X20,80,64,8,56,80,80,08/2024,
1427,P240701232,24-08-31,24-08-01,S500A61TA0X20X20,36,35,9,26,36,36,08/2024,
1428,P240701231,24-08-31,24-08-01,S500A61T80X17X20,20,39,9,30,20,20,08/2024,
1429,P240701230,24-08-31,24-08-01,MGP63A-AC908-20K,30,46,5,41,30,30,08/2024,
1430,P240701229,24-08-31,24-08-01,MGP63A-AC898-20K,50,98,28,70,50,50,08/2024,
1431,P240701228,24-08-31,24-08-01,MGP50A-AC897-20K,28,35,1,34,28,28,08/2024,
1432,P240701227,24-08-31,24-08-01,S500A61T50X14X30,120,111,0,111,120,120,08/2024,
1433,P240701226,24-08-31,24-08-01,MGP40A-AC896-30K,80,97,1,96,80,80,08/2024,
1434,P240701225,24-08-31,24-08-01,MGP25A-AC894-30K,432,473,26,447,432,432,08/2024,
1435,P240701224,24-08-31,24-08-01,MGP20A-AC893-30K,336,341,7,334,336,336,08/2024,
1436,P240701223,24-08-31,24-08-01,MGP12A-AC891-30K,190,210,30,180,190,190,08/2024,
1437,P240701222,24-08-31,24-08-01,MGP32A-AC905-30K,99,118,17,101,99,99,08/2024,
1438,P240701221,24-08-31,24-08-01,MGP25A-AC904-30K,180,180,6,174,180,180,08/2024,
1439,P240701220,24-08-31,24-08-01,MGP20A-AC903-30K,112,131,1,130,112,112,08/2024,
1440,P240701219,24-08-31,24-08-01,C1G63L-AT036-30K,140,141,7,134,140,140,08/2024,
1441,P240701218,24-08-31,24-08-01,C1G50L-AT035-30K,162,166,1,165,162,162,08/2024,
1442,P240701217,24-08-31,24-08-01,C1G40L-AT034-30K,154,199,7,192,154,154,08/2024,
1443,P240701216,24-08-31,24-08-01,S501A61T43X16X30,336,330,10,320,336,336,08/2024,
1444,P240701215,24-08-31,24-08-01,S501A61T35X16X30,270,455,4,451,270,270,08/2024,
1445,P240701214,24-08-31,24-08-01,APTE00-96000152-D,176,184,3,181,176,176,08/2024,
1446,P240701213,24-08-31,24-08-01,APTE00-98000404-D,248,0,0,0,248,248,08/2024,
1390,P240701212,24-08-31,24-08-01,APTE00-98000565-D,504,531,27,504,504,504,08/2024,
1391,P240701211,24-08-31,24-08-01,APTE00-96000150-D,77,56,4,52,77,77,08/2024,
1399,P240701210,24-08-31,24-08-01,S369A63T55X50X30,216,0,0,0,216,216,08/2024,
1400,P240701209,24-08-31,24-08-01,S369A63T45X40X30,234,0,0,0,234,234,08/2024,
1398,P240701208,24-08-31,24-08-01,S369A63T36X32X30,140,0,0,0,140,140,08/2024,
1392,P240701207,24-08-31,24-08-01,S370A63T58X50X30,270,138,27,111,108,270,08/2024,
1393,P240701206,24-08-31,24-08-01,S370A63T31X25X30,352,467,29,438,352,352,08/2024,
1394,P240701205,24-08-31,24-08-01,C9663ABAC961-30K,945,"1,237",231,"1,006",945,945,08/2024,
1395,P240701204,24-08-31,24-08-01,C9650ABAC960-30K,600,722,48,674,600,600,08/2024,
1396,P240701203,24-08-31,24-08-01,C9640ABAC959-30K,770,609,42,567,770,770,08/2024,
1397,P240701202,24-08-31,24-08-01,C9632ABAC958-30K,880,"1,354",116,"1,238",880,880,08/2024,
1388,P240701276,24-07-31,24-07-01,S370A63T72X63X30,70,73,0,73,70,70,07/2024-BS,
1387,P240701275,24-07-31,24-07-01,S370A63T47X40X30,88,123,11,112,88,88,07/2024-BS,
1386,P240701274,24-07-31,24-07-01,S370A63T38X32X30,126,156,2,154,126,126,07/2024-BS,
1389,P240701273,24-07-31,24-07-01,S370A63T26X20X20,176,667,14,653,176,176,07/2024-BS,
1379,P240700063,24-07-31,24-07-01,CYB40L-AS381-30K,9,20,2,18,9,9,07/2024-BS,
1380,P240700062,24-07-31,24-07-01,CYB06L-AS375-30K,5,132,50,82,5,5,07/2024-BS,
1381,P240700061,24-07-31,24-07-01,S370A63T58X50X30,90,137,15,122,90,90,07/2024-BS,
1382,P240700060,24-07-31,24-07-01,S370A63T31X25X30,320,644,17,627,320,320,07/2024-BS,
1378,P240700011,24-07-31,24-07-01,CYV32C-R5503A20K,20,31,0,31,20,20,07/2024-BS,
1374,P240602641,24-07-31,24-07-01,P3800603-MH1,25,35,3,32,25,25,07/2024,
1375,P240602640,24-07-31,24-07-01,MTS40-02-J3855-K,48,108,37,71,48,48,07/2024,
1376,P240602639,24-07-31,24-07-01,VP500-22,84,191,63,128,84,84,07/2024,
1377,P240602638,24-07-31,24-07-01,P3910013,50,81,12,69,50,50,07/2024,
1309,P240602637,24-07-31,24-07-01,MYH40J-R6302-30K,96,134,15,119,96,96,07/2024,
1310,P240602636,24-07-31,24-07-01,MYB100-02-K2471-K,24,58,28,30,24,24,07/2024,
1311,P240602635,24-07-31,24-07-01,MYB80-02-K2470-K,40,57,14,43,40,40,07/2024,
1312,P240602634,24-07-31,24-07-01,P4811601-M-1,36,70,7,63,36,36,07/2024,
1313,P240602633,24-07-31,24-07-01,CYR63J-AX668-20K,12,13,6,7,12,12,07/2024,
1314,P240602632,24-07-31,24-07-01,CYR50J-AX667-20K,20,67,9,58,20,20,07/2024,
1315,P240602631,24-07-31,24-07-01,CYR40J-AX666-20K,30,64,29,35,30,30,07/2024,
1316,P240602630,24-07-31,24-07-01,XLA50-1B-S,160,203,55,148,160,160,07/2024,
1317,P240602629,24-07-31,24-07-01,P3910018,80,103,23,80,80,80,07/2024,
1318,P240602628,24-07-31,24-07-01,MGP50A-AC897-20K,70,88,11,77,70,70,07/2024,
1319,P240602627,24-07-31,24-07-01,MB-63-32-C6779-K,168,209,59,150,168,168,07/2024,
1320,P240602626,24-07-31,24-07-01,C2QA0A-AD143-20K,30,35,12,23,30,30,07/2024,
1321,P240602625,24-07-31,24-07-01,C2Q80A-AD142-20K,12,0,0,0,12,12,07/2024,
1322,P240602624,24-07-31,24-07-01,C2Q50L-AD140-20K,30,138,26,112,30,30,07/2024,
1323,P240602623,24-07-31,24-07-01,XLA40-1B-S,400,751,291,460,400,400,07/2024,
1324,P240602622,24-07-31,24-07-01,MYB40-55-AS552-20-K,28,33,1,32,28,28,07/2024,
1326,P240602621,24-07-31,24-07-01,MYB32-55-AS551-20-K,40,59,8,51,40,40,07/2024,
1325,P240602620,24-07-31,24-07-01,MYB25-55-AS550-20-K,70,83,0,83,70,70,07/2024,
1328,P240602619,24-07-31,24-07-01,VJ3000-20-10,308,300,0,300,308,308,07/2024,
1327,P240602618,24-07-31,24-07-01,P5053-1082,385,278,9,269,385,385,07/2024,
1330,P240602617,24-07-31,24-07-01,P4814201-MH1,560,681,19,662,560,560,07/2024,
1329,P240602616,24-07-31,24-07-01,P4814101-MH1,936,980,34,946,936,936,07/2024,
1331,P240602615,24-07-31,24-07-01,P4811501-M-1,98,90,0,90,98,98,07/2024,
1332,P240602614,24-07-31,24-07-01,P4811401-M-1,768,835,10,825,768,768,07/2024,
1333,P240602613,24-07-31,24-07-01,P4811301-M-1,400,454,10,444,400,400,07/2024,
1334,P240602612,24-07-31,24-07-01,P4811201-M-1,780,788,15,773,780,780,07/2024,
1335,P240602611,24-07-31,24-07-01,P4811101-M-2,544,500,6,494,544,544,07/2024,
1336,P240602610,24-07-31,24-07-01,P4811001-M,418,336,4,332,418,418,07/2024,
1337,P240602609,24-07-31,24-07-01,P4730001-D,600,789,8,781,600,600,07/2024,
1338,P240602608,24-07-31,24-07-01,C2Q040K31-49702A,210,203,17,186,210,210,07/2024,
1339,P240602607,24-07-31,24-07-01,CQS20-04-F6466-K,96,123,2,121,96,96,07/2024,
1340,P240602606,24-07-31,24-07-01,CXS06A-R6000-20K,936,894,26,868,936,936,07/2024,
1341,P240602605,24-07-31,24-07-01,P3319401-M,210,220,7,213,210,210,07/2024,
1342,P240602604,24-07-31,24-07-01,P3319301-M,792,797,17,780,792,792,07/2024,
1343,P240602603,24-07-31,24-07-01,P3319201-M,616,602,8,594,616,616,07/2024,
1344,P240602602,24-07-31,24-07-01,P6260401-D,300,332,19,313,300,300,07/2024,
1345,P240602601,24-07-31,24-07-01,P6260101-D,288,338,31,307,288,288,07/2024,
1346,P240602600,24-07-31,24-07-01,P4730005-D,480,448,14,434,480,480,07/2024,
1347,P240602599,24-07-31,24-07-01,P4730004-D,576,595,16,579,576,576,07/2024,
1348,P240602598,24-07-31,24-07-01,P4730003-D,504,542,24,518,504,504,07/2024,
1349,P240602597,24-07-31,24-07-01,P4730002-D,416,430,10,420,416,416,07/2024,
1350,P240602596,24-07-31,24-07-01,VJ100-16-7,"1,216","1,298",82,"1,216","1,216",1216,07/2024,
1351,P240602595,24-07-31,24-07-01,SY3000-20-1,480,448,12,436,480,480,07/2024,
1352,P240602594,24-07-31,24-07-01,DXT201-13-13,80,44,2,42,80,80,07/2024,
1353,P240602593,24-07-31,24-07-01,DXT199-20-23,154,196,7,189,154,154,07/2024,
1354,P240602592,24-07-31,24-07-01,DXT192-11-3,378,418,12,406,378,378,07/2024,
1355,P240602591,24-07-31,24-07-01,DXT156-10-11,400,405,1,404,400,400,07/2024,
1356,P240602590,24-07-31,24-07-01,DXT155-38-1,140,174,5,169,140,140,07/2024,
1357,P240602589,24-07-31,24-07-01,C9663ABAC961-30K,875,"1,086",123,963,875,875,07/2024,
1358,P240602588,24-07-31,24-07-01,C9650ABAC960-30K,600,785,96,689,600,600,07/2024,
1359,P240602587,24-07-31,24-07-01,C9640ABAC959-30K,840,960,64,896,840,840,07/2024,
1360,P240602586,24-07-31,24-07-01,C9632ABAC958-30K,"1,056","1,041",175,866,"1,051",1056,07/2024,
1361,P240602585,24-07-31,24-07-01,S502A61T80X17X20,20,39,3,36,20,20,07/2024,
1362,P240602584,24-07-31,24-07-01,MGP40A-AC896-30K,60,49,5,44,60,60,07/2024,
1363,P240602583,24-07-31,24-07-01,MGP40A-AC906-30K,60,46,1,45,60,60,07/2024,
1364,P240602582,24-07-31,24-07-01,MGP32A-AC905-30K,66,88,14,74,66,66,07/2024,
1365,P240602581,24-07-31,24-07-01,C2Q63G-F2257-20K,112,137,6,131,112,112,07/2024,
1366,P240602580,24-07-31,24-07-01,C2Q50G-F2256-30K,60,59,1,58,60,60,07/2024,
1367,P240602579,24-07-31,24-07-01,S500A61T50X14X30,240,299,17,282,240,240,07/2024,
1368,P240602578,24-07-31,24-07-01,APTE00-96000152-D,176,192,2,190,176,176,07/2024,
1369,P240602577,24-07-31,24-07-01,APTE00-98000404-D,496,899,34,865,496,496,07/2024,
1370,P240602576,24-07-31,24-07-01,MGP25A-AC904-30K,36,36,1,35,36,36,07/2024,
1371,P240602575,24-07-31,24-07-01,C1G50L-AT035-30K,54,58,5,53,54,54,07/2024,
1372,P240602574,24-07-31,24-07-01,APTE00-98000565-D,378,469,14,455,378,378,07/2024,
1373,P240602573,24-07-31,24-07-01,APTE00-96000150-D,154,174,4,170,154,154,07/2024,
1308,P240601152,24-06-30,24-06-01,C2Q63A-AD141A30K,24,34,1,33,24,24,06/2024-BS,
1301,P240601061,24-06-30,24-06-01,CYR63J-AX668-20K,2,15,3,12,2,2,06/2024-BS,
1303,P240601060,24-06-30,24-06-01,CYR50J-AX667-20K,2,0,0,0,2,2,06/2024-BS,
1302,P240601059,24-06-30,24-06-01,CYR40J-AX666-20K,2,10,1,9,2,2,06/2024-BS,
1304,P240601058,24-06-30,24-06-01,CYR32J-AX665-20K,2,23,1,22,2,2,06/2024-BS,
1295,P240601057,24-06-30,24-06-01,CYR25J-AX664-20K,2,0,0,0,2,2,06/2024-BS,
1296,P240601056,24-06-30,24-06-01,CYR20J-AX663-20K,1,0,0,0,1,1,06/2024-BS,
1297,P240601055,24-06-30,24-06-01,CYR15J-AX662-20K,1,0,0,0,1,1,06/2024-BS,
1298,P240601054,24-06-30,24-06-01,CYR10J-AX661-20K,1,14,0,14,1,1,06/2024-BS,
1300,P240601053,24-06-30,24-06-01,CYR06J-AX660-20K,1,0,0,0,1,1,06/2024-BS,
1299,P240601052,24-06-30,24-06-01,XT331-7433-25-1-M,58,59,1,58,58,58,06/2024-BS,
1294,P240600484,24-06-30,24-06-01,C2M020K02-68714B,10,0,0,0,10,10,06/2024-BS,
1293,P240502739,24-06-30,24-06-01,MYB40-55-AS552-20-K,58,76,7,69,58,58,06/2024-BS,
1292,P240502738,24-06-30,24-06-01,MYB32-55-AS551-20-K,62,99,8,91,62,62,06/2024-BS,
1291,P240502737,24-06-30,24-06-01,MYB25-55-AS550-20-K,89,111,1,110,89,89,06/2024-BS,
1307,P240502736,24-06-30,24-06-01,NCA400-03-AV290-20K,4,8,4,4,4,4,,
1289,P240502735,24-06-30,24-06-01,NCA400-02-AV290-20K,9,19,8,11,9,9,06/2024-BS,
1288,P240502734,24-06-30,24-06-01,NCA325-03-AV289-20K,4,5,1,4,4,4,06/2024-BS,
1287,P240502733,24-06-30,24-06-01,NCA325-02-AV289-20K,9,21,11,10,9,9,06/2024-BS,
1286,P240502732,24-06-30,24-06-01,NCA250-03-AV288-20K,4,0,0,0,4,4,06/2024-BS,
1285,P240502731,24-06-30,24-06-01,NCA250-02-AV288-20K,8,15,7,8,8,8,06/2024-BS,
1284,P240502730,24-06-30,24-06-01,NCA200-03-AV287-20K,4,0,0,0,4,4,06/2024-BS,
1283,P240502729,24-06-30,24-06-01,NCA200-02-AV287-20K,8,0,0,0,8,8,06/2024-BS,
1282,P240502728,24-06-30,24-06-01,NCA150-03-AV286-20K,4,0,0,0,4,4,06/2024-BS,
1281,P240502727,24-06-30,24-06-01,N2A150-02-AV286-20K,8,0,0,0,8,8,06/2024-BS,
1259,P240501471,24-06-30,24-06-01,CYR50J-AX667-20K,20,34,8,26,20,20,06/2024,
1258,P240501470,24-06-30,24-06-01,CQS25-02-J4469-K,77,88,5,83,77,77,06/2024,
1257,P240501469,24-06-30,24-06-01,CQS20-02-J4468-K,96,112,6,106,96,96,06/2024,
1256,P240501468,24-06-30,24-06-01,CQS12-04-3819L-K,176,234,23,211,176,176,06/2024,
1255,P240501467,24-06-30,24-06-01,C2QA0G-F2259-20K,12,14,4,10,12,12,06/2024,
1254,P240501466,24-06-30,24-06-01,C2Q80G-F2258-20K,45,24,7,17,45,45,06/2024,
1253,P240501465,24-06-30,24-06-01,P7471701-M,48,59,7,52,48,48,06/2024,
1252,P240501464,24-06-30,24-06-01,P4811321-M,48,0,0,0,48,48,06/2024,
1251,P240501463,24-06-30,24-06-01,P3315661-M,16,0,0,0,16,16,06/2024,
1250,P240501462,24-06-30,24-06-01,MGZ80LBY0501-20K,12,17,5,12,12,12,06/2024,
1249,P240501461,24-06-30,24-06-01,MGP50A-AC897-20K,56,52,9,43,56,56,06/2024,
1248,P240501460,24-06-30,24-06-01,MB-A0-32-C6781-K,16,32,16,16,16,16,06/2024,
1247,P240501459,24-06-30,24-06-01,C2QA0A-AD143-20K,48,90,30,60,48,48,06/2024,
1246,P240501458,24-06-30,24-06-01,C2Q80A-AD142-20K,60,50,3,47,60,60,06/2024,
1245,P240501457,24-06-30,24-06-01,XLS25-1-1B,144,204,61,143,144,144,06/2024,
1244,P240501456,24-06-30,24-06-01,SY5000-20-118,96,143,21,122,96,96,06/2024,
1243,P240501455,24-06-30,24-06-01,P5053-1081,350,369,5,364,350,350,06/2024,
1242,P240501454,24-06-30,24-06-01,P4811501-M-1,147,179,3,176,147,147,06/2024,
1241,P240501453,24-06-30,24-06-01,P4811301-M-1,200,218,18,200,200,200,06/2024,
1240,P240501452,24-06-30,24-06-01,P4811201-M-1,468,495,24,471,468,468,06/2024,
1239,P240501451,24-06-30,24-06-01,P4811101-M-2,544,609,18,591,544,544,06/2024,
1238,P240501450,24-06-30,24-06-01,P4730001-D,300,250,7,243,300,300,06/2024,
1237,P240501449,24-06-30,24-06-01,MB-40-32-C6777-K,240,248,8,240,240,240,06/2024,
1236,P240501448,24-06-30,24-06-01,C9663ABAC961-30K,525,681,29,652,525,525,06/2024,
1235,P240501447,24-06-30,24-06-01,C9650ABAC960-30K,680,739,90,649,680,680,06/2024,
1234,P240501446,24-06-30,24-06-01,C9640ABAC959-30K,700,778,62,716,700,700,06/2024,
1233,P240501445,24-06-30,24-06-01,C9632ABAC958-30K,792,"1,136",126,"1,010",792,792,06/2024,
1232,P240501444,24-06-30,24-06-01,CQS25-04-F6467-K,77,98,0,98,77,77,06/2024,
1231,P240501443,24-06-30,24-06-01,C2Q50A-AD140A20K,360,454,36,418,360,360,06/2024,
1230,P240501442,24-06-30,24-06-01,C2Q40A-AD139A20K,96,83,4,79,96,96,06/2024,
1229,P240501441,24-06-30,24-06-01,C2Q32A-AD138A20K,63,82,7,75,63,63,06/2024,
1228,P240501440,24-06-30,24-06-01,CXS06A-R6000-20K,468,512,1,511,468,468,06/2024,
1227,P240501439,24-06-30,24-06-01,C2J06LAAH080-30K,912,"1,056",94,962,912,912,06/2024,
1226,P240501438,24-06-30,24-06-01,P3801101-M,36,79,40,39,36,36,06/2024,
1225,P240501437,24-06-30,24-06-01,P3800502-M-2,780,769,33,736,780,780,06/2024,
1224,P240501436,24-06-30,24-06-01,P3800402-M-2,"1,190","1,229",6,"1,223","1,190",1190,06/2024,
1223,P240501435,24-06-30,24-06-01,P3319301-M,297,304,5,299,297,297,06/2024,
1222,P240501434,24-06-30,24-06-01,P3319101-M,238,312,1,311,238,238,06/2024,
1221,P240501433,24-06-30,24-06-01,P6260401-D,300,350,22,328,300,300,06/2024,
1220,P240501432,24-06-30,24-06-01,P6260301-D,252,238,10,228,252,252,06/2024,
1219,P240501431,24-06-30,24-06-01,P6260201-D,672,765,104,661,672,672,06/2024,
1218,P240501430,24-06-30,24-06-01,P4730005-D,480,536,31,505,480,480,06/2024,
1217,P240501429,24-06-30,24-06-01,MYB20LAA7164-20K,490,502,8,494,490,490,06/2024,
1216,P240501428,24-06-30,24-06-01,MYB16LAA7163-20K,616,658,27,631,616,616,06/2024,
1215,P240501427,24-06-30,24-06-01,CUJ16A-AD253-20K,364,288,2,286,364,364,06/2024,
1214,P240501426,24-06-30,24-06-01,C2Q40-04-J0780-K,600,698,79,619,600,600,06/2024,
1213,P240501425,24-06-30,24-06-01,C2Q32-04-J0779-K,180,182,5,177,180,180,06/2024,
1212,P240501424,24-06-30,24-06-01,XLA40-1B-S,400,840,251,589,400,400,06/2024,
1211,P240501423,24-06-30,24-06-01,XLA25-1B-S,540,612,22,590,540,540,06/2024,
1210,P240501422,24-06-30,24-06-01,XLA16-1B-S,275,316,6,310,275,275,06/2024,
1209,P240501421,24-06-30,24-06-01,VJ100-16-7,912,"1,004",5,999,912,912,06/2024,
1208,P240501420,24-06-30,24-06-01,SY3000-20-1,480,542,26,516,480,480,06/2024,
1207,P240501419,24-06-30,24-06-01,DXT199-20-23,231,219,25,194,227,231,06/2024,
1206,P240501418,24-06-30,24-06-01,DXT192-11-3,378,321,10,311,378,378,06/2024,
1205,P240501417,24-06-30,24-06-01,P3800601B-M,40,84,42,42,40,40,06/2024,
1204,P240501416,24-06-30,24-06-01,P3800501B-M,54,139,39,100,54,54,06/2024,
1277,P240501415,24-06-30,24-06-01,P3800301B-M,117,0,0,0,117,117,06/2024,
1276,P240501414,24-06-30,24-06-01,P3800201B-M,198,285,37,248,198,198,06/2024,
1275,P240501413,24-06-30,24-06-01,P3800101B-M,260,339,38,301,260,260,06/2024,
1274,P240501412,24-06-30,24-06-01,P3802801B-M,40,107,42,65,40,40,06/2024,
1273,P240501411,24-06-30,24-06-01,P3802701B-M,60,150,8,142,60,60,06/2024,
1272,P240501410,24-06-30,24-06-01,P3802501B-M,135,61,11,50,135,135,06/2024,
1271,P240501409,24-06-30,24-06-01,P3802401B-M,216,364,29,335,216,216,06/2024,
1270,P240501408,24-06-30,24-06-01,P3802301B-M,260,303,43,260,260,260,06/2024,
1269,P240501407,24-06-30,24-06-01,C2QA0A-AD143-30K,8,52,28,24,8,8,06/2024,
1268,P240501406,24-06-30,24-06-01,C2Q80A-AD142-30K,15,35,5,30,15,15,06/2024,
1267,P240501405,24-06-30,24-06-01,C2Q50A-AD140A30K,35,44,0,44,35,35,06/2024,
1266,P240501404,24-06-30,24-06-01,C2Q40A-AD139A30K,54,83,4,79,54,54,06/2024,
1265,P240501403,24-06-30,24-06-01,C2Q32A-AD138A30K,70,79,4,75,70,70,06/2024,
1264,P240501402,24-06-30,24-06-01,APTE00-96000152-D,176,168,3,165,176,176,06/2024,
1263,P240501401,24-06-30,24-06-01,MGP20A-AC893-30K,112,169,34,135,112,112,06/2024,
1262,P240501400,24-06-30,24-06-01,C1G63L-AT036-30K,28,17,0,17,28,28,06/2024,
1261,P240501399,24-06-30,24-06-01,APTE00-98000565-D,630,671,10,661,630,630,06/2024,
1260,P240501398,24-06-30,24-06-01,APTE00-96000150-D,77,87,24,63,77,77,06/2024,
1278,P240502675,24-05-31,24-05-01,C2M020K02-68714B,20,0,0,0,20,20,05/2024-BS,
1203,P240500590,24-05-31,24-05-01,C2QA0A-AD143-20K,30,37,2,35,30,30,05/2024-BS,
1202,P240500575,24-05-31,24-05-01,C9663ABAC961-30K,202,194,40,154,202,202,05/2024-BS,
1201,P240500574,24-05-31,24-05-01,C9640ABAC959-30K,210,298,23,275,210,210,05/2024-BS,
1199,P240500363,24-05-31,24-05-01,C2Q50A-AD140A30K,20,26,6,20,20,20,05/2024-BS,
1200,P240500362,24-05-31,24-05-01,C2Q32A-AD138A30K,33,34,1,33,33,33,05/2024-BS,
1181,P240401138,24-05-31,24-05-01,MXH20-27-E7101-K,72,103,13,90,72,72,05/2024,
1180,P240401137,24-05-31,24-05-01,MXH16-27-E7100-K,110,168,0,168,110,110,05/2024,
1179,P240401136,24-05-31,24-05-01,CQS16-02-J4467-K,140,178,10,168,140,140,05/2024,
1178,P240401135,24-05-31,24-05-01,CXS15A-BA022-20K,104,150,8,142,104,104,05/2024,
1177,P240401134,24-05-31,24-05-01,MB-50-32-C6778-K,210,230,28,202,210,210,05/2024,
1176,P240401133,24-05-31,24-05-01,P5053-1081,840,838,5,833,840,840,05/2024,
1175,P240401132,24-05-31,24-05-01,P3800402-M-2,595,576,2,574,595,595,05/2024,
1174,P240401131,24-05-31,24-05-01,P6260401-D,180,188,15,173,180,180,05/2024,
1173,P240401130,24-05-31,24-05-01,XLA25-1B-S,540,500,22,478,540,540,05/2024,
1172,P240401129,24-05-31,24-05-01,XLA16-1B-S,660,668,21,647,660,660,05/2024,
1171,P240401128,24-05-31,24-05-01,SY7000-20-1,84,143,7,136,84,84,05/2024,
1198,P240401127,24-05-31,24-05-01,SY5000-20-1,108,143,4,139,108,108,05/2024,
1197,P240401126,24-05-31,24-05-01,SY3000-20-1,320,338,12,326,320,320,05/2024,
1196,P240401125,24-05-31,24-05-01,C9663ABAC961-30K,280,366,73,293,280,280,05/2024,
1195,P240401124,24-05-31,24-05-01,C9650ABAC960-30K,440,504,48,456,440,440,05/2024,
1194,P240401123,24-05-31,24-05-01,C9640ABAC959-30K,280,518,62,456,280,280,05/2024,
1193,P240401122,24-05-31,24-05-01,C9632ABAC958-30K,528,333,34,299,528,528,05/2024,
1192,P240401121,24-05-31,24-05-01,S500A61TA0X20X20,60,99,30,69,60,60,05/2024,
1191,P240401120,24-05-31,24-05-01,S500A61T80X17X20,140,157,30,127,140,140,05/2024,
1190,P240401119,24-05-31,24-05-01,MGP63A-AC908-20K,10,0,0,0,10,10,05/2024,
1189,P240401118,24-05-31,24-05-01,MGP50A-AC897-20K,112,118,1,117,112,112,05/2024,
1188,P240401117,24-05-31,24-05-01,S500A61T50X14X30,120,125,14,111,120,120,05/2024,
1187,P240401116,24-05-31,24-05-01,APTE00-96000152-D,176,192,2,190,176,176,05/2024,
1186,P240401115,24-05-31,24-05-01,C1G63L-AT036-30K,56,78,4,74,56,56,05/2024,
1185,P240401114,24-05-31,24-05-01,C1G50L-AT035-30K,54,47,0,47,54,54,05/2024,
1184,P240401113,24-05-31,24-05-01,S501A61T23X10X30,286,258,0,258,286,286,05/2024,
1183,P240401112,24-05-31,24-05-01,APTE00-98000565-D,252,156,11,145,252,252,05/2024,
1182,P240401111,24-05-31,24-05-01,APTE00-96000150-D,308,365,18,347,308,308,05/2024,
1170,P240400427,24-04-30,24-04-01,C3G63K02-AG006,3,23,6,17,3,3,04/2024-BS,
1163,P240400167,24-04-30,24-04-01,SY3000-20-1,80,102,5,97,80,80,04/2024-BS,
1168,P240400166,24-04-30,24-04-01,C9663ABAC961-30K,210,375,63,312,210,210,04/2024,
1167,P240400165,24-04-30,24-04-01,C9650ABAC960-30K,120,306,23,283,120,120,04/2024,
1166,P240400164,24-04-30,24-04-01,C9640ABAC959-30K,70,77,61,16,70,70,04/2024,
1169,P240400163,24-04-30,24-04-01,C9632ABAC958-30K,88,509,96,413,88,88,04/2024,
1162,P240400162,24-04-30,24-04-01,APTE00-96000150-D,77,86,14,72,77,77,04/2024-BS,
1153,P240301036,24-04-30,24-04-01,C2Q40A-AD139A20K,96,125,1,124,96,96,04/2024,
1152,P240301035,24-04-30,24-04-01,C2Q32A-AD138A20K,63,58,6,52,63,63,04/2024,
1151,P240301034,24-04-30,24-04-01,P4730005-D,48,49,3,46,48,48,04/2024,
1150,P240301033,24-04-30,24-04-01,C2Q32-04-J0779-K,300,344,1,343,300,300,04/2024,
1149,P240301032,24-04-30,24-04-01,XLA40-1B-S,300,833,245,588,300,300,04/2024,
1148,P240301031,24-04-30,24-04-01,XLA16-1B-S,275,284,8,276,275,275,04/2024,
1147,P240301030,24-04-30,24-04-01,SY7000-20-1,42,80,33,47,42,42,04/2024,
1146,P240301029,24-04-30,24-04-01,SY3000-20-1,80,101,9,92,80,80,04/2024,
1145,P240301028,24-04-30,24-04-01,CYR63L-AX668-20K,15,33,10,23,15,15,04/2024,
1144,P240301027,24-04-30,24-04-01,CYR50L-AX667-20K,24,39,3,36,24,24,04/2024,
1143,P240301026,24-04-30,24-04-01,CYR63K-AX668-20K,15,35,0,35,15,15,04/2024,
1142,P240301025,24-04-30,24-04-01,CYR50K-AX667-20K,20,41,2,39,20,20,04/2024,
1141,P240301024,24-04-30,24-04-01,CYR40K-AX666-20K,35,59,8,51,35,35,04/2024,
1140,P240301023,24-04-30,24-04-01,CYR32K-AX665-20K,48,65,3,62,48,48,04/2024,
1139,P240301022,24-04-30,24-04-01,MXH10-27-E7099-K,154,196,4,192,154,154,04/2024,24-04-16
1138,P240301021,24-04-30,24-04-01,MTS32-02-J3854-K,63,87,24,63,63,63,04/2024,
1137,P240301020,24-04-30,24-04-01,C2A40E-AA698-15K,304,338,10,328,304,304,04/2024,
1136,P240301019,24-04-30,24-04-01,C1SA6E-Q4561-15K,108,150,13,137,108,108,04/2024,
1135,P240301018,24-04-30,24-04-01,C2X15J-K0457-20K,414,474,12,462,414,414,04/2024,
1134,P240301017,24-04-30,24-04-01,C2X10J-K0456-20K,576,616,21,595,576,576,04/2024,
1133,P240301016,24-04-30,24-04-01,C2QA0G-F2259-20K,12,48,24,24,12,12,04/2024,
1132,P240301015,24-04-30,24-04-01,C2Q80G-F2258-20K,15,70,14,56,15,15,04/2024,
1131,P240301014,24-04-30,24-04-01,XT686-1-420-1-2M,30,64,34,30,30,30,04/2024,
1130,P240301013,24-04-30,24-04-01,XLA63-1B,18,87,69,18,18,18,04/2024,
1129,P240301012,24-04-30,24-04-01,XLA50-1B-S,80,166,51,115,80,80,04/2024,
1128,P240301011,24-04-30,24-04-01,S502A61TA0X20X20,12,23,0,23,12,12,04/2024,
1127,P240301010,24-04-30,24-04-01,S500A61TA0X20X20,12,41,23,18,12,12,04/2024,
1126,P240301009,24-04-30,24-04-01,P3315661-M,32,72,16,56,32,32,04/2024,
1125,P240301008,24-04-30,24-04-01,MGZ80LBY0501-20K,12,60,46,14,12,12,04/2024,
1124,P240301007,24-04-30,24-04-01,C2Q80A-AD142-20K,24,50,0,50,24,24,04/2024,
1123,P240301006,24-04-30,24-04-01,C2Q80L-AD142-20K,12,56,32,24,12,12,04/2024,
1122,P240301005,24-04-30,24-04-01,C2Q63L-AD141-20K,20,50,1,49,20,20,04/2024,
1121,P240301004,24-04-30,24-04-01,C2Q63-02-J1429-K,20,86,63,23,20,20,04/2024,
1120,P240301003,24-04-30,24-04-01,C2Q100K31-49706A,12,19,7,12,12,12,04/2024,
1119,P240301002,24-04-30,24-04-01,C2Q080K31-49705A,20,35,1,34,20,20,04/2024,
1118,P240301001,24-04-30,24-04-01,P4814201-MH1,140,179,1,178,140,140,04/2024,
1117,P240301000,24-04-30,24-04-01,S502A61T80X17X20,60,119,42,77,60,60,04/2024,
1116,P240300999,24-04-30,24-04-01,APTE00-96000152-D,528,512,9,503,528,528,04/2024,
1161,P240300998,24-04-30,24-04-01,APTE00-98000404-D,744,792,30,762,744,744,04/2024,
1160,P240300997,24-04-30,24-04-01,MGP32A-AC905-30K,33,43,7,36,33,33,04/2024,
1159,P240300996,24-04-30,24-04-01,C1G63L-AT036-30K,28,35,1,34,28,28,04/2024,
1158,P240300995,24-04-30,24-04-01,C2M025K03-68715B,340,365,22,343,340,340,04/2024,
1157,P240300994,24-04-30,24-04-01,C2M025K02-68715B,340,340,29,311,340,340,04/2024,
1156,P240300993,24-04-30,24-04-01,C2M020K03-68714B,273,283,7,276,273,273,04/2024,
1155,P240300992,24-04-30,24-04-01,C2J16M-AF113-25K,522,502,12,490,522,522,04/2024,
1154,P240300991,24-04-30,24-04-01,APTE00-98000565-D,252,240,18,222,252,252,04/2024,
1115,P240300226,24-03-31,24-03-01,P79001005-M,20,46,0,46,20,20,03/2024-BS,
1110,P240300169,24-03-31,24-03-01,NCA400-03-AV290-20K,1,7,6,1,1,1,03/2024-BS,
1109,P240300168,24-03-31,24-03-01,NCA400-02-AV290-20K,1,7,2,5,1,1,03/2024-BS,
1108,P240300167,24-03-31,24-03-01,NCA325-03-AV289-20K,1,11,5,6,1,1,03/2024-BS,
1107,P240300166,24-03-31,24-03-01,NCA325-02-AV289-20K,1,7,1,6,1,1,03/2024-BS,
1106,P240300165,24-03-31,24-03-01,NCA250-02-AV288-20K,1,5,1,4,1,1,03/2024-BS,
1114,P240300164,24-03-31,24-03-01,NCA200-03-AV287-20K,1,17,12,5,1,1,03/2024-BS,
1113,P240300163,24-03-31,24-03-01,NCA200-02-AV287-20K,1,19,3,16,1,1,03/2024-BS,
1112,P240300162,24-03-31,24-03-01,NCA150-03-AV286-20K,1,15,10,5,1,1,03/2024-BS,
1111,P240300161,24-03-31,24-03-01,N2A150-02-AV286-20K,1,19,10,9,1,1,03/2024-BS,
1089,P240200710,24-03-31,24-03-01,CYR25J-AX664-20K,70,99,6,93,70,70,03/2024,
1088,P240200709,24-03-31,24-03-01,CYR20J-AX663-20K,88,123,9,114,88,88,03/2024,
1087,P240200708,24-03-31,24-03-01,CYR15J-AX662-20K,117,128,10,118,117,117,03/2024,
1086,P240200707,24-03-31,24-03-01,CYR10J-AX661-20K,176,180,4,176,176,176,03/2024,
1085,P240200706,24-03-31,24-03-01,CYR06J-AX660-20K,280,313,32,281,280,280,03/2024,
1084,P240200705,24-03-31,24-03-01,CYR25K-AX664-20K,70,95,0,95,70,70,03/2024,
1083,P240200704,24-03-31,24-03-01,CYR20K-AX663-20K,88,114,1,113,88,88,03/2024,
1082,P240200703,24-03-31,24-03-01,CYR15K-AX662-20K,130,132,2,130,130,130,03/2024,
1081,P240200702,24-03-31,24-03-01,CYR10K-AX661-20K,192,214,4,210,192,192,03/2024,
1080,P240200701,24-03-31,24-03-01,CYR32-32-786GL,36,48,1,47,36,36,03/2024,
1079,P240200700,24-03-31,24-03-01,CYP32K-R5501-20K,16,32,3,29,16,16,03/2024,
1078,P240200699,24-03-31,24-03-01,C2A80E-AA700-15K,180,222,5,217,180,180,03/2024,
1105,P240200698,24-03-31,24-03-01,C2A63E-AA699-15K,238,300,2,298,238,238,03/2024,
1104,P240200697,24-03-31,24-03-01,C1SA6E-AA750-15K,108,118,10,108,108,108,03/2024,
1103,P240200696,24-03-31,24-03-01,C1SA2E-AA749-15K,140,148,8,140,140,140,03/2024,
1102,P240200695,24-03-31,24-03-01,P4814101-MH1,234,279,11,268,234,234,03/2024,
1101,P240200694,24-03-31,24-03-01,C2Q50A-AD140A20K,60,65,0,65,60,60,03/2024,
1100,P240200693,24-03-31,24-03-01,C2Q32A-AD138A20K,126,143,1,142,126,126,03/2024,
1099,P240200692,24-03-31,24-03-01,P3801101-M,72,94,10,84,72,72,03/2024,
1098,P240200691,24-03-31,24-03-01,P6260201-D,112,131,3,128,112,112,03/2024,
1097,P240200690,24-03-31,24-03-01,MYB20LAA7164-20K,350,358,13,345,350,350,03/2024,
1096,P240200689,24-03-31,24-03-01,C2Q40-04-J0780-K,40,0,0,0,40,40,03/2024,
1095,P240200688,24-03-31,24-03-01,XLA40-1B-S,300,337,28,309,300,300,03/2024,
1094,P240200687,24-03-31,24-03-01,APTE00-96000152-D,176,215,13,202,176,176,03/2024,
1093,P240200686,24-03-31,24-03-01,C2M025K03-68715B,680,692,11,681,680,680,03/2024,
1092,P240200685,24-03-31,24-03-01,C2M025K02-68715B,680,914,7,907,680,680,03/2024,
1091,P240200684,24-03-31,24-03-01,C2M020K03-68714B,273,83,0,83,273,273,03/2024,
1090,P240200683,24-03-31,24-03-01,C2M020K02-68714B,546,590,13,577,546,546,03/2024,
1077,P240200105,24-02-29,24-02-01,C2M020K02-68714B,5,0,0,0,5,5,02/2024-BS,
1076,P240200104,24-02-29,24-02-01,MGP50A-AC897-20K,2,0,0,0,2,2,02/2024-BS,
1075,P240200103,24-02-29,24-02-01,C2Q32A-AD138A20K,2,0,0,0,2,2,02/2024-BS,
1066,P240100614,24-02-29,24-02-01,P3800403-MH2,56,87,2,85,56,56,02/2024,
1065,P240100613,24-02-29,24-02-01,P3800303-MH1,90,131,18,113,90,90,02/2024,
1064,P240100612,24-02-29,24-02-01,P3800203-MH1,132,220,88,132,132,132,02/2024,
1063,P240100611,24-02-29,24-02-01,P3800103-MH1,195,196,1,195,195,195,02/2024,
1062,P240100610,24-02-29,24-02-01,MTS25-02-J3853-K,90,105,1,104,90,90,02/2024,
1061,P240100609,24-02-29,24-02-01,MTS20-02-J3852-K,110,130,12,118,110,110,02/2024,
1060,P240100608,24-02-29,24-02-01,MTS16-02-J3851-K,156,236,23,213,156,156,02/2024,
1059,P240100607,24-02-29,24-02-01,MTS12-02-J3850-K,196,248,9,239,196,196,02/2024,
1058,P240100606,24-02-29,24-02-01,CYP15K-R5500-20K,42,53,11,42,42,42,02/2024,
1057,P240100605,24-02-29,24-02-01,CQS12-02-J4466-K,176,188,0,188,176,176,02/2024,
1073,P240100604,24-02-29,24-02-01,C2Q50A-AD140A20K,120,129,4,125,120,120,02/2024,
1072,P240100603,24-02-29,24-02-01,P6260401-D,60,124,53,71,60,60,02/2024,
1071,P240100602,24-02-29,24-02-01,P6260301-D,84,119,3,116,84,84,02/2024,
1070,P240100601,24-02-29,24-02-01,P6260201-D,168,83,4,79,168,168,02/2024,
1069,P240100600,24-02-29,24-02-01,C2Q40-04-J0780-K,40,53,5,48,40,40,02/2024,
1068,P240100599,24-02-29,24-02-01,XLA25-1B-S,540,584,10,574,540,540,02/2024,
1067,P240100598,24-02-29,24-02-01,VJ100-16-7,304,264,4,260,304,304,02/2024,
1054,P240100403,24-01-31,24-01-01,P3910017,1,0,0,0,1,1,01/2024-BS,
1053,P240100402,24-01-31,24-01-01,P3910016,1,34,4,30,1,1,01/2024-BS,
1052,P240100007,24-01-31,24-01-01,XLA40-1B-S,300,396,60,336,300,300,01/2024-BS,
1046,P231200358,24-01-31,24-01-01,P3910016,30,74,19,55,30,30,01/2024,
1045,P231200357,24-01-31,24-01-01,MYM20LAK0501-20K,50,84,7,77,50,50,01/2024,
1044,P231200356,24-01-31,24-01-01,C1GA0L-M3207-20K,8,17,9,8,8,8,01/2024,
1043,P231200355,24-01-31,24-01-01,XLS25-1-1B,36,32,2,30,36,36,01/2024,
1042,P231200354,24-01-31,24-01-01,P5053-1081,420,425,1,424,420,420,01/2024,
1041,P231200353,24-01-31,24-01-01,MXH16-47A7630K-K,"1,200","1,323",85,"1,238","1,200",1200,01/2024,
1040,P231200352,24-01-31,24-01-01,C2Q40A-AD139A20K,96,119,2,117,96,96,01/2024,
1051,P231200351,24-01-31,24-01-01,C2Q32A-AD138A20K,126,98,2,96,126,126,01/2024,
1050,P231200350,24-01-31,24-01-01,P6260301-D,252,278,26,252,252,252,01/2024,
1049,P231200349,24-01-31,24-01-01,XLA40-1B-S,200,227,37,190,200,200,01/2024,
1048,P231200348,24-01-31,24-01-01,XLA25-1B-S,216,235,28,207,216,216,01/2024,
1047,P231200347,24-01-31,24-01-01,S500A61T80X17X20,20,97,54,43,20,20,01/2024,
1039,P231200205,23-12-31,23-12-01,XLA40-1B-S,100,134,29,105,100,100,12/2023-BS,
1038,P231200204,23-12-31,23-12-01,C2Q40A-AD139A20K,24,0,0,0,24,24,12/2023-BS,
1037,P231200093,23-12-31,23-12-01,S501A61T27X12X30,6,12,0,12,6,6,12/2023-BS,
1036,P231200092,23-12-31,23-12-01,CG-040K02-35903A,2,37,0,37,2,2,12/2023-BS,
1035,P231200091,23-12-31,23-12-01,APTE00-98000565-D,7,36,3,33,7,7,12/2023-BS,
1031,P231100942,23-12-31,23-12-01,P4811321-M,96,158,4,154,96,96,12/2023,
1030,P231100941,23-12-31,23-12-01,P40606002-D,108,145,25,120,108,108,12/2023,
1029,P231100940,23-12-31,23-12-01,P40109002-D,140,189,12,177,140,140,12/2023,
1028,P231100939,23-12-31,23-12-01,P40108002-D,80,94,14,80,80,80,12/2023,
1027,P231100938,23-12-31,23-12-01,P40106002-D,108,145,17,128,108,108,12/2023,
1026,P231100937,23-12-31,23-12-01,MGP80A-AC909-20K,20,81,59,22,20,20,12/2023,
1025,P231100936,23-12-31,23-12-01,MB-A0-32-C6781-K,64,110,46,64,64,64,12/2023,
1024,P231100935,23-12-31,23-12-01,XLS25-1-1B,144,174,27,147,144,144,12/2023,
1023,P231100934,23-12-31,23-12-01,P5053-1081,840,823,7,816,840,840,12/2023,
1022,P231100933,23-12-31,23-12-01,MXH16-47A7630K-K,720,635,21,614,720,720,12/2023,
1034,P231100932,23-12-31,23-12-01,P6260301-D,504,507,19,488,504,504,12/2023,
1033,P231100931,23-12-31,23-12-01,P6260201-D,336,438,15,423,336,336,12/2023,
1032,P231100930,23-12-31,23-12-01,MYB20LAA7164-20K,140,142,8,134,140,140,12/2023,
1021,P231100337,23-11-30,23-11-01,P5053-1081,140,165,1,164,140,140,11/2023-BS,
1019,P231100197,23-11-30,23-11-01,XLA40-1B-S,100,159,54,105,100,100,11/2023-BS,
1017,P231100028,23-11-30,23-11-01,C2J16M-AF113-25K,12,0,0,0,12,12,11/2023-BS,
1018,P231100027,23-11-30,23-11-01,C2Q50A-AD140A20K,10,0,0,0,10,10,11/2023-BS,
1016,P231000496,23-11-30,23-11-01,C9663ABAC961-30K,28,120,52,68,28,28,11/2023,
1015,P231000495,23-11-30,23-11-01,C9650ABAC960-30K,40,49,1,48,40,40,11/2023,
1014,P231000494,23-11-30,23-11-01,C9640ABAC959-30K,60,155,77,78,60,60,11/2023,
1013,P231000493,23-11-30,23-11-01,C9632ABAC958-30K,77,125,44,81,77,77,11/2023,
1012,P231000492,23-11-30,23-11-01,P3910018,96,177,81,96,96,96,11/2023,
1011,P231000491,23-11-30,23-11-01,P3910017,120,186,56,130,120,120,11/2023,
1010,P231000490,23-11-30,23-11-01,MGZ63LBQ5434-20K,120,199,48,151,120,120,11/2023,
1009,P231000489,23-11-30,23-11-01,MGP50A-AC907-20K,112,178,23,155,112,112,11/2023,
1008,P231000488,23-11-30,23-11-01,MGP50A-AC897-20K,112,109,9,100,112,112,11/2023,
1007,P231000487,23-11-30,23-11-01,MB-80-32-C6780-K,120,267,140,127,120,120,11/2023,
1006,P231000486,23-11-30,23-11-01,C2Q50L-AD140-20K,120,138,14,124,120,120,11/2023,
1005,P231000485,23-11-30,23-11-01,C2Q50-02-J0787-K,60,181,47,134,60,60,11/2023,
1004,P231000484,23-11-30,23-11-01,C2Q40-02-J0786-K,96,99,2,97,96,96,11/2023,
1003,P231000483,23-11-30,23-11-01,VP300-22,72,83,26,57,72,72,11/2023,
1002,P231000482,23-11-30,23-11-01,P3315261-M,224,264,7,257,224,224,11/2023,
1001,P231000481,23-11-30,23-11-01,MXH16-47A7630K-K,704,869,55,814,704,704,11/2023,
1000,P231000480,23-11-30,23-11-01,C2Q50A-AD140A20K,360,387,13,374,360,360,11/2023,
999,P231000479,23-11-30,23-11-01,CXS06A-R6000-20K,234,191,4,187,234,234,11/2023,
998,P231000478,23-11-30,23-11-01,P6260201-D,224,369,131,238,224,224,11/2023,
997,P231000477,23-11-30,23-11-01,P4730002-D,208,225,7,218,208,208,11/2023,
996,P231000476,23-11-30,23-11-01,MYB20LAA7164-20K,210,262,22,240,210,210,11/2023,
995,P231000475,23-11-30,23-11-01,MYB16LAA7163-20K,352,359,2,357,352,352,11/2023,
994,P231000474,23-11-30,23-11-01,XLA40-1B-S,200,306,104,202,200,200,11/2023,
993,P231000473,23-11-30,23-11-01,XLA25-1B-S,540,589,42,547,540,540,11/2023,
992,P231000472,23-11-30,23-11-01,C2Q50A-AD140A20K,30,0,0,0,30,30,11/2023,
991,P231000471,23-11-30,23-11-01,APTE00-96000152-D,176,151,8,143,176,176,11/2023,
990,P231000470,23-11-30,23-11-01,C1G32L-AT033-30K,234,237,7,230,234,234,11/2023,
989,P231000469,23-11-30,23-11-01,C2M025K03-68715B,850,856,8,848,850,850,11/2023,
988,P231000468,23-11-30,23-11-01,C2M025K02-68715B,850,861,10,851,850,850,11/2023,
987,P231000467,23-11-30,23-11-01,C2M020K03-68714B,546,774,7,767,546,546,11/2023,
986,P231000466,23-11-30,23-11-01,C2M020K02-68714B,546,614,55,559,546,546,11/2023,
984,P231000403,23-10-31,23-10-01,C2Q50-04-J0781-K,12,54,0,54,12,12,10/2023-BS,
985,P231000402,23-10-31,23-10-01,S501A61T14X06X30,3,0,0,0,3,3,10/2023-BS,
983,P231000249,23-10-31,23-10-01,C2Q50-04-J0781-K,1,0,0,0,1,1,10/2023-BS,
981,P231000181,23-10-31,23-10-01,C2Q63G-F2257-20K,5,0,0,0,5,5,10/2023-BS,
980,P231000180,23-10-31,23-10-01,C2Q50G-F2256-30K,5,0,0,0,5,5,10/2023-BS,
979,P231000179,23-10-31,23-10-01,S501A61T43X16X30,4,0,0,0,4,4,10/2023-BS,
978,P231000178,23-10-31,23-10-01,S501A61T35X16X30,10,0,0,0,10,10,10/2023-BS,
977,P231000177,23-10-31,23-10-01,S501A61T23X10X30,4,0,0,0,4,4,10/2023-BS,
976,P231000176,23-10-31,23-10-01,S501A61T19X08X30,8,0,0,0,8,8,10/2023-BS,
975,P231000175,23-10-31,23-10-01,S501A61T14X06X30,3,0,0,0,3,3,10/2023-BS,
974,P231000174,23-10-31,23-10-01,C2Q40G-P1285-30K,5,0,0,0,5,5,10/2023-BS,
973,P231000173,23-10-31,23-10-01,C2Q32G-P1284-30K,4,28,0,28,4,4,10/2023-BS,
972,P231000172,23-10-31,23-10-01,C2Q25G-P1283-30K,7,0,0,0,7,7,10/2023-BS,
971,P231000171,23-10-31,23-10-01,S500A61T63X14X20,7,0,0,0,7,7,10/2023-BS,
982,P231000170,23-10-31,23-10-01,S500A61T50X14X30,6,0,0,0,6,6,10/2023-BS,
970,P231000004,23-10-31,23-10-01,P3552342-0101M,7,41,2,39,7,7,10/2023-BS,
969,P231000003,23-10-31,23-10-01,P3552332-0101M,9,42,0,42,9,9,10/2023-BS,
962,P230900295,23-10-31,23-10-01,XLA50-3-1B,360,451,44,407,360,360,10/2023,
961,P230900294,23-10-31,23-10-01,XLA40-3-1B,288,320,18,302,288,288,10/2023,
960,P230900293,23-10-31,23-10-01,MGP63A-AC908-20K,40,80,20,60,40,40,10/2023,
959,P230900292,23-10-31,23-10-01,MGP50A-AC907-20K,112,155,15,140,112,112,10/2023,
958,P230900291,23-10-31,23-10-01,MGP50A-AC897-20K,112,193,52,141,112,112,10/2023,
957,P230900290,23-10-31,23-10-01,MB-63-32-C6779-K,144,198,30,168,144,144,10/2023,
956,P230900289,23-10-31,23-10-01,MB-50-32-C6778-K,210,294,67,227,210,210,10/2023,
955,P230900288,23-10-31,23-10-01,C2Q32L-AD138-20K,378,479,65,414,378,378,10/2023,
954,P230900287,23-10-31,23-10-01,C2Q032K31-49701A,702,777,76,701,702,702,10/2023,
953,P230900286,23-10-31,23-10-01,VJ3000-20-10,154,175,0,175,154,154,10/2023,
952,P230900285,23-10-31,23-10-01,P5053-1081,420,469,27,442,420,420,10/2023,
951,P230900284,23-10-31,23-10-01,C2Q040K31-49702A,70,110,5,105,70,70,10/2023,
950,P230900283,23-10-31,23-10-01,P3801101-M,36,47,6,41,36,36,10/2023,
949,P230900282,23-10-31,23-10-01,P6260301-D,168,213,18,195,168,168,10/2023,
968,P230900281,23-10-31,23-10-01,C2Q63-04-J0782AK,36,58,12,46,36,36,10/2023,
967,P230900280,23-10-31,23-10-01,C2Q40-04-J0780-K,200,258,6,252,200,200,10/2023,
966,P230900279,23-10-31,23-10-01,XLA25-1B-S,540,555,7,548,540,540,10/2023,
965,P230900278,23-10-31,23-10-01,SY7000-20-1,126,141,7,134,126,126,10/2023,
964,P230900277,23-10-31,23-10-01,DXT199-20-23,77,109,7,102,77,77,10/2023,
963,P230900276,23-10-31,23-10-01,APTE00-96000152-D,176,231,11,220,176,176,10/2023,
948,P230900162,23-09-30,23-09-01,APTE00-96000150-D,8,0,0,0,8,8,9/2023-BS,
947,P230900161,23-09-30,23-09-01,C2Q12A-AD367-20K,10,51,41,10,10,10,9/2023-BS,
946,P230900160,23-09-30,23-09-01,P5053-1081,140,143,3,140,140,140,9/2023-BS,
941,P230800726,23-09-30,23-09-01,VP300-22,72,60,0,60,72,72,9/2023,
940,P230800725,23-09-30,23-09-01,VJ3000-20-10,308,316,1,315,308,308,9/2023,
939,P230800724,23-09-30,23-09-01,P5053-1083,288,292,20,272,288,288,9/2023,
938,P230800723,23-09-30,23-09-01,P5053-1082,140,299,43,256,140,140,9/2023,
937,P230800722,23-09-30,23-09-01,P5053-1081,140,119,3,116,140,140,9/2023,
936,P230800721,23-09-30,23-09-01,P4811001-M,"1,672","1,627",8,"1,619","1,672",1672,9/2023,
935,P230800720,23-09-30,23-09-01,MB-32-32-C6776-K,216,239,32,207,216,216,9/2023,
934,P230800719,23-09-30,23-09-01,DXT199-20-1,154,134,2,132,154,154,9/2023,
933,P230800718,23-09-30,23-09-01,C2Q020K04-51396,192,203,11,192,192,192,9/2023,
932,P230800717,23-09-30,23-09-01,P3800402-M-2,714,768,29,739,714,714,9/2023,
931,P230800716,23-09-30,23-09-01,P3319301-M,198,189,3,186,198,198,9/2023,
930,P230800715,23-09-30,23-09-01,P3319101-M,476,311,1,310,476,476,9/2023,
929,P230800714,23-09-30,23-09-01,P6260301-D,168,125,6,119,168,168,9/2023,
928,P230800713,23-09-30,23-09-01,P4730005-D,96,136,34,102,96,96,9/2023,
927,P230800712,23-09-30,23-09-01,P4730003-D,"1,386","1,321",47,"1,274","1,386",1386,9/2023,
926,P230800711,23-09-30,23-09-01,P4730002-D,208,200,15,185,208,208,9/2023,
925,P230800710,23-09-30,23-09-01,MYB16LAA7163-20K,176,169,4,165,176,176,9/2023,
924,P230800709,23-09-30,23-09-01,C2Q40-04-J0780-K,320,394,74,320,320,320,9/2023,
923,P230800708,23-09-30,23-09-01,XLA16-3-1B,154,178,11,167,154,154,9/2023,
922,P230800707,23-09-30,23-09-01,XLA25-1B-S,648,636,6,630,648,648,9/2023,
921,P230800706,23-09-30,23-09-01,XLA16-1B-S,330,327,0,327,330,330,9/2023,
920,P230800705,23-09-30,23-09-01,SY7000-20-1,84,79,4,75,84,84,9/2023,
919,P230800704,23-09-30,23-09-01,SY5000-20-1,270,164,17,147,270,270,9/2023,
945,P230800703,23-09-30,23-09-01,DXT201-13-13,320,380,12,368,320,320,9/2023,
944,P230800702,23-09-30,23-09-01,DXT192-11-3,756,790,5,785,756,756,9/2023,
943,P230800701,23-09-30,23-09-01,DXT156-10-11,200,185,4,181,200,200,9/2023,
942,P230800700,23-09-30,23-09-01,DXT155-38-1,420,348,15,333,420,420,9/2023,
913,P230800133,23-08-30,23-08-04,C2Q50A-AD140A20K,126,154,3,151,126,126,8/2023-BS,
912,P230701094,23-08-31,23-08-01,C2Q32A-AD138A20K,180,197,4,193,180,180,8/2023-BS,
911,P230701093,23-08-31,23-08-01,APTE00-96000152-D,352,380,25,355,352,352,8/2023-BS,
900,P230700263,23-08-31,23-08-01,P3311602-M,42,108,24,84,42,42,8/2023,
899,P230700262,23-08-31,23-08-01,VJ3000-20-10,154,175,6,169,154,154,8/2023,
898,P230700261,23-08-31,23-08-01,P5053-1082,105,107,2,105,105,105,8/2023,
897,P230700260,23-08-31,23-08-01,P4730001-D,300,415,13,402,300,300,8/2023,
896,P230700259,23-08-31,23-08-01,CQS16-04-F6465-K,140,166,0,166,140,140,8/2023,
895,P230700258,23-08-31,23-08-01,P6260301-D,168,175,7,168,168,168,8/2023,
894,P230700257,23-08-31,23-08-01,P4730003-D,252,307,27,280,252,252,8/2023,
893,P230700256,23-08-31,23-08-01,XLA40-1B-S,300,323,48,275,300,300,8/2023,
892,P230700255,23-08-31,23-08-01,XLA25-1B-S,540,556,1,555,540,540,8/2023,
891,P230700254,23-08-31,23-08-01,XLA16-1B-S,550,555,3,552,550,550,8/2023,
890,P230700253,23-08-31,23-08-01,SY5000-20-1,108,36,0,36,108,108,8/2023,
889,P230700252,23-08-31,23-08-01,DXT192-11-3,126,143,0,143,126,126,8/2023,
910,P230700251,23-08-31,23-08-01,DXT156-10-11,50,0,0,0,50,50,8/2023,
909,P230700250,23-08-31,23-08-01,DXT155-38-1,140,175,1,174,140,140,8/2023,
908,P230700249,23-08-31,23-08-01,APTE00-96000152-D,176,173,0,173,176,176,8/2023,
907,P230700248,23-08-31,23-08-01,C1G50L-AT035-30K,54,59,0,59,54,54,8/2023,
906,P230700247,23-08-31,23-08-01,C1G40L-AT034-30K,77,63,4,59,77,77,8/2023,
905,P230700246,23-08-31,23-08-01,C1G32L-AT033-30K,117,153,0,153,117,117,8/2023,
904,P230700245,23-08-31,23-08-01,C1G25K02-AM406,160,168,13,155,160,160,8/2023,
903,P230700244,23-08-31,23-08-01,C1G20K02-AM405,247,264,22,242,247,247,8/2023,
902,P230700243,23-08-31,23-08-01,C3G50K02-AG005,54,60,7,53,54,54,8/2023,
901,P230700242,23-08-31,23-08-01,C3G40K02-AG004,77,80,0,80,77,77,8/2023,
871,P230700120,23-07-28,23-07-11,DXT199-20-23,4,0,0,0,4,4,7/2023-BS,
862,P230602233,23-07-31,23-07-01,C2Q50A-AD140A20K,30,51,1,50,30,30,7/2023-BS,
860,P230600690,23-07-31,23-07-01,APTE00-96000152-D,176,189,25,164,176,176,7/2023,
859,P230600689,23-07-31,23-07-01,C1G63L-AT036-30K,84,107,23,84,84,84,7/2023,
858,P230600688,23-07-31,23-07-01,C3G63K02-AG006,112,130,15,115,112,112,7/2023,
857,P230600687,23-07-31,23-07-01,S502A61T20X05X27,375,346,4,342,375,375,7/2023,
856,P230600686,23-07-31,23-07-01,S502A61T63X13X20,35,38,5,33,35,35,7/2023,
855,P230600685,23-07-31,23-07-01,S502A61T50X13X27,60,71,1,70,60,60,7/2023,
854,P230600684,23-07-31,23-07-01,P5053-1083,96,102,2,100,96,96,7/2023,
853,P230600683,23-07-31,23-07-01,P5053-1082,105,157,38,119,105,105,7/2023,
852,P230600682,23-07-31,23-07-01,P4811201-M-1,"1,248","1,280",2,"1,278","1,248",1248,7/2023,
851,P230600681,23-07-31,23-07-01,P4811101-M-2,"1,088","1,156",27,"1,129","1,088",1088,7/2023,
850,P230600680,23-07-31,23-07-01,P4811001-M,418,520,1,519,418,418,7/2023,
849,P230600679,23-07-31,23-07-01,C2Q020K04-51396,288,203,3,200,288,288,7/2023,
848,P230600678,23-07-31,23-07-01,P3319101-M,476,570,0,570,476,476,7/2023,
847,P230600677,23-07-31,23-07-01,P6260301-D,504,536,9,527,504,504,7/2023,
846,P230600676,23-07-31,23-07-01,P6260201-D,224,349,6,343,224,224,7/2023,
845,P230600675,23-07-31,23-07-01,XLA16-1B-S,275,295,1,294,275,275,7/2023,
844,P230600674,23-07-31,23-07-01,VJ100-16-7,608,676,19,657,608,608,7/2023,
843,P230600673,23-07-31,23-07-01,DXT156-10-11,200,254,10,244,200,200,7/2023,
861,P230600672,23-07-31,23-07-01,DXT155-38-1,140,153,0,153,140,140,7/2023,
883,P230700220,23-07-28,23-07-01,P6260401-D,30,0,0,0,30,30,7/2023-BS,
882,P230700219,23-07-28,23-07-01,C2U20A-AS923-20K,363,0,0,0,363,363,7/2023-BS,
881,P230700218,23-07-28,23-07-01,P3315161-M,90,0,0,0,90,90,7/2023-BS,
880,P230700217,23-07-28,23-07-01,C2Q50-04-J0781-K,28,0,0,0,28,28,7/2023-BS,
879,P230700216,23-07-28,23-07-01,C2Q16A-AD368-20K,140,0,0,0,140,140,7/2023-BS,
878,P230700215,23-07-28,23-07-01,C2Q32-04-J0779-K,60,0,0,0,60,60,7/2023-BS,
877,P230700214,23-07-28,23-07-01,P4730004-D,144,129,25,104,144,144,7/2023-BS,
876,P230700213,23-07-28,23-07-01,C2Q50A-AD140A20K,30,0,0,0,30,30,7/2023-BS,
875,P230700212,23-07-28,23-07-01,P6260201-D,112,0,0,0,112,112,7/2023-BS,
874,P230700211,23-07-28,23-07-01,C2Q40-04-J0780-K,120,94,4,90,120,120,7/2023-BS,
873,P230700210,23-07-28,23-07-01,C2U32A-AS925-20K,49,60,5,55,49,49,7/2023-BS,
888,P230700209,23-07-28,23-07-01,MXH16-47A7630K-K,32,21,21,0,32,32,7/2023-BS,
887,P230700208,23-07-28,23-07-01,V100-75-25,150,0,0,0,150,150,7/2023-BS,
886,P230700207,23-07-28,23-07-01,P3801101-M,36,0,0,0,36,36,7/2023-BS,
885,P230700206,23-07-28,23-07-01,SY50M-20-E-1,40,0,0,0,40,40,7/2023-BS,
884,P230700205,23-07-28,23-07-01,SY30M-20-E-1,567,649,28,621,567,567,7/2023-BS,
870,P230700017,23-07-28,23-07-01,C2M040K03-68717B,13,24,2,22,13,13,7/2023-BS,
869,P230700016,23-07-28,23-07-01,C2M040K02-68717B,10,17,1,16,10,10,7/2023-BS,
868,P230700015,23-07-28,23-07-01,C2M032K03-68716B,20,0,0,0,20,20,7/2023-BS,
867,P230700014,23-07-28,23-07-01,C2M032K02-68716B,16,0,0,0,16,16,7/2023-BS,
866,P230700013,23-07-28,23-07-01,C2M025K03-68715B,18,32,0,32,18,18,7/2023-BS,
865,P230700012,23-07-28,23-07-01,C2M025K02-68715B,18,26,0,26,18,18,7/2023-BS,
864,P230700011,23-07-28,23-07-01,C2M020K03-68714B,18,24,0,24,18,18,7/2023-BS,
863,P230700010,23-07-28,23-07-01,C2M020K02-68714B,17,28,2,26,17,17,7/2023-BS,
837,P230600318,23-06-30,23-06-06,C2Q50A-AD140A20K,5,0,0,0,5,5,06/2023-BS,23-06-08
842,P230600434,23-06-30,23-06-01,C2Q50A-AD140A20K,5,0,0,0,5,5,06/2023-BS,
841,P230600433,23-06-30,23-06-01,C2Q16A-AD368-20K,1,0,0,0,1,1,06/2023-BS,
840,P230600347,23-06-30,23-06-01,C2Q32A-AD138A20K,10,0,0,0,10,10,06/2023-BS,
838,P230600334,23-06-30,23-06-01,C2Q50A-AD140A20K,5,0,0,0,5,5,06/2023-BS,23-06-26
836,P230600002,23-06-30,23-06-01,C2Q16A-AD368-20K,10,0,0,0,10,10,06/2023-BS,23-06-08
835,P230600001,23-06-30,23-06-01,APTE00-96000152-D,176,229,41,188,176,176,06/2023-BS,23-06-08
833,P230500961,23-06-30,23-06-01,P5053-1083,24,29,2,27,24,24,06/2023,23-05-30
832,P230500960,23-06-30,23-06-01,C2Q25A-AD137A20K,77,142,10,132,77,77,06/2023,23-05-30
831,P230500959,23-06-30,23-06-01,CQS16-04-F6463-K,140,217,13,204,140,140,06/2023,23-05-30
830,P230500958,23-06-30,23-06-01,C2Q016K04-56564,140,261,2,259,140,140,06/2023,23-05-30
829,P230500957,23-06-30,23-06-01,CQS25-04-F6467-K,77,87,3,84,77,77,06/2023,23-05-30
828,P230500956,23-06-30,23-06-01,P3801101-M,72,94,10,84,72,72,06/2023,23-05-30
827,P230500955,23-06-30,23-06-01,P3319101-M,476,519,0,519,476,476,06/2023,23-05-30
826,P230500954,23-06-30,23-06-01,P6260301-D,168,198,6,192,168,168,06/2023,23-05-30
825,P230500953,23-06-30,23-06-01,P4730005-D,144,157,7,150,144,144,06/2023,23-05-30
824,P230500952,23-06-30,23-06-01,XLA40-1B-S,320,371,27,344,320,320,06/2023,23-05-30
823,P230500951,23-06-30,23-06-01,XLA25-1B-S,180,181,7,174,180,180,06/2023,23-05-30
822,P230500950,23-06-30,23-06-01,SY50M-20-E-1,560,583,23,560,560,560,06/2023,23-05-30
821,P230500949,23-06-30,23-06-01,SY30M-20-E-1,"2,268","2,424",145,"2,279","2,268",2268,06/2023,23-05-30
820,P230500948,23-06-30,23-06-01,DXT201-13-13,80,95,14,81,80,80,06/2023,23-05-30
819,P230500947,23-06-30,23-06-01,DXT199-20-23,154,153,3,150,154,154,06/2023,23-05-30
834,P230500946,23-06-30,23-06-01,DXT155-38-1,70,86,3,83,70,70,06/2023,23-05-30
818,P230401249,23-05-31,23-05-04,P5053-1082,245,265,31,234,245,245,05/2023,
817,P230401248,23-05-31,23-05-04,P4811401-M-1,64,80,0,80,64,64,05/2023,
816,P230401247,23-05-31,23-05-04,MGJ06K-BA394-20K,238,312,4,308,238,238,05/2023,
815,P230401246,23-05-31,23-05-04,CXS20A-BA023-20K,462,386,57,329,462,462,05/2023,
814,P230401245,23-05-31,23-05-04,P3319401-M,140,180,21,159,140,140,05/2023,
813,P230401244,23-05-31,23-05-04,P3319301-M,297,353,4,349,297,297,05/2023,
812,P230401243,23-05-31,23-05-04,P3319201-M,462,507,3,504,462,462,05/2023,
811,P230401242,23-05-31,23-05-04,P3319101-M,238,208,0,208,238,238,05/2023,
810,P230401241,23-05-31,23-05-04,P6260201-D,280,260,4,256,280,280,05/2023,
809,P230401240,23-05-31,23-05-04,XLA40-1B-S,320,299,5,294,320,320,05/2023,
808,P230401239,23-05-31,23-05-04,XLA16-1B-S,275,184,2,182,275,275,05/2023,
807,P230401238,23-05-31,23-05-04,VJ100-16-7,"1,520",718,13,705,"1,520",1520,05/2023,
806,P230401237,23-05-31,23-05-04,SY50M-20-E-1,800,852,32,820,800,800,05/2023,
805,P230401236,23-05-31,23-05-04,SY30M-20-E-1,"1,260","1,331",54,"1,277","1,260",1260,05/2023,
804,P230401235,23-05-31,23-05-04,SY7000-20-1,84,95,2,93,84,84,05/2023,
803,P230401234,23-05-31,23-05-04,DXT155-38-1,70,64,0,64,70,70,05/2023,
802,P230401233,23-05-31,23-05-04,C3G63K02-AG006,56,71,4,67,56,56,05/2023,
784,P230400185,23-04-28,23-04-19,S501A61T23X10X30,4,0,0,0,4,4,04/2023-BS,23-04-21
783,P230400184,23-04-28,23-04-19,S501A61T19X08X30,4,28,16,12,4,4,04/2023-BS,23-04-21
782,P230400183,23-04-28,23-04-19,S501A61T14X06X30,4,52,42,10,4,4,04/2023-BS,23-04-21
781,P230400182,23-04-28,23-04-19,S500A61T20X05X30,5,22,17,5,5,5,04/2023-BS,23-04-21
780,P230400181,23-04-28,23-04-19,S500A61T16X05X30,5,32,27,5,5,5,04/2023-BS,23-04-21
779,P230400180,23-04-28,23-04-19,S500A61T12X04X30,7,52,45,7,7,7,04/2023-BS,23-04-21
778,P230400179,23-04-28,23-04-19,C2Q12G-P1280-30K,3,0,0,0,3,3,04/2023-BS,23-04-21
777,P230300933,23-04-28,23-04-01,XLS25-1-1B,144,167,17,150,144,144,04/2023,23-03-27
776,P230300932,23-04-28,23-04-01,P3315261-M,336,395,44,351,336,336,04/2023,23-03-27
775,P230300931,23-04-28,23-04-01,MB-32-32-C6776-K,108,134,17,117,108,108,04/2023,23-03-27
774,P230300930,23-04-28,23-04-01,C2P16K-AB842-20K,"1,792","1,911",88,"1,823","1,792",1792,04/2023,23-03-27
773,P230300929,23-04-28,23-04-01,C2Q012K04-56563,528,629,62,567,528,528,04/2023,23-03-27
772,P230300928,23-04-28,23-04-01,CXS20A-BA023-20K,462,499,45,454,462,462,04/2023,23-03-27
771,P230300927,23-04-28,23-04-01,P3800402-M-2,833,820,19,801,833,833,04/2023,23-03-27
770,P230300926,23-04-28,23-04-01,P3800302-M-1,171,181,10,171,171,171,04/2023,23-03-27
769,P230300925,23-04-28,23-04-01,P6260401-D,60,75,7,68,60,60,04/2023,23-03-27
768,P230300924,23-04-28,23-04-01,P6260301-D,168,170,18,152,168,168,04/2023,23-03-27
767,P230300923,23-04-28,23-04-01,P6260201-D,448,516,48,468,448,448,04/2023,23-03-27
766,P230300922,23-04-28,23-04-01,CUJ12A-AD252-20K,450,403,28,375,450,450,04/2023,23-03-27
765,P230300921,23-04-28,23-04-01,C2Q40-04-J0780-K,160,242,69,173,160,160,04/2023,23-03-27
764,P230300920,23-04-28,23-04-01,XLA40-1B-S,400,417,12,405,400,400,04/2023,23-03-27
763,P230300919,23-04-28,23-04-01,XLA25-1B-S,900,945,33,912,900,900,04/2023,23-03-27
762,P230300918,23-04-28,23-04-01,XLA16-1B-S,275,306,0,306,275,275,04/2023,23-03-27
761,P230300917,23-04-28,23-04-01,VJ100-16-7,304,"1,114",53,"1,061",304,304,04/2023,23-03-27
760,P230300916,23-04-28,23-04-01,SY50M-20-E-1,400,483,47,436,400,400,04/2023,23-03-27
759,P230300915,23-04-28,23-04-01,SY30M-20-E-1,630,663,31,632,630,630,04/2023,23-03-27
758,P230300914,23-04-28,23-04-01,SY7000-20-1,84,95,14,81,84,84,04/2023,23-03-27
757,P230300913,23-04-28,23-04-01,SY5000-20-1,108,240,3,237,108,108,04/2023,23-03-27
756,P230300912,23-04-28,23-04-01,DXT156-10-11,100,135,2,133,100,100,04/2023,23-03-27
755,P230300911,23-04-28,23-04-01,DXT155-38-1,140,131,6,125,140,140,04/2023,23-03-27
754,P230300910,23-04-28,23-04-01,APTE00-96000152-D,176,205,29,176,176,176,04/2023,23-03-27
752,P230300619,23-03-30,23-03-16,C2Q50G-F2256-30K,1,0,0,0,1,1,03/2023-BS,
751,P230300618,23-03-30,23-03-16,C2Q63G-F2257-20K,6,0,0,0,6,6,03/2023-BS,
753,P230300617,23-03-30,23-03-16,S500A61T63X14X20,6,0,0,0,6,6,03/2023-BS,
745,P230200557,23-03-30,23-03-01,V100-75-4,480,524,15,509,480,480,03/2023,
746,P230200556,23-03-30,23-03-01,P5053-1083,144,171,18,153,144,144,03/2023,
747,P230200555,23-03-30,23-03-01,P5053-1081,280,321,17,304,280,280,03/2023,
748,P230200554,23-03-30,23-03-01,P4811301-M-1,200,219,0,219,200,200,03/2023,
749,P230200553,23-03-30,23-03-01,P3318110-M,416,487,43,444,416,416,03/2023,
750,P230200552,23-03-30,23-03-01,P3315161-M,450,419,0,419,450,450,03/2023,
693,P230200551,23-03-30,23-03-01,DXT199-20-1,154,186,10,176,154,154,03/2023,
694,P230200550,23-03-30,23-03-01,C2U20A-AS923-20K,"1,331","1,367",4,"1,363","1,331",1331,03/2023,
695,P230200549,23-03-30,23-03-01,C2Q020K04-51396,384,473,1,472,384,384,03/2023,
696,P230200548,23-03-30,23-03-01,C2P16K-AB842-20K,"1,568","1,677",109,"1,568","1,568",1568,03/2023,
697,P230200547,23-03-30,23-03-01,C2P10K-AB841-20K,"3,060","3,182",122,"3,060","3,060",3060,03/2023,
698,P230200546,23-03-30,23-03-01,AXT835-30D-1,300,319,5,314,300,300,03/2023,
699,P230200545,23-03-30,23-03-01,AXT663-1-X448,352,428,31,397,352,352,03/2023,
700,P230200544,23-03-30,23-03-01,AXT663-1-X437,693,726,0,726,693,693,03/2023,
701,P230200543,23-03-30,23-03-01,CXS20A-BA023-20K,770,750,3,747,770,770,03/2023,
702,P230200542,23-03-30,23-03-01,CXS06A-R6000-20K,"1,404","1,503",30,"1,473","1,404",1404,03/2023,
703,P230200541,23-03-30,23-03-01,P3800402-M-2,595,611,0,611,595,595,03/2023,
704,P230200540,23-03-30,23-03-01,P3800302-M-1,684,599,8,591,684,684,03/2023,
705,P230200539,23-03-30,23-03-01,P3800202-M-1,242,0,0,0,242,242,03/2023,
706,P230200538,23-03-30,23-03-01,P6260401-D,300,310,5,305,300,300,03/2023,
707,P230200537,23-03-30,23-03-01,P6260301-D,336,398,43,355,336,336,03/2023,
708,P230200536,23-03-30,23-03-01,P6260201-D,224,261,139,122,224,224,03/2023,
709,P230200535,23-03-30,23-03-01,P6260101-D,288,351,71,280,288,288,03/2023,
710,P230200534,23-03-30,23-03-01,P4730004-D,864,894,2,892,864,864,03/2023,
711,P230200533,23-03-30,23-03-01,P4730003-D,"1,323","1,484",54,"1,430","1,323",1323,03/2023,
712,P230200532,23-03-30,23-03-01,P4730002-D,416,477,38,439,416,416,03/2023,
713,P230200531,23-03-30,23-03-01,CUJ16A-AD253-20K,728,861,59,802,728,728,03/2023,
714,P230200530,23-03-30,23-03-01,C2Q63-04-J0782AK,180,206,18,188,180,180,03/2023,
715,P230200529,23-03-30,23-03-01,C2Q50-04-J0781-K,112,131,0,131,112,112,03/2023,
716,P230200528,23-03-30,23-03-01,C2Q40-04-J0780-K,320,311,0,311,320,320,03/2023,
717,P230200527,23-03-30,23-03-01,XLA25-3-1B,216,233,29,204,216,216,03/2023,
718,P230200526,23-03-30,23-03-01,XLA40-1B-S,400,477,36,441,400,400,03/2023,
719,P230200525,23-03-30,23-03-01,XLA25-1B-S,540,487,6,481,540,540,03/2023,
720,P230200524,23-03-30,23-03-01,XLA16-1B-S,550,568,3,565,550,550,03/2023,
721,P230200523,23-03-30,23-03-01,VJ3000-20-1,462,448,36,412,462,462,03/2023,
722,P230200522,23-03-30,23-03-01,VJ100-16-7,"1,216","1,212",26,"1,186","1,216",1216,03/2023,
723,P230200521,23-03-30,23-03-01,SY50M-20-E-1,400,430,21,409,400,400,03/2023,
724,P230200520,23-03-30,23-03-01,SY3000-20-1,240,237,34,203,240,240,03/2023,
725,P230200519,23-03-30,23-03-01,DXT199-20-23,77,66,0,66,77,77,03/2023,
726,P230200518,23-03-30,23-03-01,DXT192-11-3,378,404,2,402,378,378,03/2023,
727,P230200517,23-03-30,23-03-01,DXT156-10-11,100,75,0,75,100,100,03/2023,
728,P230200516,23-03-30,23-03-01,DXT155-38-1,140,109,0,109,140,140,03/2023,
729,P230200515,23-03-30,23-03-01,APTE00-96000152-D,176,221,45,176,176,176,03/2023,
730,P230200514,23-03-30,23-03-01,CQS20-04-F6466-K,288,373,60,313,288,288,03/2023,
731,P230200513,23-03-30,23-03-01,CQS12-04-F6464-K,528,506,1,505,528,528,03/2023,
732,P230200512,23-03-30,23-03-01,CQS12-04-F6462-K,528,686,6,680,528,528,03/2023,
733,P230200423,23-03-30,23-03-01,C2Q50A-AD140A20K,90,126,6,120,90,90,03/2023,
734,P230200422,23-03-30,23-03-01,C2Q63G-F2257-20K,56,105,38,67,56,56,03/2023,
735,P230200421,23-03-30,23-03-01,C2Q50G-F2256-30K,120,153,15,138,120,120,03/2023,
736,P230200420,23-03-30,23-03-01,S502A61T63X13X20,105,116,11,105,105,105,03/2023,
737,P230200419,23-03-30,23-03-01,S502A61T50X13X27,180,191,11,180,180,180,03/2023,
738,P230200418,23-03-30,23-03-01,S500A61T63X14X20,140,246,87,159,140,140,03/2023,
739,P230200417,23-03-30,23-03-01,S500A61T50X14X30,120,138,5,133,120,120,03/2023,
740,P230200416,23-03-30,23-03-01,MGP40A-AC896-30K,120,145,18,127,120,120,03/2023,
741,P230200415,23-03-30,23-03-01,MGP32A-AC895-30K,165,190,25,165,165,165,03/2023,
742,P230200414,23-03-30,23-03-01,MGP16A-AC892-30K,340,365,25,340,340,340,03/2023,
743,P230200413,23-03-30,23-03-01,MGP12A-AC891-30K,95,110,2,108,95,95,03/2023,
744,P230200412,23-03-30,23-03-01,MGP16A-AC902-30K,85,99,0,99,85,85,03/2023,
692,P230200206,23-02-28,23-02-22,XLA40-1B-S,60,0,0,0,60,60,02/2023-BS,23-03-02
683,P230200146,23-02-28,23-02-09,CYV32C-R5503A20K,7,16,9,7,7,7,02/2023-BS,23-03-02
681,P230200032,23-02-28,23-02-03,C2J10M-AF112-25K,172,0,0,0,172,172,02/2023-BS,
682,P230200031,23-02-28,23-02-03,C2J16M-AF113-25K,58,0,0,0,58,58,02/2023-BS,
652,P230100489,23-02-28,23-02-01,C2J10L-AH082-30K,279,194,25,169,279,279,02/2023,
653,P230100488,23-02-28,23-02-01,C2Q40A-AD139A20K,48,54,2,52,48,48,02/2023,
654,P230100487,23-02-28,23-02-01,C2Q32A-AD138A20K,63,0,0,0,63,63,02/2023,
655,P230100486,23-02-28,23-02-01,C2Q20A-AD136A20K,96,190,78,112,96,96,02/2023,
656,P230100485,23-02-28,23-02-01,C2Q16A-AD368-20K,140,619,310,309,140,140,02/2023,
657,P230100484,23-02-28,23-02-01,C2Q12A-AD367-20K,176,232,40,192,176,176,02/2023,
658,P230100483,23-02-28,23-02-01,C1G63L-AT036-30K,56,62,6,56,56,56,02/2023,
659,P230100482,23-02-28,23-02-01,C1G50L-AT035-30K,162,179,4,175,162,162,02/2023,
660,P230100481,23-02-28,23-02-01,C1G40L-AT034-30K,154,192,13,179,154,154,02/2023,
661,P230100480,23-02-28,23-02-01,C1G32L-AT033-30K,234,260,18,242,234,234,02/2023,
662,P230100479,23-02-28,23-02-01,C1G25K02-AM406,320,424,100,324,320,320,02/2023,
663,P230100478,23-02-28,23-02-01,C1G20K02-AM405,494,976,138,838,494,494,02/2023,
664,P230100477,23-02-28,23-02-01,C3G50K02-AG005,162,278,20,258,162,162,02/2023,
665,P230100476,23-02-28,23-02-01,C3G40K02-AG004,231,256,16,240,231,231,02/2023,
666,P230100475,23-02-28,23-02-01,C3G32K02-AG003,351,446,60,386,351,351,02/2023,
667,P230100474,23-02-28,23-02-01,C3G25K02-AG002,480,526,46,480,480,480,02/2023,
668,P230100473,23-02-28,23-02-01,C3G20K02-AG001,741,797,9,788,741,741,02/2023,
669,P230100472,23-02-28,23-02-01,C2J16M-AF113-25K,464,540,16,524,464,464,02/2023,
670,P230100471,23-02-28,23-02-01,C2J10M-AF112-25K,946,"1,316",15,"1,301",946,946,02/2023,
671,P230100470,23-02-28,23-02-01,VJ300-8-5,672,778,4,774,672,672,02/2023,
672,P230100469,23-02-28,23-02-01,P62104001-D,720,704,34,670,720,720,02/2023,
673,P230100468,23-02-28,23-02-01,P4811301-M-1,500,519,0,519,500,500,02/2023,
674,P230100467,23-02-28,23-02-01,P4811001-M,418,440,1,439,418,418,02/2023,
675,P230100466,23-02-28,23-02-01,P3315161-M,720,874,6,868,720,720,02/2023,
676,P230100465,23-02-28,23-02-01,MXH16-47A7630K-K,960,"1,101",115,986,960,960,02/2023,
677,P230100464,23-02-28,23-02-01,C2U32A-AS925-20K,294,334,19,315,294,294,02/2023,
678,P230100463,23-02-28,23-02-01,C2U20A-AS923-20K,605,"1,033",5,"1,028",605,605,02/2023,
679,P230100462,23-02-28,23-02-01,AXT835-30D-1,"1,000",859,3,856,"1,000",1000,02/2023,
680,P230100461,23-02-28,23-02-01,AXT663-1-X437,770,766,1,765,770,770,02/2023,
633,P230100460,23-02-28,23-02-01,CXS20A-BA023-20K,385,413,4,409,385,385,02/2023,
634,P230100459,23-02-28,23-02-01,CXS06A-R6000-20K,468,512,25,487,468,468,02/2023,
635,P230100458,23-02-28,23-02-01,P3800502-M-2,234,307,15,292,234,234,02/2023,
636,P230100457,23-02-28,23-02-01,P3800302-M-1,"1,539","1,609",15,"1,594","1,539",1539,02/2023,
637,P230100456,23-02-28,23-02-01,P3800202-M-1,968,"1,154",7,"1,147",968,968,02/2023,
638,P230100455,23-02-28,23-02-01,P6260401-D,150,195,16,179,150,150,02/2023,
639,P230100454,23-02-28,23-02-01,CUJ20A-AD254-20K,528,556,39,517,396,528,02/2023,
640,P230100453,23-02-28,23-02-01,CUJ16A-AD253-20K,546,603,27,576,546,546,02/2023,
641,P230100452,23-02-28,23-02-01,CUJ12A-AD252-20K,675,894,191,703,675,675,02/2023,
642,P230100451,23-02-28,23-02-01,C2Q63-04-J0782AK,180,138,12,126,180,180,02/2023,
643,P230100450,23-02-28,23-02-01,C2Q32-04-J0779-K,180,205,4,201,180,180,02/2023,
644,P230100449,23-02-28,23-02-01,XLA25-1B-S,"1,080","1,289",154,"1,135","1,080",1080,02/2023,
645,P230100448,23-02-28,23-02-01,XLA16-1B-S,275,315,1,314,275,275,02/2023,
646,P230100447,23-02-28,23-02-01,VJ100-16-7,608,678,26,652,608,608,02/2023,
647,P230100446,23-02-28,23-02-01,SY50M-20-E-1,400,475,32,443,400,400,02/2023,
648,P230100445,23-02-28,23-02-01,SY5000-20-1,108,143,9,134,108,108,02/2023,
649,P230100444,23-02-28,23-02-01,DXT199-20-23,77,87,1,86,77,77,02/2023,
650,P230100443,23-02-28,23-02-01,DXT192-11-3,378,394,40,354,378,378,02/2023,
651,P230100442,23-02-28,23-02-01,DXT156-10-11,100,138,34,104,100,100,02/2023,
632,P230100074,23-01-31,23-01-05,XLA40-1B-S,1,27,2,25,1,1,01/2023-BS,
588,P221200577,23-01-31,23-01-01,VJ300-8-5,336,362,1,361,336,336,01/2023,
587,P221200576,23-01-31,23-01-01,P4811301-M-1,200,210,10,200,200,200,01/2023,
586,P221200575,23-01-31,23-01-01,P4811001-M,418,478,20,458,418,418,01/2023,
585,P221200574,23-01-31,23-01-01,P3315161-M,180,233,10,223,180,180,01/2023,
584,P221200573,23-01-31,23-01-01,C2U32A-AS925-20K,147,212,65,147,147,147,01/2023,
583,P221200572,23-01-31,23-01-01,C2U20A-AS923-20K,242,276,8,268,242,242,01/2023,
582,P221200571,23-01-31,23-01-01,C2U10A-AS921-20K,578,675,2,673,578,578,01/2023,
581,P221200570,23-01-31,23-01-01,AXT835-30D-1,500,692,19,673,500,500,01/2023,
631,P221200569,23-01-31,23-01-01,AXT663-1-X437,385,424,5,419,385,385,01/2023,
630,P221200568,23-01-31,23-01-01,CXS20A-BA023-20K,231,255,2,253,231,231,01/2023,
629,P221200567,23-01-31,23-01-01,CXS06A-R6000-20K,234,306,41,265,234,234,01/2023,
628,P221200566,23-01-31,23-01-01,P3319301-M,297,272,3,269,297,297,01/2023,
627,P221200565,23-01-31,23-01-01,P3319201-M,154,179,41,138,154,154,01/2023,
626,P221200564,23-01-31,23-01-01,P3319101-M,714,715,2,713,714,714,01/2023,
625,P221200563,23-01-31,23-01-01,P6260401-D,210,223,11,212,210,210,01/2023,
624,P221200562,23-01-31,23-01-01,SY50M-20-E-1,400,397,2,395,400,400,01/2023,
623,P221200561,23-01-31,23-01-01,DXT201-13-13,80,74,0,74,80,80,01/2023,
622,P221200560,23-01-31,23-01-01,DXT155-38-1,70,110,2,108,70,70,01/2023,
621,P221200559,23-01-31,23-01-01,C2J16L-AH081-30K,416,394,12,382,416,416,01/2023,
620,P221200558,23-01-31,23-01-01,C2J10L-AH082-30K,558,722,54,668,558,558,01/2023,
619,P221200557,23-01-31,23-01-01,C2Q40A-AD139A20K,96,136,5,131,96,96,01/2023,
618,P221200556,23-01-31,23-01-01,C2Q32A-AD138A20K,126,224,0,224,126,126,01/2023,
617,P221200555,23-01-31,23-01-01,C2Q20A-AD136A20K,192,228,24,204,192,192,01/2023,
616,P221200554,23-01-31,23-01-01,C2Q16A-AD368-20K,280,322,9,313,280,280,01/2023,
615,P221200553,23-01-31,23-01-01,C2Q12A-AD367-20K,352,418,4,414,352,352,01/2023,
614,P221200552,23-01-31,23-01-01,S500A61T63X14X20,175,224,29,195,175,175,01/2023,
613,P221200551,23-01-31,23-01-01,C2J06Y-AH080-30K,"1,170","1,254",216,"1,038","1,170",1170,01/2023,
612,P221200550,23-01-31,23-01-01,C2J06LBAH080-30K,"1,040","1,364",213,"1,151","1,040",1040,01/2023,
611,P221200549,23-01-31,23-01-01,C2J06LAAH080-30K,"1,368","1,416",42,"1,374","1,368",1368,01/2023,
610,P221200548,23-01-31,23-01-01,C1G40L-M3323-20K,108,120,12,108,108,108,01/2023,
609,P221200547,23-01-31,23-01-01,C1G32L-M3322-20K,154,169,15,154,154,154,01/2023,
608,P221200546,23-01-31,23-01-01,C2M040K03-68717B,168,184,16,168,168,168,01/2023,
607,P221200545,23-01-31,23-01-01,C2M040K02-68717B,168,161,18,143,168,168,01/2023,
606,P221200544,23-01-31,23-01-01,C2M032K03-68716B,270,316,23,293,270,270,01/2023,
605,P221200543,23-01-31,23-01-01,C2M032K02-68716B,270,269,4,265,270,270,01/2023,
604,P221200542,23-01-31,23-01-01,C2M025K03-68715B,340,350,28,322,340,340,01/2023,
603,P221200541,23-01-31,23-01-01,C2M025K02-68715B,170,188,18,170,170,170,01/2023,
602,P221200540,23-01-31,23-01-01,C2M020K03-68714B,273,324,51,273,273,273,01/2023,
601,P221200539,23-01-31,23-01-01,C2M020K02-68714B,273,292,46,246,273,273,01/2023,
600,P221200538,23-01-31,23-01-01,S502A61T32X06X27,160,128,0,128,160,160,01/2023,
599,P221200537,23-01-31,23-01-01,S502A61T25X06X27,252,286,34,252,252,252,01/2023,
598,P221200536,23-01-31,23-01-01,S502A61T20X05X27,375,492,63,429,375,375,01/2023,
597,P221200535,23-01-31,23-01-01,S501A61T43X16X30,84,109,0,109,84,84,01/2023,
596,P221200534,23-01-31,23-01-01,S501A61T35X16X30,270,312,7,305,270,270,01/2023,
595,P221200533,23-01-31,23-01-01,S501A61T27X12X30,418,444,49,395,418,418,01/2023,
594,P221200532,23-01-31,23-01-01,S501A61T23X10X30,286,358,45,313,286,286,01/2023,
593,P221200531,23-01-31,23-01-01,S501A61T19X08X30,832,920,114,806,832,832,01/2023,
592,P221200530,23-01-31,23-01-01,S500A61T40X10X30,104,0,0,0,104,104,01/2023,
591,P221200529,23-01-31,23-01-01,S500A61T32X08X30,144,175,4,171,144,144,01/2023,
590,P221200528,23-01-31,23-01-01,S500A61T25X06X30,240,360,58,302,240,240,01/2023,
589,P221200527,23-01-31,23-01-01,S500A61T16X05X30,522,444,14,430,522,522,01/2023,
579,P221200337,22-12-31,22-12-14,P3319101-M,238,284,7,277,238,238,12/2022-BS,
578,P221200331,22-12-31,22-12-14,SY7000-20-1,126,152,63,89,126,126,12/2022-BS,
577,P221200330,22-12-31,22-12-14,P6260401-D,150,195,51,144,150,150,12/2022-BS,
576,P221200329,22-12-31,22-12-14,XLA40-1B-S,100,177,42,135,100,100,12/2022-BS,
575,P221200328,22-12-31,22-12-14,S500A61T63X14X20,35,38,27,11,35,35,12/2022-BS,
574,P221200327,22-12-31,22-12-14,S500A61T50X14X30,60,69,9,60,60,60,12/2022-BS,
573,P221200326,22-12-31,22-12-14,C2Q63G-F2257-20K,28,61,33,28,28,28,12/2022-BS,
580,P221200325,22-12-31,22-12-14,C2Q50G-F2256-30K,60,85,18,67,60,60,12/2022-BS,
572,P221200288,22-12-31,22-12-07,S502A61T63X13X20,5,12,5,7,5,5,12/2022-BS,22-12-07
571,P221200192,22-12-31,22-12-06,P62104001-D,24,0,0,0,24,24,12/2022-BS,22-12-06
570,P221100646,22-12-31,22-12-01,APTE00-96000152-D,176,546,370,176,176,176,12/2022-BS,22-11-29
557,P221100581,22-12-31,22-12-01,VJ100-16-7,608,630,12,618,608,608,12/2022,
556,P221100580,22-12-31,22-12-01,VP300-22,432,555,82,473,432,432,12/2022,
555,P221100579,22-12-31,22-12-01,VJ3000-20-10,924,993,69,924,924,924,12/2022,
554,P221100578,22-12-31,22-12-01,V100-75-5,"1,485","1,707",179,"1,528","1,485",1485,12/2022,
553,P221100577,22-12-31,22-12-01,V100-75-25,900,"1,245",147,"1,098",900,900,12/2022,
552,P221100576,22-12-31,22-12-01,RHC32K27-82083A,672,735,40,695,672,672,12/2022,
551,P221100575,22-12-31,22-12-01,P62104001-D,336,456,46,410,336,336,12/2022,
550,P221100574,22-12-31,22-12-01,P4811501-M-1,588,614,26,588,588,588,12/2022,
549,P221100573,22-12-31,22-12-01,P4811401-M-1,576,653,77,576,576,576,12/2022,
548,P221100572,22-12-31,22-12-01,MXH16-47A7630K-K,480,598,112,486,480,480,12/2022,
547,P221100571,22-12-31,22-12-01,C2U25A-AS924-20K,"1,215","1,457",110,"1,347","1,215",1215,12/2022,
546,P221100570,22-12-31,22-12-01,C2Q040K31-49702A,70,79,9,70,70,70,12/2022,
545,P221100569,22-12-31,22-12-01,C2J06Y-AH080-30K,585,660,40,620,585,585,12/2022,
544,P221100568,22-12-31,22-12-01,S502A61T32X06X27,"1,408","1,516",49,"1,467","1,408",1408,12/2022,
543,P221100567,22-12-31,22-12-01,S502A61T25X06X27,"2,058","2,316",300,"2,016","2,058",2058,12/2022,
542,P221100566,22-12-31,22-12-01,S502A61T20X05X27,"4,950","5,148",252,"4,896","4,950",4950,12/2022,
541,P221100565,22-12-31,22-12-01,S500A61T32X08X30,"1,936","2,116",131,"1,985","1,936",1936,12/2022,
540,P221100564,22-12-31,22-12-01,S500A61T25X06X30,560,784,191,593,560,560,12/2022,
569,P221100563,22-12-31,22-12-01,S500A61T20X05X30,"4,896","5,192",398,"4,794","4,896",4896,12/2022,
568,P221100562,22-12-31,22-12-01,S500A61T16X05X30,580,698,62,636,580,580,12/2022,
567,P221100561,22-12-31,22-12-01,P3800402-M-2,595,657,64,593,595,595,12/2022,
566,P221100560,22-12-31,22-12-01,P3319301-M,198,219,22,197,198,198,12/2022,
565,P221100559,22-12-31,22-12-01,P6260301-D,336,322,55,267,336,336,12/2022,
564,P221100558,22-12-31,22-12-01,P6260201-D,448,694,188,506,448,448,12/2022,
563,P221100557,22-12-31,22-12-01,P6260101-D,"1,008","1,037",47,990,"1,008",1008,12/2022,
562,P221100556,22-12-31,22-12-01,C2Q32-04-J0779-K,240,252,0,252,240,240,12/2022,
561,P221100555,22-12-31,22-12-01,XLA25-1B-S,540,663,122,541,540,540,12/2022,
560,P221100554,22-12-31,22-12-01,SY50M-20-E-1,160,292,121,171,160,160,12/2022,
559,P221100553,22-12-31,22-12-01,DXT156-10-11,100,143,29,114,100,100,12/2022,
558,P221100552,22-12-31,22-12-01,DXT155-38-1,140,153,11,142,140,140,12/2022,
539,P221100526,22-11-30,22-11-21,SY7000-20-1,42,63,1,62,42,42,11/2022-BS,22-11-21
538,P221100320,22-11-30,22-11-04,APTE00-96000152-D,10,15,13,2,10,10,11/2022-BS,22-11-04
517,P221001281,22-11-30,22-11-01,APTE00-96000152-D,176,198,14,184,176,176,11/2022,
516,P221001280,22-11-30,22-11-01,P5053-1083,144,138,4,134,144,144,11/2022,
515,P221001279,22-11-30,22-11-01,P5053-1082,70,64,3,61,70,70,11/2022,
514,P221001278,22-11-30,22-11-01,P5053-1081,560,550,1,549,560,560,11/2022,
513,P221001277,22-11-30,22-11-01,MGJ10K-BA395-20K,"2,925","3,152",227,"2,925","2,925",2925,11/2022,
512,P221001276,22-11-30,22-11-01,MGJ06K-BA394-20K,238,259,0,259,238,238,11/2022,
511,P221001275,22-11-30,22-11-01,MB-40-32-C6777-K,864,"1,009",121,888,864,864,11/2022,
510,P221001274,22-11-30,22-11-01,MB-32-32-C6776-K,108,144,36,108,108,108,11/2022,
509,P221001273,22-11-30,22-11-01,DXT199-20-1,308,338,30,308,308,308,11/2022,
508,P221001272,22-11-30,22-11-01,AXT663-1-X439,882,928,46,882,882,882,11/2022,
507,P221001271,22-11-30,22-11-01,C2J06Y-AH080-30K,585,594,3,591,585,585,11/2022,
506,P221001270,22-11-30,22-11-01,C2J06LBAH080-30K,"1,040","1,076",26,"1,050","1,040",1040,11/2022,
505,P221001269,22-11-30,22-11-01,C2J06LAAH080-30K,456,432,1,431,456,456,11/2022,
504,P221001268,22-11-30,22-11-01,S502A61T32X06X27,"4,224","4,093",75,"4,018","4,224",4224,11/2022,
503,P221001267,22-11-30,22-11-01,S502A61T25X06X27,"2,646","2,774",86,"2,688","2,646",2646,11/2022,
502,P221001266,22-11-30,22-11-01,S500A61T32X08X30,"1,232","1,047",3,"1,044","1,232",1232,11/2022,
501,P221001265,22-11-30,22-11-01,S500A61T25X06X30,"4,200","4,760",588,"4,172","4,200",4200,11/2022,
500,P221001264,22-11-30,22-11-01,S500A61T20X05X30,"2,856","2,965",24,"2,941","2,856",2856,11/2022,
499,P221001263,22-11-30,22-11-01,S500A61T16X05X30,"8,120","7,848",93,"7,755","8,120",8120,11/2022,
498,P221001262,22-11-30,22-11-01,S500A61T12X04X30,"6,734","7,324",664,"6,660","6,734",6734,11/2022,
497,P221001261,22-11-30,22-11-01,P3800602-M-2,200,207,0,207,200,200,11/2022,
496,P221001260,22-11-30,22-11-01,P3800502-M-2,390,373,12,361,390,390,11/2022,
495,P221001259,22-11-30,22-11-01,P3800402-M-2,476,474,0,474,476,476,11/2022,
494,P221001258,22-11-30,22-11-01,P3800302-M-1,513,493,0,493,513,513,11/2022,
493,P221001257,22-11-30,22-11-01,P3800202-M-1,484,514,1,513,484,484,11/2022,
535,P221001256,22-11-30,22-11-01,P3319201-M,308,303,0,303,308,308,11/2022,
534,P221001255,22-11-30,22-11-01,P6260301-D,924,"1,144",94,"1,050",924,924,11/2022,
533,P221001254,22-11-30,22-11-01,P6260201-D,448,482,22,460,448,448,11/2022,
532,P221001253,22-11-30,22-11-01,CUJ20A-AD254-20K,528,545,18,527,528,528,11/2022,
531,P221001252,22-11-30,22-11-01,C2Q63-04-J0782AK,54,59,4,55,54,54,11/2022,
530,P221001251,22-11-30,22-11-01,C2Q40-04-J0780-K,160,151,1,150,160,160,11/2022,
529,P221001250,22-11-30,22-11-01,C2Q32-04-J0779-K,120,134,44,90,120,120,11/2022,
528,P221001249,22-11-30,22-11-01,XLA25-1B-S,576,597,9,588,576,576,11/2022,
527,P221001248,22-11-30,22-11-01,XLA16-1B-S,275,372,102,270,275,275,11/2022,
526,P221001247,22-11-30,22-11-01,VJ3000-20-1,308,359,1,358,308,308,11/2022,
525,P221001246,22-11-30,22-11-01,VJ100-16-7,608,706,94,612,608,608,11/2022,
524,P221001245,22-11-30,22-11-01,SY50M-20-E-1,320,303,19,284,320,320,11/2022,
523,P221001244,22-11-30,22-11-01,SY30M-20-E-1,630,795,164,631,630,630,11/2022,
522,P221001243,22-11-30,22-11-01,SY5000-20-1,270,379,69,310,270,270,11/2022,
521,P221001242,22-11-30,22-11-01,SY3000-20-1,320,337,0,337,320,320,11/2022,
520,P221001241,22-11-30,22-11-01,DXT201-13-13,80,79,1,78,80,80,11/2022,
519,P221001240,22-11-30,22-11-01,DXT156-10-11,150,170,3,167,150,150,11/2022,
518,P221001239,22-11-30,22-11-01,DXT155-38-1,140,132,19,113,140,140,11/2022,
492,P221001144,22-10-31,22-10-27,DXT192-11-3,3,0,0,0,3,3,10/2022-BS,22-10-27
491,P221000835,22-10-31,22-10-18,P6260101-D,72,0,0,0,72,72,10/2022-BS,
490,P221000834,22-10-31,22-10-18,C2Q32-04-J0779-K,60,0,0,0,60,60,10/2022-BS,
489,P221000833,22-10-31,22-10-18,XLA40-1B-S,100,141,31,110,100,100,10/2022-BS,
487,P220900747,22-10-31,22-10-01,C2J16L-AH081-30K,50,110,26,84,50,50,10/2022,22-09-22
486,P220900746,22-10-31,22-10-01,S500A61T63X14X20,315,339,0,339,315,315,10/2022,22-09-22
485,P220900745,22-10-31,22-10-01,MGP40A-AC896-30K,180,236,13,223,180,180,10/2022,22-09-22
484,P220900744,22-10-31,22-10-01,MGP32A-AC895-30K,594,675,48,627,594,594,10/2022,22-09-22
483,P220900743,22-10-31,22-10-01,MGP25A-AC894-30K,576,676,35,641,576,576,10/2022,22-09-22
482,P220900742,22-10-31,22-10-01,MGP20A-AC893-30K,224,257,12,245,224,224,10/2022,22-09-22
481,P220900741,22-10-31,22-10-01,C2J06LAAH080-30K,20,0,0,0,20,20,10/2022,22-09-22
480,P220900740,22-10-31,22-10-01,C2M025K02-68715B,204,214,10,204,204,204,10/2022,22-09-22
479,P220900739,22-10-31,22-10-01,MGP40A-AC896-30K,30,0,0,0,30,30,10/2022,22-09-22
478,P220900738,22-10-31,22-10-01,MGP32A-AC895-30K,33,0,0,0,33,33,10/2022,22-09-22
477,P220900737,22-10-31,22-10-01,MGP25A-AC894-30K,48,0,0,0,48,48,10/2022,22-09-22
476,P220900736,22-10-31,22-10-01,MGP20A-AC893-30K,56,82,47,35,56,56,10/2022,22-09-22
475,P220900735,22-10-31,22-10-01,MGP16A-AC892-30K,51,35,0,35,51,51,10/2022,22-09-22
474,P220900734,22-10-31,22-10-01,MGP12A-AC891-30K,57,56,0,56,57,57,10/2022,22-09-22
473,P220900733,22-10-31,22-10-01,MGP40A-AC906-30K,30,106,4,102,30,30,10/2022,22-09-22
472,P220900732,22-10-31,22-10-01,MGP32A-AC905-30K,33,39,6,33,33,33,10/2022,22-09-22
471,P220900731,22-10-31,22-10-01,MGP25A-AC904-30K,48,52,0,52,48,48,10/2022,22-09-22
470,P220900730,22-10-31,22-10-01,MGP20A-AC903-30K,56,63,7,56,56,56,10/2022,22-09-22
469,P220900729,22-10-31,22-10-01,MGP16A-AC902-30K,51,77,0,77,51,51,10/2022,22-09-22
468,P220900728,22-10-31,22-10-01,MGP12A-AC901-30K,57,84,0,84,57,57,10/2022,22-09-22
467,P220900727,22-10-31,22-10-01,C2J06LAAH080-30K,456,446,35,411,456,456,10/2022,22-09-22
466,P220900726,22-10-31,22-10-01,S502A61T32X06X27,"2,112","2,329",30,"2,299","2,112",2112,10/2022,22-09-22
465,P220900725,22-10-31,22-10-01,S502A61T25X06X27,"1,764","1,752",26,"1,726","1,764",1764,10/2022,22-09-22
464,P220900724,22-10-31,22-10-01,S502A61T20X05X27,"1,350","1,422",16,"1,406","1,350",1350,10/2022,22-09-22
463,P220900723,22-10-31,22-10-01,S500A61T32X08X30,"1,232","1,440",27,"1,413","1,232",1232,10/2022,22-09-22
462,P220900722,22-10-31,22-10-01,S500A61T20X05X30,"2,856","2,906",33,"2,873","2,856",2856,10/2022,22-09-22
461,P220900721,22-10-31,22-10-01,S500A61T16X05X30,"4,060","4,574",113,"4,461","4,060",4060,10/2022,22-09-22
460,P220900720,22-10-31,22-10-01,P5053-1083,72,86,4,82,72,72,10/2022,22-09-22
459,P220900719,22-10-31,22-10-01,P5053-1082,70,92,1,91,70,70,10/2022,22-09-22
458,P220900718,22-10-31,22-10-01,P5053-1081,280,298,7,291,280,280,10/2022,22-09-22
457,P220900717,22-10-31,22-10-01,P3800602-M-2,500,507,3,504,500,500,10/2022,22-09-22
456,P220900716,22-10-31,22-10-01,P3800502-M-2,858,593,0,593,858,858,10/2022,22-09-22
455,P220900715,22-10-31,22-10-01,P3800402-M-2,714,588,1,587,714,714,10/2022,22-09-22
454,P220900714,22-10-31,22-10-01,P3800302-M-1,"1,197",649,0,649,"1,197",1197,10/2022,22-09-22
453,P220900713,22-10-31,22-10-01,P3800102-M-1,650,638,9,629,650,650,10/2022,22-09-22
452,P220900712,22-10-31,22-10-01,P3319401-M,210,203,2,201,210,210,10/2022,22-09-22
451,P220900711,22-10-31,22-10-01,P3319201-M,308,318,0,318,308,308,10/2022,22-09-22
450,P220900710,22-10-31,22-10-01,P3319101-M,238,234,1,233,238,238,10/2022,22-09-22
449,P220900709,22-10-31,22-10-01,P4730004-D,144,143,0,143,144,144,10/2022,22-09-22
448,P220900708,22-10-31,22-10-01,CUJ16A-AD253-20K,546,611,141,470,546,546,10/2022,22-09-22
447,P220900707,22-10-31,22-10-01,CUJ12A-AD252-20K,675,785,81,704,675,675,10/2022,22-09-22
446,P220900706,22-10-31,22-10-01,C2Q50-04-J0781-K,84,87,0,87,84,84,10/2022,22-09-22
445,P220900705,22-10-31,22-10-01,XLA25-1B-S,504,502,19,483,504,504,10/2022,22-09-22
444,P220900704,22-10-31,22-10-01,XLA16-1B-S,440,458,17,441,440,440,10/2022,22-09-22
443,P220900703,22-10-31,22-10-01,VJ3000-20-1,616,624,45,579,616,616,10/2022,22-09-22
442,P220900702,22-10-31,22-10-01,VJ100-16-7,304,292,0,292,304,304,10/2022,22-09-22
441,P220900701,22-10-31,22-10-01,SY50M-20-E-1,"1,040","1,074",17,"1,057","1,040",1040,10/2022,22-09-22
440,P220900700,22-10-31,22-10-01,SY30M-20-E-1,"1,638","1,757",143,"1,614","1,638",1638,10/2022,22-09-22
439,P220900699,22-10-31,22-10-01,DXT199-20-23,77,114,2,112,77,77,10/2022,22-09-22
488,P220901230,22-10-31,22-09-29,DXT192-11-3,1,28,0,28,1,1,10/2022-BS,22-09-29
438,P220900333,22-09-30,22-09-12,VJ100-16-7,304,0,0,0,304,304,09/2022-BS,
437,P220900332,22-09-30,22-09-12,C1G63L-AT036-30K,20,0,0,0,20,20,09/2022-BS,
436,P220900331,22-09-30,22-09-12,C1G50L-AT035-30K,20,0,0,0,20,20,09/2022-BS,
435,P220900330,22-09-30,22-09-12,C1G40L-AT034-30K,20,0,0,0,20,20,09/2022-BS,
434,P220900329,22-09-30,22-09-12,C1G32L-AT033-30K,20,0,0,0,20,20,09/2022-BS,
433,P220900324,22-09-30,22-09-12,C1G25K02-AM406,20,0,0,0,20,20,09/2022-BS,
432,P220900320,22-09-30,22-09-12,C1G20K02-AM405,20,0,0,0,20,20,09/2022-BS,
431,P220900316,22-09-30,22-09-12,C3G63K02-AG006,20,0,0,0,20,20,09/2022-BS,
430,P220900315,22-09-30,22-09-12,C3G50K02-AG005,20,0,0,0,20,20,09/2022-BS,
429,P220900314,22-09-30,22-09-12,C3G40K02-AG004,20,0,0,0,20,20,09/2022-BS,
428,P220900313,22-09-30,22-09-12,C3G32K02-AG003,20,0,0,0,20,20,09/2022-BS,
427,P220900312,22-09-30,22-09-12,C3G25K02-AG002,20,0,0,0,20,20,09/2022-BS,
426,P220900311,22-09-30,22-09-12,C3G20K02-AG001,20,0,0,0,20,20,09/2022-BS,
425,P220900310,22-09-30,22-09-12,DXT156-10-11,50,0,0,0,50,50,09/2022-BS,
424,P220900309,22-09-30,22-09-12,DXT199-20-23,77,0,0,0,77,77,09/2022-BS,
423,P220900308,22-09-30,22-09-12,P6260401-D,30,44,10,34,30,30,09/2022-BS,
422,P220900307,22-09-30,22-09-12,P6260301-D,84,0,0,0,84,84,09/2022-BS,
421,P220900007,22-09-30,22-09-01,DXT192-11-3,1,0,0,0,1,1,09/2022-BS,22-09-01
420,P220800452,22-09-29,22-09-01,S502A61T40X09X27,"2,574","2,641",29,"2,612","2,574",2574,09/2022,
419,P220800451,22-09-29,22-09-01,S500A61T40X10X30,"2,691","2,749",26,"2,723","2,691",2691,09/2022,
418,P220800450,22-09-29,22-09-01,S500A61T25X06X30,"3,080","3,034",40,"2,994","3,080",3080,09/2022,
417,P220800449,22-09-29,22-09-01,P3800602-M-2,400,389,0,389,400,400,09/2022,
416,P220800448,22-09-29,22-09-01,P3800502-M-2,936,966,0,966,936,936,09/2022,
415,P220800447,22-09-29,22-09-01,P3800402-M-2,"1,190","1,299",6,"1,293","1,190",1190,09/2022,
414,P220800446,22-09-29,22-09-01,P3800302-M-1,"3,078","3,633",7,"3,626","3,078",3078,09/2022,
413,P220800445,22-09-29,22-09-01,P3800202-M-1,"2,178","2,114",1,"2,113","2,178",2178,09/2022,
412,P220800444,22-09-29,22-09-01,P3800102-M-1,975,854,6,848,975,975,09/2022,
411,P220800443,22-09-29,22-09-01,P3319401-M,140,115,10,105,140,140,09/2022,
410,P220800442,22-09-29,22-09-01,P6260101-D,"1,080","1,155",20,"1,135","1,080",1080,09/2022,
409,P220800441,22-09-29,22-09-01,P4730003-D,441,383,0,383,441,441,09/2022,
408,P220800440,22-09-29,22-09-01,P4730002-D,208,238,30,208,208,208,09/2022,
407,P220800439,22-09-29,22-09-01,MYB20LAA7164-20K,560,620,8,612,560,560,09/2022,
406,P220800438,22-09-29,22-09-01,MYB16LAA7163-20K,352,340,1,339,352,352,09/2022,
405,P220800437,22-09-29,22-09-01,CUJ20A-AD254-20K,660,657,15,642,660,660,09/2022,
404,P220800436,22-09-29,22-09-01,C2Q63-04-J0782AK,180,179,0,179,180,180,09/2022,
403,P220800435,22-09-29,22-09-01,C2Q40-04-J0780-K,480,489,0,489,480,480,09/2022,
402,P220800434,22-09-29,22-09-01,C2Q32-04-J0779-K,420,479,2,477,420,420,09/2022,
401,P220800433,22-09-29,22-09-01,XLA25-3-1B,216,215,0,215,216,216,09/2022,
400,P220800432,22-09-29,22-09-01,XLA16-3-1B,154,134,1,133,154,154,09/2022,
399,P220800431,22-09-29,22-09-01,XLA25-1B-S,540,648,18,630,540,540,09/2022,22-08-31
398,P220800430,22-09-29,22-09-01,VJ100-16-7,"1,520","1,676",12,"1,664","1,520",1520,09/2022,
397,P220800429,22-09-29,22-09-01,SY50M-20-E-1,800,748,15,733,800,800,09/2022,
396,P220800428,22-09-29,22-09-01,SY30M-20-E-1,"1,638","1,703",74,"1,629","1,638",1638,09/2022,
395,P220800427,22-09-29,22-09-01,SY5000-20-1,270,274,20,254,270,270,09/2022,
394,P220800426,22-09-29,22-09-01,SY3000-20-1,400,371,1,370,400,400,09/2022,
393,P220800425,22-09-29,22-09-01,DXT192-11-3,378,386,28,358,378,378,09/2022,
392,P220800424,22-09-29,22-09-01,DXT156-10-11,150,169,9,160,150,150,09/2022,
391,P220800423,22-09-29,22-09-01,DXT155-38-1,210,220,0,220,210,210,09/2022,
390,P220800274,22-08-31,22-08-16,DXT192-11-3,1,0,0,0,1,1,08/2022-BS,22-08-16
389,P220800093,22-08-31,22-08-02,S502A61T63X13X20,5,13,13,0,5,5,08/2022-BS,22-08-02
388,P220800092,22-08-31,22-08-02,S502A61T50X13X27,5,16,5,11,5,5,08/2022-BS,22-08-02
386,P220700275,22-08-31,22-08-01,MGP40A-AC896-30K,90,81,7,74,90,90,08/2022,
385,P220700274,22-08-31,22-08-01,MGP32A-AC895-30K,99,71,1,70,99,99,08/2022,
384,P220700273,22-08-31,22-08-01,MGP25A-AC894-30K,144,146,19,127,144,144,08/2022,
383,P220700272,22-08-31,22-08-01,MGP20A-AC893-30K,224,215,8,207,224,224,08/2022,
382,P220700271,22-08-31,22-08-01,MGP40A-AC906-30K,90,93,14,79,90,90,08/2022,
381,P220700270,22-08-31,22-08-01,MGP32A-AC905-30K,99,89,13,76,99,99,08/2022,
380,P220700269,22-08-31,22-08-01,MGP25A-AC904-30K,144,154,12,142,144,144,08/2022,
379,P220700268,22-08-31,22-08-01,MGP20A-AC903-30K,224,246,30,216,224,224,08/2022,
378,P220700267,22-08-31,22-08-01,MGP16A-AC902-30K,255,246,11,235,255,255,08/2022,
377,P220700266,22-08-31,22-08-01,MGP12A-AC901-30K,342,362,10,352,342,342,08/2022,
376,P220700265,22-08-31,22-08-01,S502A61T40X09X27,"2,574","2,665",48,"2,617","2,574",2574,08/2022,
375,P220700264,22-08-31,22-08-01,S502A61T25X06X27,"2,646","2,736",100,"2,636","2,646",2646,08/2022,
374,P220700263,22-08-31,22-08-01,S500A61T40X10X30,"2,691","2,885",37,"2,848","2,691",2691,08/2022,
373,P220700262,22-08-31,22-08-01,S500A61T32X08X30,"2,112","2,140",21,"2,119","2,112",2112,08/2022,
372,P220700261,22-08-31,22-08-01,P3800502-M-2,"1,482","1,558",0,"1,558","1,482",1482,08/2022,
371,P220700260,22-08-31,22-08-01,P3800402-M-2,"1,547","1,621",13,"1,608","1,547",1547,08/2022,
370,P220700259,22-08-31,22-08-01,P3319301-M,198,227,0,227,198,198,08/2022,
369,P220700258,22-08-31,22-08-01,P3319201-M,308,319,0,319,308,308,08/2022,
368,P220700257,22-08-31,22-08-01,P3319101-M,238,130,0,130,238,238,08/2022,
367,P220700256,22-08-31,22-08-01,P6260101-D,576,711,24,687,576,576,08/2022,
366,P220700255,22-08-31,22-08-01,CUJ20A-AD254-20K,792,821,52,769,792,792,08/2022,
365,P220700254,22-08-31,22-08-01,CUJ16A-AD253-20K,"1,092","1,309",142,"1,167","1,092",1092,08/2022,
364,P220700253,22-08-31,22-08-01,C2Q63-04-J0782AK,180,179,2,177,180,180,08/2022,
363,P220700252,22-08-31,22-08-01,XLA25-1B-S,540,487,12,475,540,540,08/2022,
362,P220700251,22-08-31,22-08-01,XLA16-1B-S,550,558,0,558,550,550,08/2022,
361,P220700250,22-08-31,22-08-01,VJ100-16-7,"1,216","1,338",1,"1,337","1,216",1216,08/2022,
360,P220700249,22-08-31,22-08-01,SY50M-20-E-1,400,470,8,462,400,400,08/2022,
359,P220700248,22-08-31,22-08-01,SY30M-20-E-1,"1,638","1,587",4,"1,583","1,638",1638,08/2022,
387,TAM-MSQ50,22-08-31,22-07-27,P6260401-D,300,69,69,0,0,,,
214,P220700131,22-07-31,22-07-07,MGP40A-AC896-30K,30,64,18,46,30,30,07/2022-BS,22-07-08
213,P220700130,22-07-31,22-07-07,MGP32A-AC895-30K,30,61,2,59,30,30,07/2022-BS,22-07-08
212,P220700129,22-07-31,22-07-07,MGP25A-AC894-30K,30,47,0,47,30,30,07/2022-BS,22-07-08
211,P220700128,22-07-31,22-07-07,MGP20A-AC893-30K,30,47,0,47,30,30,07/2022-BS,22-07-08
208,P220700127,22-07-31,22-07-07,MGP40A-AC906-30K,30,49,8,41,30,30,07/2022-BS,22-07-08
205,P220700126,22-07-31,22-07-07,MGP20A-AC903-30K,30,38,0,38,30,30,07/2022-BS,22-07-08
207,P220700125,22-07-31,22-07-07,MGP32A-AC905-30K,30,57,4,53,30,30,07/2022-BS,22-07-08
206,P220700124,22-07-31,22-07-07,MGP25A-AC904-30K,30,50,6,44,30,30,07/2022-BS,22-07-08
204,P220700123,22-07-31,22-07-07,MGP16A-AC902-30K,30,50,0,50,30,30,07/2022-BS,22-07-08
203,P220700122,22-07-31,22-07-07,MGP12A-AC901-30K,30,42,0,42,30,30,07/2022-BS,22-07-08
358,P220700090,22-07-31,22-07-05,S502A61T40X09X27,66,0,0,0,66,66,07/2022-BS,
357,P220700089,22-07-31,22-07-05,S500A61T40X10X30,96,0,0,0,96,96,07/2022-BS,
356,P220700088,22-07-31,22-07-05,S500A61T25X06X30,83,138,5,133,83,83,07/2022-BS,
355,P220700087,22-07-31,22-07-05,S500A61T12X04X30,919,0,0,0,919,919,07/2022-BS,
354,P220700001,22-07-31,22-07-01,C2J06LAAH080-30K,12,0,0,0,12,12,07/2022-BS,22-07-01
352,P220600906,22-07-31,22-07-01,S502A61T40X09X27,"2,508","2,638",42,"2,596","2,508",2508,07/2022-BS,
351,P220600905,22-07-31,22-07-01,S500A61T40X10X30,"2,595","2,789",56,"2,733","2,595",2595,07/2022-BS,
350,P220600904,22-07-31,22-07-01,S500A61T25X06X30,"2,997","3,634",554,"3,080","2,997",2997,07/2022-BS,
349,P220600903,22-07-31,22-07-01,S500A61T12X04X30,"3,891","5,168",188,"4,980","3,891",3891,07/2022-BS,
348,P220600173,22-07-31,22-07-01,C1G40L-M3323-20K,54,76,5,71,54,54,07/2022,
347,P220600172,22-07-31,22-07-01,C1G32L-M3322-20K,77,125,2,123,77,77,07/2022,
346,P220600171,22-07-31,22-07-01,C2M040K03-68717B,96,112,16,96,96,96,07/2022,
345,P220600170,22-07-31,22-07-01,C2M040K02-68717B,96,126,5,121,96,96,07/2022,
344,P220600169,22-07-31,22-07-01,C2M032K03-68716B,150,195,22,173,150,150,07/2022,
343,P220600168,22-07-31,22-07-01,C2M032K02-68716B,150,209,2,207,150,150,07/2022,
342,P220600167,22-07-31,22-07-01,P3800602-M-2,750,765,2,763,750,750,07/2022,
341,P220600166,22-07-31,22-07-01,P3800502-M-2,"2,730","2,914",20,"2,894","2,730",2730,07/2022,
340,P220600165,22-07-31,22-07-01,P3800402-M-2,"2,380","2,354",2,"2,352","2,380",2380,07/2022,
339,P220600164,22-07-31,22-07-01,P3800302-M-1,"3,420","3,401",1,"3,400","3,420",3420,07/2022,
338,P220600163,22-07-31,22-07-01,P3800202-M-1,"2,420","2,470",11,"2,459","2,420",2420,07/2022,
337,P220600162,22-07-31,22-07-01,P3800102-M-1,"2,925","3,010",27,"2,983","2,925",2925,07/2022,
336,P220600161,22-07-31,22-07-01,P6260301-D,378,656,238,418,378,378,07/2022,
335,P220600160,22-07-31,22-07-01,P6260201-D,280,305,0,305,280,280,07/2022,
334,P220600159,22-07-31,22-07-01,P6260101-D,720,708,103,605,720,720,07/2022,
333,P220600158,22-07-31,22-07-01,P4730005-D,240,248,9,239,240,240,07/2022,
332,P220600157,22-07-31,22-07-01,P4730004-D,720,694,0,694,720,720,07/2022,
331,P220600156,22-07-31,22-07-01,C2Q50-04-J0781-K,28,0,0,0,28,28,07/2022,
330,P220600155,22-07-31,22-07-01,C2Q40-04-J0780-K,400,415,1,414,400,400,07/2022,
329,P220600154,22-07-31,22-07-01,C2Q32-04-J0779-K,420,457,4,453,420,420,07/2022,
328,P220600153,22-07-31,22-07-01,XLA40-1B-S,40,0,0,0,40,40,07/2022,
327,P220600152,22-07-31,22-07-01,XLA16-1B-S,110,10,0,10,110,110,07/2022,
326,P220600151,22-07-31,22-07-01,VJ100-16-7,912,"1,004",0,"1,004",912,912,07/2022,
325,P220600150,22-07-31,22-07-01,SY50M-20-E-1,320,397,4,393,320,320,07/2022,
324,P220600149,22-07-31,22-07-01,SY30M-20-E-1,252,255,1,254,252,252,07/2022,
323,P220600148,22-07-31,22-07-01,DXT199-20-23,231,264,5,259,231,231,07/2022,
322,P220600147,22-07-31,22-07-01,DXT192-11-3,378,417,0,417,378,378,07/2022,
321,P220600146,22-07-31,22-07-01,DXT156-10-11,200,204,2,202,200,200,07/2022,
320,P220600145,22-07-31,22-07-01,DXT155-38-1,210,262,0,262,210,210,07/2022,
316,P220600907,22-07-31,22-06-17,SY30M-20-E-1,819,822,3,819,819,819,07/2022-BS,22-06-29
319,P220600136,22-06-30,22-06-17,C2J06Y-AH080-30K,"1,092","1,199",16,"1,183","1,092",1092,06/2022-BS,22-06-20
318,P220600135,22-06-30,22-06-17,C2J06LBAH080-30K,"1,872","2,091",158,"1,933","1,872",1872,06/2022-BS,22-06-20
317,P220600134,22-06-30,22-06-17,C2J06LAAH080-30K,988,"1,150",36,"1,114",988,988,06/2022-BS,22-06-20
314,P220600119,22-06-30,22-06-09,P3800502-M-2,78,41,1,40,78,78,06/2022-BS,22-06-20
315,P220600118,22-06-30,22-06-08,P3800102-M-1,650,838,2,836,650,650,06/2022-BS,22-06-20
312,P220600120,22-06-30,22-06-01,P3800602-M-2,"1,000",971,6,965,"1,000",1000,06/2022-BS,22-06-20
310,P220500259,22-06-30,22-06-01,CG-040K02-35903A,30,64,34,30,30,30,06/2022,
309,P220500258,22-06-30,22-06-01,C1G50L-M3324-20K,30,51,15,36,30,30,06/2022,
308,P220500257,22-06-30,22-06-01,MGP16A-AC892-30K,255,250,0,250,255,255,06/2022,
311,P220500256,22-06-30,22-06-01,MGP12A-AC891-30K,342,319,1,318,342,342,06/2022,22-05-26
307,P220500255,22-06-30,22-06-01,C2M025K03-68715B,204,238,16,222,204,204,06/2022,
306,P220500254,22-06-30,22-06-01,C2M025K02-68715B,204,242,38,204,204,204,06/2022,
305,P220500253,22-06-30,22-06-01,C2M020K03-68714B,294,323,21,302,294,294,06/2022,
304,P220500252,22-06-30,22-06-01,C2M020K02-68714B,294,321,0,321,294,294,06/2022,
303,P220500251,22-06-30,22-06-01,S502A61T40X09X27,234,250,6,244,234,234,06/2022,
302,P220500250,22-06-30,22-06-01,S502A61T32X06X27,352,365,3,362,352,352,06/2022,
301,P220500249,22-06-30,22-06-01,S502A61T25X06X27,588,630,7,623,588,588,06/2022,
300,P220500248,22-06-30,22-06-01,S502A61T20X05X27,900,802,6,796,900,900,06/2022,
299,P220500247,22-06-30,22-06-01,S501A61T14X06X30,"1,632","1,946",320,"1,626","1,632",1632,06/2022,
298,P220500246,22-06-30,22-06-01,S500A61T40X10X30,351,370,2,368,351,351,06/2022,
297,P220500245,22-06-30,22-06-01,S500A61T32X08X30,528,526,12,514,528,528,06/2022,
296,P220500244,22-06-30,22-06-01,S500A61T25X06X30,840,908,73,835,840,840,06/2022,
295,P220500243,22-06-30,22-06-01,S500A61T20X05X30,"1,224","1,307",123,"1,184","1,224",1224,06/2022,
294,P220500242,22-06-30,22-06-01,S500A61T16X05X30,"1,340","1,431",122,"1,309","1,340",1340,06/2022,
293,P220500241,22-06-30,22-06-01,S500A61T12X04X30,"2,886","2,798",111,"2,687","2,886",2886,06/2022,
292,P220500240,22-06-30,22-06-01,C2Q20G-P1282-30K,660,696,36,660,660,660,06/2022,
291,P220500239,22-06-30,22-06-01,C2Q16G-P1281-30K,936,954,52,902,936,936,06/2022,
290,P220500238,22-06-30,22-06-01,C2Q020K31-49998A,741,716,29,687,741,741,06/2022,
289,P220500237,22-06-30,22-06-01,C2J16M-AF113-25K,"1,160","1,216",8,"1,208","1,160",1160,06/2022,
288,P220500236,22-06-30,22-06-01,C2J10M-AF112-25K,"2,580","2,792",240,"2,552","2,580",2580,06/2022,
287,P220500235,22-06-30,22-06-01,P3319401-M,420,427,18,409,420,420,06/2022,
286,P220500234,22-06-30,22-06-01,P3319301-M,198,39,6,33,198,198,06/2022,
285,P220500233,22-06-30,22-06-01,P3319201-M,308,253,19,234,308,308,06/2022,
284,P220500232,22-06-30,22-06-01,P6260301-D,126,139,4,135,126,126,06/2022,
283,P220500231,22-06-30,22-06-01,P6260201-D,168,141,1,140,168,168,06/2022,
282,P220500230,22-06-30,22-06-01,P4730002-D,312,310,13,297,312,312,06/2022,
281,P220500229,22-06-30,22-06-01,SY50M-20-E-1,800,757,12,745,800,800,06/2022,
279,P220500169,22-05-31,22-05-18,C8512M-AF117-25K,"1,924","2,138",216,"1,922","1,924",1924,05/2022,22-05-18
278,P220500168,22-05-31,22-05-18,P3319401-M,140,128,1,127,140,140,05/2022,22-05-18
277,P220500167,22-05-31,22-05-18,P3800602-M-2,50,77,0,77,50,50,05/2022,22-05-18
269,P202204219,22-05-31,22-05-01,APTE00-98000724-D,159,170,20,150,159,159,05/2022,22-04-25
268,P202204218,22-05-31,22-05-01,S501A61T43X16X30,288,285,9,276,288,288,05/2022,22-04-25
267,P202204217,22-05-31,22-05-01,S501A61T35X16X30,150,151,1,150,150,150,05/2022,22-04-25
266,P202204216,22-05-31,22-05-01,S501A61T27X12X30,247,272,20,252,247,247,05/2022,22-04-25
265,P202204215,22-05-31,22-05-01,S501A61T23X10X30,330,316,24,292,330,330,05/2022,22-04-25
264,P202204214,22-05-31,22-05-01,S501A61T19X08X30,468,386,2,384,468,468,05/2022,22-04-25
263,P202204213,22-05-31,22-05-01,S501A61T14X06X30,816,"1,012",174,838,816,816,05/2022,22-04-25
262,P202204212,22-05-31,22-05-01,C2Q40G-P1285-30K,288,316,18,298,288,288,05/2022,22-04-25
261,P202204211,22-05-31,22-05-01,C2Q32G-P1284-30K,450,476,63,413,450,450,05/2022,22-04-25
260,P202204210,22-05-31,22-05-01,C2Q25G-P1283-30K,741,828,107,721,741,741,05/2022,22-04-25
259,P202204209,22-05-31,22-05-01,C2Q20G-P1282-30K,330,394,43,351,330,330,05/2022,22-04-25
258,P202204208,22-05-31,22-05-01,C2Q16G-P1281-30K,468,433,1,432,468,468,05/2022,22-04-25
257,P202204207,22-05-31,22-05-01,C2Q12G-P1280-30K,"1,632","1,930",267,"1,663","1,632",1632,05/2022,22-04-25
256,P202204206,22-05-31,22-05-01,P3319401-M,140,178,8,170,140,140,05/2022,22-04-25
255,P202204205,22-05-31,22-05-01,P3319301-M,198,340,13,327,198,198,05/2022,22-04-25
254,P202204204,22-05-31,22-05-01,P3319201-M,308,341,5,336,308,308,05/2022,22-04-25
253,P202204203,22-05-31,22-05-01,P4730003-D,"1,134","1,204",31,"1,173","1,134",1134,05/2022,22-04-25
252,P202204202,22-05-31,22-05-01,MYB20LAA7164-20K,280,272,1,271,280,280,05/2022,22-04-25
251,P202204201,22-05-31,22-05-01,C2Q32-04-J0779-K,600,764,149,615,600,600,05/2022,22-04-25
250,P202204200,22-05-31,22-05-01,XLA25-1B-S,540,557,18,539,540,540,05/2022,22-04-25
249,P202204199,22-05-31,22-05-01,XLA16-1B-S,275,359,2,357,275,275,05/2022,22-04-25
248,P202204198,22-05-31,22-05-01,VJ3000-20-1,770,822,19,803,770,770,05/2022,22-04-25
247,P202204197,22-05-31,22-05-01,VJ100-16-7,608,624,2,622,608,608,05/2022,22-04-25
246,P202204196,22-05-31,22-05-01,SY7000-20-1,84,100,17,83,84,84,05/2022,22-04-25
245,P202204195,22-05-31,22-05-01,SY3000-20-1,240,270,0,270,240,240,05/2022,22-04-25
209,P202204228,22-04-30,22-04-25,MGP12A-AC891-30K,30,74,0,74,30,30,SMC2,22-04-25
210,P202204227,22-04-30,22-04-25,MGP16A-AC892-30K,30,70,3,67,30,30,SMC2,22-04-25
239,P202204161,22-04-30,22-04-19,APTE00-96000152-D,106,159,53,106,106,106,04/2022,22-04-21
238,P202204160,22-04-30,22-04-19,C2Q50-04-J0781-K,840,894,11,883,840,840,04/2022,22-04-21
237,P202204159,22-04-30,22-04-09,XLA40-1B-S,60,190,85,105,60,60,04/2022,22-04-21
236,P202203753,22-04-30,22-04-01,APTE00-96001786-D,27,59,32,27,27,27,04/2022,22-03-28
235,P202203752,22-04-30,22-04-01,APTE00-96000152-D,352,382,30,352,352,352,04/2022,22-03-28
234,P202203751,22-04-30,22-04-01,APTE00-98000404-D,430,362,54,308,430,430,04/2022,22-03-28
233,P202203750,22-04-30,22-04-01,APTE00-98000724-D,294,286,7,279,294,294,04/2022,22-03-28
232,P202203749,22-04-30,22-04-01,P3801101-M,216,264,16,248,216,216,04/2022,22-03-28
231,P202203748,22-04-30,22-04-01,P3800602-M-2,250,270,0,270,250,250,04/2022,22-03-28
230,P202203747,22-04-30,22-04-01,P3800502-M-2,390,419,1,418,390,390,04/2022,22-03-28
229,P202203746,22-04-30,22-04-01,P3800402-M-2,"1,071","1,115",3,"1,112","1,071",1071,04/2022,22-03-28
228,P202203745,22-04-30,22-04-01,P3800202-M-1,484,474,0,474,484,484,04/2022,22-03-28
227,P202203744,22-04-30,22-04-01,P3800102-M-1,650,660,10,650,650,650,04/2022,22-03-28
226,P202203743,22-04-30,22-04-01,P3319401-M,280,321,24,297,280,280,04/2022,22-03-28
225,P202203742,22-04-30,22-04-01,P3319201-M,462,487,0,487,462,462,04/2022,22-03-28
224,P202203741,22-04-30,22-04-01,MYB20LAA7164-20K,280,274,2,272,280,280,04/2022,22-03-28
223,P202203740,22-04-30,22-04-01,MYB16LAA7163-20K,88,75,0,75,88,88,04/2022,22-03-28
222,P202203739,22-04-30,22-04-01,XLA25-3-1B,216,214,1,213,216,216,04/2022,22-03-28
221,P202203738,22-04-30,22-04-01,XLA25-1B-S,468,474,1,473,468,468,04/2022,22-03-28
220,P202203737,22-04-30,22-04-01,VJ100-16-7,"1,520","1,456",20,"1,436","1,520",1520,04/2022,22-03-28
219,P202203736,22-04-30,22-04-01,SY50M-20-E-1,120,99,11,88,120,120,04/2022,22-03-28
218,P202203735,22-04-30,22-04-01,SY3000-20-1,80,50,0,50,80,80,04/2022,22-03-28
217,P202203734,22-04-30,22-04-01,DXT201-13-13,80,78,0,78,80,80,04/2022,22-03-28
216,P202203733,22-04-30,22-04-01,DXT192-11-3,378,351,3,348,378,378,04/2022,22-03-28
215,P202203732,22-04-30,22-04-01,DXT156-10-11,100,100,0,100,100,100,04/2022,22-03-28
150,P202203123,22-03-31,22-03-17,P3319401-M,70,38,0,38,70,,03/2022,22-03-17
149,P202203122,22-03-31,22-03-17,P3800502-M-2,78,0,0,0,78,,03/2022,22-03-17
148,P202203121,22-03-31,22-03-17,MYB16LAA7163-20K,264,283,0,283,264,,03/2022,22-03-17
147,P202203120,22-03-31,22-03-17,P3800602-M-2,100,0,0,0,94,,03/2022,22-03-17
146,P202203119,22-03-31,22-03-17,DXT155-38-1,70,0,0,0,70,,03/2022,22-03-17
145,P202203118,22-03-31,22-03-17,C2Q63-04-J0782AK,180,98,1,97,180,,03/2022,22-03-17
144,P202203117,22-03-31,22-03-17,C2Q32-04-J0779-K,60,0,0,0,60,,03/2022,22-03-17
143,P202203116,22-03-31,22-03-17,P4730003-D,63,0,0,0,63,,03/2022,22-03-17
142,P202203115,22-03-31,22-03-17,SY50M-20-E-1,40,0,0,0,40,,03/2022,22-03-17
141,P202203114,22-03-31,22-03-17,C2Q40-04-J0780-K,80,0,0,0,80,,03/2022,22-03-17
140,P202203113,22-03-31,22-03-17,XLA25-1B-S,72,0,0,0,72,,03/2022,22-03-17
139,P202203112,22-03-31,22-03-17,P4730002-D,312,332,5,327,312,,03/2022,22-03-17
138,P202203087,22-03-31,22-03-10,DXT192-11-3,2,0,0,0,2,2,03/2022,22-03-15
137,P202203060,22-03-31,22-03-08,SY30M-20-E-1,1,11,10,1,1,1,03/2022,22-03-15
136,P202203058,22-03-31,22-03-04,S500A61T16X05X30,400,448,89,359,400,,03/2022,22-03-04
152,P202204052,22-04-01,22-03-01,C2Q16G-P1281-30K,60,138,8,130,60,,04/2022,22-04-01
151,P202204051,22-04-01,22-03-01,C2Q12G-P1280-30K,60,200,31,169,60,,04/2022,22-04-01
199,SMC203048,22-03-31,22-03-01,C1G63L-AT036-30K,20,35,15,20,0,,SMC2,22-04-06
198,SMC203047,22-03-31,22-03-01,C1G50L-AT035-30K,20,42,10,32,0,,SMC2,22-04-05
197,SMC203046,22-03-31,22-03-01,C1G40L-AT034-30K,20,52,19,33,0,,SMC2,22-04-05
196,SMC203045,22-03-31,22-03-01,C1G32L-AT033-30K,20,86,66,20,0,,SMC2,22-04-05
195,SMC203044,22-03-31,22-03-01,C1G25K02-AM406,20,38,18,20,0,,SMC2,22-04-05
194,SMC203043,22-03-31,22-03-01,C1G20K02-AM405,20,47,27,20,0,,SMC2,22-04-05
193,SMC203042,22-03-31,22-03-01,C3G63K02-AG006,20,26,5,21,0,,SMC2,22-04-06
192,SMC203041,22-03-31,22-03-01,C3G50K02-AG005,20,29,9,20,0,,SMC2,22-04-06
191,SMC203040,22-03-31,22-03-01,C3G40K02-AG004,20,50,30,20,0,,SMC2,22-04-06
190,SMC203039,22-03-31,22-03-01,C3G32K02-AG003,20,43,23,20,0,,SMC2,22-04-06
189,SMC203038,22-03-31,22-03-01,C3G25K02-AG002,20,35,15,20,0,,SMC2,22-04-06
188,SMC203037,22-03-31,22-03-01,C3G20K02-AG001,20,40,20,20,0,,SMC2,22-04-06
202,P202204085,22-03-31,22-03-01,C2J06Y-AH080-30K,20,58,38,20,20,,04/2022,22-04-05
201,P202204084,22-03-31,22-03-01,C2J06LBAH080-30K,20,72,52,20,20,,04/2022,22-04-05
200,P202204083,22-03-31,22-03-01,C2J06LAAH080-30K,20,48,12,36,20,,04/2022,22-04-05
187,P202204082,22-03-31,22-03-01,C1G40L-M3323-20K,20,32,12,20,20,,04/2022,
186,P202204081,22-03-31,22-03-01,C1G32L-M3322-20K,20,27,7,20,20,,04/2022,
160,P202204080,22-03-31,22-03-01,C2M040K03-68717B,20,23,3,20,20,,04/2022,22-03-25
159,P202204079,22-03-31,22-03-01,C2M040K02-68717B,20,26,6,20,20,,04/2022,22-03-25
158,P202204078,22-03-31,22-03-01,C2M032K03-68716B,20,39,19,20,20,,04/2022,22-03-25
157,P202204077,22-03-31,22-03-01,C2M032K02-68716B,20,29,9,20,20,,04/2022,22-03-25
156,P202204076,22-03-31,22-03-01,C2M025K03-68715B,20,23,3,20,20,,04/2022,22-03-25
155,P202204075,22-03-31,22-03-01,C2M025K02-68715B,20,26,6,20,20,,04/2022,22-03-25
154,P202204074,22-03-31,22-03-01,C2M020K03-68714B,20,24,4,20,20,,04/2022,22-03-25
153,P202204073,22-03-31,22-03-01,C2M020K02-68714B,20,27,7,20,20,,04/2022,22-03-25
185,P202204072,22-03-31,22-03-01,S502A61T40X09X27,60,77,13,64,60,,04/2022,
184,P202204071,22-03-31,22-03-01,S502A61T32X06X27,60,64,1,63,54,,04/2022,
183,P202204070,22-03-31,22-03-01,S502A61T25X06X27,60,76,2,74,60,,04/2022,
182,P202204069,22-03-31,22-03-01,S502A61T20X05X27,60,204,15,189,0,,04/2022,
170,P202204068,22-03-31,22-03-01,S501A61T43X16X30,60,83,11,72,60,,04/2022,22-03-25
169,P202204067,22-03-31,22-03-01,S501A61T35X16X30,60,72,4,68,60,,04/2022,22-03-25
168,P202204066,22-03-31,22-03-01,S501A61T27X12X30,60,109,31,78,60,,04/2022,22-03-25
167,P202204065,22-03-31,22-03-01,S501A61T23X10X30,60,128,13,115,60,,04/2022,22-03-25
166,P202204064,22-03-31,22-03-01,S501A61T19X08X30,60,186,16,170,60,,04/2022,22-03-25
165,P202204063,22-03-31,22-03-01,S501A61T14X06X30,60,294,204,90,60,,04/2022,22-03-25
181,P202204062,22-03-31,22-03-01,S500A61T40X10X30,60,76,0,76,60,,04/2022,
180,P202204061,22-03-31,22-03-01,S500A61T32X08X30,60,99,17,82,60,,04/2022,
179,P202204060,22-03-31,22-03-01,S500A61T25X06X30,60,126,58,68,60,,04/2022,
178,P202204059,22-03-31,22-03-01,S500A61T20X05X30,40,82,2,80,40,,04/2022,
177,P202204058,22-03-31,22-03-01,S500A61T16X05X30,60,224,92,132,60,,04/2022,
176,P202204057,22-03-31,22-03-01,S500A61T12X04X30,60,264,100,164,60,,04/2022,
164,P202204056,22-03-31,22-03-01,C2Q40G-P1285-30K,60,95,22,73,60,,04/2022,22-03-25
163,P202204055,22-03-31,22-03-01,C2Q32G-P1284-30K,60,108,11,97,60,,04/2022,22-03-25
162,P202204054,22-03-31,22-03-01,C2Q25G-P1283-30K,60,168,61,107,60,,04/2022,22-03-25
161,P202204053,22-03-31,22-03-01,C2Q20G-P1282-30K,60,132,72,60,60,,04/2022,22-03-25
175,P202204050,22-03-31,22-03-01,C2Q020K31-49998A,60,143,29,114,60,,04/2022,
174,P202204049,22-03-31,22-03-01,C2J16M-AF113-25K,30,64,0,64,30,,04/2022,
173,P202204048,22-03-31,22-03-01,C8512M-AF117-25K,30,64,0,64,30,,04/2022,
172,P202204047,22-03-31,22-03-01,C2J10M-AF112-25K,30,72,14,58,30,,04/2022,
135,P202202146,22-03-31,22-03-01,APTE00-98000948-D,18,28,10,18,18,,03/2022,22-02-24
134,P202202145,22-03-31,22-03-01,APTE00-96000152-D,299,344,45,299,299,299,03/2022,22-02-24
133,P202202144,22-03-31,22-03-01,APTE00-98000404-D,215,338,1,337,215,215,03/2022,22-02-24
132,P202202143,22-03-31,22-03-01,APTE00-98000724-D,135,194,35,159,135,135,03/2022,22-02-24
131,P202202142,22-03-31,22-03-01,P3800602-M-2,700,789,18,771,700,350,03/2022,22-02-24
130,P202202141,22-03-31,22-03-01,P3800502-M-2,936,976,6,970,936,,03/2022,22-02-24
129,P202202140,22-03-31,22-03-01,P3800402-M-2,833,801,23,778,833,,03/2022,22-02-24
128,P202202139,22-03-31,22-03-01,P3800302-M-1,513,519,8,511,513,,03/2022,22-02-24
127,P202202138,22-03-31,22-03-01,P3800202-M-1,484,558,4,554,484,,03/2022,22-02-24
126,P202202137,22-03-31,22-03-01,P3800102-M-1,650,764,114,650,650,,03/2022,22-02-24
125,P202202136,22-03-31,22-03-01,P3319101-M,238,285,0,285,238,,03/2022,22-02-24
124,P202202135,22-03-31,22-03-01,P6260301-D,420,438,14,424,420,,03/2022,22-02-24
123,P202202134,22-03-31,22-03-01,P4730004-D,240,270,2,268,240,,03/2022,22-02-24
122,P202202133,22-03-31,22-03-01,MYB20LAA7164-20K,420,431,1,430,420,,03/2022,22-02-24
121,P202202132,22-03-31,22-03-01,MYB16LAA7163-20K,792,816,3,813,792,264,03/2022,22-02-24
120,P202202131,22-03-31,22-03-01,CUJ20A-AD254-20K,792,"1,119",279,840,792,792,03/2022,22-02-24
119,P202202130,22-03-31,22-03-01,CUJ16A-AD253-20K,546,680,224,456,546,546,03/2022,22-02-24
118,P202202129,22-03-31,22-03-01,CUJ12A-AD252-20K,"1,350","1,318",5,"1,313","1,350",1350,03/2022,22-02-24
117,P202202128,22-03-31,22-03-01,C2Q32-04-J0779-K,240,275,1,274,240,,03/2022,22-02-24
116,P202202127,22-03-31,22-03-01,XLA16-3-1B,154,179,0,179,154,,03/2022,22-02-24
115,P202202126,22-03-31,22-03-01,VJ100-16-7,912,920,8,912,912,,03/2022,22-02-24
114,P202202125,22-03-31,22-03-01,SY50M-20-E-1,160,189,5,184,160,,03/2022,22-02-24
113,P202202124,22-03-31,22-03-01,SY5000-20-1,432,346,1,345,432,,03/2022,22-02-24
112,P202202123,22-03-31,22-03-01,DXT201-13-13,160,175,2,173,160,160,03/2022,22-02-24
111,P202202122,22-03-31,22-03-01,DXT199-20-23,77,108,13,95,77,,03/2022,22-02-24
110,P202202121,22-03-31,22-03-01,DXT192-11-3,126,138,27,111,126,126,03/2022,22-02-24
109,P202202120,22-03-31,22-03-01,DXT155-38-1,450,461,1,460,450,,03/2022,22-02-24
103,P202202094,22-02-28,22-02-17,C2Q63-04-J0782AK,270,298,0,298,270,,02/2022,22-02-18
102,P202202093,22-02-28,22-02-17,P3319101-M,97,154,0,154,97,97,02/2022,22-02-18
107,P202202092,22-02-28,22-02-17,APTE00-98000948-D,9,14,5,9,9,9,02/2022,22-02-18
106,P202202091,22-02-28,22-02-17,APTE00-96000152-D,299,344,45,299,299,299,02/2022,22-02-18
105,P202202090,22-02-28,22-02-17,SY5000-20-1,216,321,2,319,216,216,02/2022,22-02-18
104,P202202089,22-02-28,22-02-17,P3800602-M-2,150,90,0,90,150,,02/2022,22-02-18
101,P202202044,22-02-28,22-02-09,P3800602-M-2,350,427,3,424,350,350,02/2022,22-02-18
100,P202201102,22-02-28,22-02-09,P6260301-D,420,455,17,438,420,420,02/2022,22-02-18
99,P202201101,22-02-28,22-02-09,P6260201-D,560,571,50,521,560,560,02/2022,22-02-18
98,P202201100,22-02-28,22-02-09,P6260101-D,"1,152","1,158",44,"1,114","1,152",1152,02/2022,22-02-18
97,P202201099,22-02-28,22-02-09,P4730004-D,240,168,0,168,240,,02/2022,22-02-18
96,P202201098,22-02-28,22-02-09,C2Q63-04-J0782AK,270,316,5,311,270,270,02/2022,22-02-18
94,P202201096,22-02-28,22-02-09,XLA25-1B-S,360,403,12,391,360,360,02/2022,22-02-18
93,P202201095,22-02-28,22-02-09,XLA16-1B-S,220,186,0,186,220,220,02/2022,22-02-18
92,P202201066,22-01-31,22-01-12,DXT192-11-3,378,403,2,401,378,378,01/2022,22-02-20
87,P202112475,22-01-31,22-01-04,P6260301-D,420,462,29,433,420,420,,
86,P202112474,22-01-31,22-01-04,P6260201-D,280,360,1,359,280,280,,
85,P202112473,22-01-31,22-01-04,P6260101-D,576,677,0,677,576,576,,
84,P202112472,22-01-31,22-01-04,P4730005-D,288,316,12,304,288,288,,
83,P202112471,22-01-31,22-01-04,P4730004-D,240,330,1,329,240,240,,
82,P202112470,22-01-31,22-01-04,P4730003-D,378,479,0,479,378,378,,
81,P202112468,22-01-31,22-01-04,APTE00-98000565-D,"1,506","1,704",199,"1,505","1,512",1506,,
80,P202112467,22-01-31,22-01-04,APTE00-96000150-D,489,453,8,445,462,489,,
79,P202112466,22-01-31,22-01-04,CUJ20A-AD254-20K,396,299,0,299,396,396,,
78,P202112465,22-01-31,22-01-04,CUJ16A-AD253-20K,"1,820","1,936",65,"1,871","1,820",1820,,
90,P202112464,22-01-31,22-01-04,CUJ12A-AD252-20K,"1,800","1,992",29,"1,963","1,800",,,
89,P202112463,22-01-31,22-01-04,SY30M-20-E-1,630,"1,011",267,744,630,630,04/2022,22-03-28
88,P202112462,22-01-31,22-01-04,SY3000-20-1,240,255,1,254,240,,,
276," P221100526",22-12-31,22-01-01,SY7000-20-1,100,0,0,0,0,,05/2022-REMAIN,22-11-23
77,P202112190,21-12-31,21-12-23,CUJ20A-AD254-20K,396,473,11,462,396,396,,
76,P202112189,21-12-31,21-12-23,XLA25-1B-S,360,653,50,603,360,360,,
75,P202111306,21-12-31,21-12-01,P3319401-M,420,487,13,474,420,420,,
74,P202111305,21-12-31,21-12-01,P3319301-M,297,336,3,333,297,297,,
73,P202111304,21-12-31,21-12-01,APTE00-98000565-D,380,410,34,376,380,380,,
72,P202111303,21-12-31,21-12-01,APTE00-96000150-D,145,160,3,157,154,145,,
71,P202111302,21-12-31,21-12-01,CUJ20A-AD254-20K,396,439,1,438,396,396,,
70,P202111301,21-12-31,21-12-01,CUJ16A-AD253-20K,910,977,4,973,910,910,,
69,P202111300,21-12-31,21-12-01,CUJ12A-AD252-20K,900,836,44,792,900,900,,
68,P202111299,21-12-31,21-12-01,C2Q63-04-J0782AK,270,363,67,296,270,270,02/2022,22-02-18
67,P202111298,21-12-31,21-12-01,C2Q40-04-J0780-K,800,832,1,831,800,800,,
66,P202111297,21-12-31,21-12-01,C2Q32-04-J0779-K,960,825,3,822,960,960,,
65,P202111296,21-12-31,21-12-01,XLA25-1B-S,360,138,1,137,360,360,,
64,P202111295,21-12-31,21-12-01,VJ3000-20-1,"1,232","1,225",13,"1,212","1,232",1232,,
63,P202111294,21-12-31,21-12-01,SY50M-20-E-1,400,366,3,363,400,400,,
62,P202111293,21-12-31,21-12-01,SY30M-20-E-1,630,668,12,656,630,630,,
61,P202111292,21-12-31,21-12-01,DXT192-11-3,756,829,74,755,756,756,,
60,P202111264,21-11-30,21-11-19,APTE00-98000565-D,380,416,22,394,380,380,,
59,P202111263,21-11-30,21-11-19,APTE00-96000150-D,145,175,4,171,154,145,,
58,P202110419,21-11-30,21-11-01,P3800502-M-2,"1,248","1,357",52,"1,305","1,248",1250,,
57,P202110418,21-11-30,21-11-01,P3800402-M-2,"1,904","1,943",2,"1,941","1,904",1904,,
56,P202110417,21-11-30,21-11-01,P3800302-M-1,"2,736","2,812",36,"2,776","2,736",2736,,
55,P202110416,21-11-30,21-11-01,P3800202-M-1,"1,936","1,971",35,"1,936","1,936",1936,,
54,P202110415,21-11-30,21-11-01,APTE00-98000565-D,380,432,33,399,380,380,,
53,P202110414,21-11-30,21-11-01,APTE00-96000150-D,145,174,10,164,154,145,,
52,P202110413,21-11-30,21-11-01,C2Q50-04-J0781-K,420,596,176,420,420,420,04/2022,22-03-28
51,P202110412,21-11-30,21-11-01,C2Q40-04-J0780-K,400,466,4,462,400,400,,
50,P202110411,21-11-30,21-11-01,C2Q32-04-J0779-K,480,665,9,656,480,480,,
49,P202110410,21-11-30,21-11-01,XLA16-1B-S,"1,100","1,138",25,"1,113","1,100",1100,,
48,P202110409,21-11-30,21-11-01,VJ3000-20-1,616,685,45,640,616,616,,
47,P202110408,21-11-30,21-11-01,VJ100-16-7,"1,824","1,897",42,"1,855","1,824",1824,,
46,P202110407,21-11-30,21-11-01,SY50M-20-E-1,400,431,3,428,400,400,,
45,P202110406,21-11-30,21-11-01,SY30M-20-E-1,630,686,37,649,630,630,,
44,P202110405,21-11-30,21-11-01,SY7000-20-1,126,149,2,147,126,126,,
38,P202109156,21-10-29,21-10-01,P3319101-M,238,269,1,268,238,238,,21-09-27
39,P202109155,21-10-29,21-10-01,P3319201-M,462,499,16,483,462,462,,
37,P202109153,21-10-29,21-10-01,MYB20LAA7164-20K,630,680,36,644,630,630,,
36,P202109152,21-10-29,21-10-01,MYB16LAA7163-20K,264,307,30,277,264,264,,
35,P202109151,21-10-29,21-10-01,XLA25-3-1B,648,664,16,648,648,648,,
34,P202109150,21-10-29,21-10-01,XLA16-3-1B,462,477,3,474,462,462,,
33,P202109149,21-10-29,21-10-01,XLA25-1B-S,"1,620","1,775",134,"1,641","1,620",1620,,
32,P202109148,21-10-29,21-10-01,XLA16-1B-S,550,606,11,595,550,550,,
43,P202109147,21-10-29,21-10-01,VJ100-16-7,912,"1,040",74,966,912,238,,
42,P202109146,21-10-29,21-10-01,SY50M-20-E-1,400,535,78,457,400,,,
41,P202109145,21-10-29,21-10-01,SY3000-20-1,240,270,12,258,240,,,
40,P202109144,21-10-29,21-10-01,DXT156-10-11,600,644,6,638,600,600,,
31,P202109005,21-09-30,21-09-06,XLA25-1B-S,540,488,15,473,540,540,,
30,P202109004,21-09-30,21-09-06,SY3000-20-1,240,258,6,252,240,240,,
29,P202108368,21-09-30,21-08-27,P3800602-M-2,150,181,16,165,150,150,,
28,P202108367,21-09-30,21-08-27,P3800502-M-2,624,689,44,645,624,624,,
27,P202108366,21-09-30,21-08-27,P3800402-M-2,952,"1,043",73,970,952,952,,
26,P202108365,21-09-30,21-08-27,P3800302-M-1,"1,368","1,482",74,"1,408","1,368",1368,,
25,P202108364,21-09-30,21-08-27,P3800202-M-1,968,"1,023",37,986,968,968,,21-08-28
24,P202108363,21-09-30,21-08-27,P3800102-M-1,975,"1,055",80,975,975,975,,
23,P202108362,21-09-30,21-08-27,XLA25-1B-S,540,577,20,557,540,540,,
22,P202107618,21-08-31,21-08-02,XLA25-3-1B,324,366,26,340,324,324,,
16,P202107617,21-08-31,21-08-02,XLA25-1B-S,540,654,64,590,540,,,
15,P202107616,21-08-31,21-08-02,SY3000-20-1,240,286,40,246,240,,,
21,P202107147,21-07-23,21-07-08,DXT201-13-13,80,156,62,94,80,80,,
20,P202107146,21-07-23,21-07-08,DXT199-20-23,693,924,200,724,693,693,,
19,P202107145,21-07-23,21-07-08,DXT192-11-3,"1,512","1,661",123,"1,538","1,512",1512,,
18,P202107144,21-07-23,21-07-08,DXT155-38-1,630,775,81,694,630,630,,
