ngay_cat,ma_khuon,ma_san_pham,tu_thanh,den_thanh,thoi_gian_bat_dau,thoi_gian_ket_thuc,khoang_thoi_gian
2026-03-18,CP9640T4-V02D,C9640ABAZ034-30K,1,1,08:10,08:25,"15 min"
2026-03-18,CA25T-V03C,S370A63T31X25X30,1,10,09:10,10:00,"50 min"
2026-03-18,CQ32T3-V04B,C2Q32A-AD138A20K,1,1,10:00,10:12,"12 min"
2026-03-18,CQ32T3-V05B,C2Q32A-AD138A20K,1,1,10:12,10:23,"11 min"
2026-03-18,XLA25B2-V01B,XLA25-1B-S,1,1,11:10,11:30,"20 min"
2026-03-18,MB40TD-V01H,S409A63T45X40X30,1,1,11:30,11:44,"14 min"
2026-03-18,MB50TD-V01H,S409A63T55X50X30,1,1,11:48,12:00,"12 min"
2026-03-18,CXS32S3-V02D,CXS32A-BA025-20K,1,1,12:00,12:10,"10 min"
2026-03-18,CP9640T-V03B,C9640ABAC959-30K,1,4,13:15,13:45,"30 min"
2026-03-18,CP9640T-V03B,C9640ABAC959-30K,1,8,13:50,14:23,"33 min"
2026-03-18,CP9640T-V03B,C9640ABAC959-30K,9,10,14:27,14:55,"28 min"
2026-03-18,CYV15K-V01D,CYV15C-R5502-20K,1,1,15:50,16:03,"13 min"
2026-03-17,MSQ10B2-V05D,P6260101-D,1,3,08:00,08:40,"40 min"
2026-03-17,CRQ15B-V02C,P4730002-D,1,9,08:02,08:39,"37 min"
2026-03-17,CRQ15B-V02C,P4730002-D,10,18,08:40,09:17,"37 min"
2026-03-17,CP9640T4-V02D,C9640ABAZ034-30K,1,1,08:50,09:00,"10 min"
2026-03-17,MXS25TB-V02D,P3800602-M-2,1,6,09:18,09:47,"29 min"
2026-03-17,CP9640T-V02B,C9640ABAC959-30K,1,3,09:40,10:00,"20 min"
2026-03-17,MXS25TB-V02D,P3800602-M-2,7,12,09:48,10:16,"28 min"
2026-03-17,CYR25SR-V01D,CYR25E-AX664-30K,1,2,10:00,10:13,"13 min"
2026-03-17,MXS25TB-V02D,P3800602-M-2,13,18,10:27,10:58,"31 min"
2026-03-17,MXS25TB-V02D,P3800602-M-2,19,21,11:00,11:20,"20 min"
2026-03-17,CQ63T3-V01C-ZZZ,C2Q63A-AD141A30K,1,3,11:30,11:55,"25 min"
2026-03-17,CG63R3-V01D,C3G63K02-AG006,1,5,11:37,12:53,"76 min"
2026-03-17,CA25T-V02C,S370A63T31X25X30,1,18,11:57,15:00,"183 min"
2026-03-17,CYR15AR-V01E,CYR15L-AX662-20K,1,10,12:53,13:20,"27 min"
2026-03-17,CG25R3-V01D,C3G25K02-AG002,1,13,13:22,13:53,"31 min"
2026-03-17,CG25R3-V01D,C3G25K02-AG002,14,16,13:54,14:20,"26 min"
2026-03-17,CM40AS-V01D,C2M040K03-68717B,1,10,14:20,14:45,"25 min"
2026-03-17,CM40AS-V01D,C2M040K03-68717B,11,18,14:46,15:15,"29 min"
2026-03-17,CYB20B-V01D,CYB20K-AS378-20K,1,5,15:30,16:06,"36 min"
2026-03-16,MSQ50B5-V02D,P8910402-D,1,2,07:49,09:01,"72 min"
2026-03-16,CP9663T-V01B,C9663ABAC961-30K,1,7,07:58,08:40,"42 min"
2026-03-16,MXQ06B-V03D,P3802301B-M,1,2,08:10,08:23,"13 min"
2026-03-16,MXQ08B-V03D,P3802401B-M,1,2,08:23,08:35,"12 min"
2026-03-16,MXQ12B-V03D,P3802501B-M,1,1,08:35,08:48,"13 min"
2026-03-16,CXS15S3-V03D,CXS15A-BA022-20K,1,1,08:48,09:00,"12 min"
2026-03-16,MLU50LB-V01E,MLU50-27-Z0414-K,1,1,09:01,09:20,"19 min"
2026-03-16,CRQ15B-V01D,P4730002-D,1,9,09:02,09:30,"28 min"
2026-03-16,MGPM40B2-V01D,MGP40A-AC896-30K,1,5,09:20,11:31,"131 min"
2026-03-16,CYV32K-V02D,CYV32C-R5503A20K,1,1,09:30,09:40,"10 min"
2026-03-16,CRQ15B-V01D,P4730002-D,10,18,09:31,10:00,"29 min"
2026-03-16,CU25B2-V01D,CU-025K27-57159A,1,1,09:40,09:51,"11 min"
2026-03-16,CRQ15B-V01D,P4730002-D,19,22,10:10,10:32,"22 min"
2026-03-16,CA32T-V01C,S370A63T38X32X30,1,16,10:30,12:10,"100 min"
2026-03-16,CXS10S3-V02D,CXS10A-R6001-20K,1,2,10:35,10:48,"13 min"
2026-03-16,CXS06S3-V03D,CXS06A-R6000-20K,1,4,10:50,11:04,"14 min"
2026-03-16,CG50R3-V01D,C3G50K02-AG005,1,8,11:14,12:08,"54 min"
2026-03-16,CG40R-V01D,CG-040K02-35903A,1,12,12:40,13:45,"65 min"
2026-03-16,LEY63B-V01B,LEY63-1D-30,1,2,13:01,14:29,"88 min"
2026-03-16,LEY63B-V02B,LEY63-1D-30,1,4,13:01,14:29,"88 min"
2026-03-16,CYV32K-V01D-ZZZ-DUN,CYV32C-R5503A30K,1,1,13:20,13:40,"20 min"
2026-03-16,CQ50G-V01D,C2Q50G-F2256-30K,1,1,13:45,14:00,"15 min"
2026-03-16,CG40R-V01D,CG-040K02-35903A,13,18,13:45,14:10,"25 min"
2026-03-16,CM32AS-V02D,C2M032K03-68716B,1,11,14:10,14:48,"38 min"
2026-03-16,LEY63B-V01B,LEY63-1D-30,3,5,14:29,16:30,"121 min"
2026-03-16,CM32AS-V02D,C2M032K03-68716B,12,22,14:50,15:40,"50 min"
2026-03-16,CSA6S-V01D,C1SA6E-AA750-15K,1,6,15:50,16:22,"32 min"
2026-03-13,MXS25TB-V01D,P3800602-M-2,13,14,07:50,08:18,"28 min"
2026-03-13,CP9640T-V02B,C9640ABAC959-30K,1,5,08:25,08:50,"25 min"
2026-03-13,MXS16B-V03D,P3800401B-M,1,9,08:34,09:53,"79 min"
2026-03-13,MGPM32B2-V01D,MGP32A-AC895-30K,1,5,08:42,09:10,"28 min"
2026-03-13,CP9632T4-V02D,C9632ABAZ033-30K,1,3,08:55,09:20,"25 min"
2026-03-13,MGPM32B2-V01D,MGP32A-AC895-30K,6,10,09:10,11:30,"140 min"
2026-03-13,MSQ10B2-V05D,P6260101-D,1,1,09:20,09:30,"10 min"
2026-03-13,CYR25SR-V01D,CYR25E-AX664-30K,1,2,09:30,09:43,"13 min"
2026-03-13,MXS16B-V03D,P3800401B-M,10,14,09:55,10:28,"33 min"
2026-03-13,CXS06S3-V03D,CXS06A-R6000-20K,1,12,10:39,11:04,"25 min"
2026-03-13,CA25T-V01C,S370A63T31X25X30,1,11,11:00,11:40,"40 min"
2026-03-13,VV14M1-V02D-ZZZ,DXT199-20-23-30,1,5,11:05,11:37,"32 min"
2026-03-13,XLA16B2-V02B,XLA16-1B-S,1,2,11:31,12:01,"30 min"
2026-03-13,PS63-V03D,S500A61T63X14X20,1,8,12:32,13:30,"58 min"
2026-03-13,MGPM32B2-V01D,MGP32A-AC895-30K,11,13,13:15,13:46,"31 min"
2026-03-13,PS63-V03D,S500A61T63X14X20,9,11,13:32,14:19,"47 min"
2026-03-13,CA25T-V03C,S370A63T31X25X30,1,7,14:00,14:45,"45 min"
2026-03-13,CG25H2-V01D,C1G25K02-AM406,1,14,14:30,14:57,"27 min"
2026-03-13,CG25H2-V01D,C1G25K02-AM406,15,21,15:00,15:24,"24 min"
2026-03-13,CJ16C-V01D,C2J16L-AH081-30K,1,18,15:35,16:03,"28 min"
2026-03-13,CJ16C-V01D,C2J16L-AH081-30K,19,28,16:05,16:28,"23 min"
2026-03-12,CQ63T3-V01C-ZZZ,C2Q63A-AD141A30K,1,1,07:52,08:16,"24 min"
2026-03-12,CQ63T3-V03C,C2Q63A-AD141A20K,1,1,08:16,08:42,"26 min"
2026-03-12,VV13M1-V01D-ZZZ,DXT192-11-44-30,1,11,08:56,09:28,"32 min"
2026-03-12,VV13M1-V01D-ZZZ,DXT192-11-44-30,12,21,09:32,10:13,"41 min"
2026-03-12,CQ25T3-V03B-ZZZ,C2Q25A-AD137A30K,1,11,10:18,10:43,"25 min"
2026-03-12,CQ25T3-V02B-ZZZ,C2Q25A-AD137A30K,1,8,10:48,11:10,"22 min"
2026-03-12,CA32T-V02C,S370A63T38X32X30,1,12,11:30,12:15,"45 min"
2026-03-12,CQ40G-V01C,C2Q40G-P1285-30K,1,12,12:10,12:38,"28 min"
2026-03-12,CQ40G-V01C,C2Q40G-P1285-30K,13,18,12:39,13:03,"24 min"
2026-03-12,CG25R3-V01D,C3G25K02-AG002,1,13,13:05,13:40,"35 min"
2026-03-12,MHZ16B2-V01E,P4811251-MH1,1,12,13:20,14:10,"50 min"
2026-03-12,CP9650H-V01D,C9650LCAZ035-30K,1,2,13:30,14:09,"39 min"
2026-03-12,CG25R3-V01D,C3G25K02-AG002,14,18,13:55,14:20,"25 min"
2026-03-12,CY1S40PA-V01D,CYS40JAAJ030A-20K,1,1,14:09,14:34,"25 min"
2026-03-12,MHZ16B2-V01E,P4811251-MH1,13,24,14:15,14:48,"33 min"
2026-03-12,MSQ30B2-V01S,P6260301-D,1,4,14:20,15:00,"40 min"
2026-03-12,CQ63T3-V04C,C2Q63A-AD141A20K,1,1,14:34,14:56,"22 min"
2026-03-12,MHZ16B2-V01E,P4811251-MH1,25,30,14:50,15:20,"30 min"
2026-03-12,MXS25TB-V01D,P3800602-M-2,1,6,15:12,15:47,"35 min"
2026-03-12,MXS25TB-V01D,P3800602-M-2,7,12,15:49,16:17,"28 min"
2026-03-12,MSQ30B5-V02D,P8910302-D,1,2,15:50,16:05,"15 min"
2026-03-12,CXS32S3-V02D,CXS32A-BA025-20K,1,2,16:05,16:20,"15 min"
2026-03-11,MSQ50B2-V04D,P6260401-D,1,7,08:50,09:44,"54 min"
2026-03-11,CP96A0T-V01B,C96A0ABAC963A30K,1,2,09:26,09:44,"18 min"
2026-03-11,CQS12T-V01D,CQS12-04-F6462-K,1,3,09:45,10:15,"30 min"
2026-03-11,CA50T-V01C,S370A63T58X50X30,1,10,09:50,11:45,"115 min"
2026-03-11,VV14M1-V01D-ZZZ,DXT199-20-23-30,1,8,10:25,10:52,"27 min"
2026-03-11,CP96A2T-V01B,C96A2ABAC964A30K,1,1,10:35,10:50,"15 min"
2026-03-11,VV14M1-V01D-ZZZ,DXT199-20-23-30,8,11,10:53,11:35,"42 min"
2026-03-11,MGPLA0B2-V01D,MGPA0A-AC910-20K,1,2,11:00,14:21,"201 min"
2026-03-11,CQ32G-V01C,C2Q32G-P1284-30K,1,18,11:48,12:45,"57 min"
2026-03-11,CA50T-V03C,S370A63T58X50X30,1,4,11:50,14:10,"140 min"
2026-03-11,CM40AH-V01D,C2M040K02-68717B,1,10,13:02,13:42,"40 min"
2026-03-11,CM40AH-V01D,C2M040K02-68717B,11,21,13:45,14:18,"33 min"
2026-03-11,MGPLA0B2-V01D,MGPA0A-AC910-20K,3,3,14:21,15:09,"48 min"
2026-03-11,CA80T-V01C,S370A63T89X80X30,1,7,14:45,15:35,"50 min"
2026-03-11,CA80T-V01C,S370A63T89X80X30,8,14,15:49,16:30,"41 min"
2026-03-10,XLA16B2-V02B,XLA16-1B-S,1,2,07:50,08:10,"20 min"
2026-03-10,CP96A0H-V01D,C96A0LCAZ038-30K,1,1,08:10,10:33,"143 min"
2026-03-10,XLA25B2-V04B,XLA25-1B-S,1,1,08:10,08:28,"18 min"
2026-03-10,VV13M1-V01D-ZZZ,DXT192-11-44-30,1,9,08:30,09:00,"30 min"
2026-03-10,VV13M1-V01D-ZZZ,DXT192-11-44-30,10,18,09:02,09:30,"28 min"
2026-03-10,VV13M1-V01D-ZZZ,DXT192-11-44-30,19,21,09:31,09:53,"22 min"
2026-03-10,XT790C-V01E,P79001005-M,1,12,09:55,10:25,"30 min"
2026-03-10,CA25T-V01C,S370A63T31X25X30,1,18,10:10,11:00,"50 min"
2026-03-10,XT790C-V01E,P79001005-M,13,24,10:30,11:00,"30 min"
2026-03-10,XT790C-V01E,P79001005-M,25,28,11:02,11:27,"25 min"
2026-03-10,MGPL16B2-V02D,MGP16A-AC902-30K,1,8,11:49,12:24,"35 min"
2026-03-10,MGPL16B2-V02D,MGP16A-AC902-30K,9,12,12:27,13:00,"33 min"
2026-03-10,CP96A2H-V01D,C96A2LCAZ039-30K,1,1,12:40,15:00,"140 min"
2026-03-10,XLA16B2-V02B,XLA16-1B-S,1,2,13:00,13:28,"28 min"
2026-03-10,CA50T-V03C,S370A63T58X50X30,1,10,13:20,14:20,"60 min"
2026-03-10,CQS16R-V01E,CQS16-02-J4467-K,1,6,13:30,13:55,"25 min"
2026-03-10,CP9663T-V03B,C9663ABAC961-30K,1,7,13:56,14:40,"44 min"
2026-03-10,CP9663T-V03B,C9663ABAC961-30K,8,14,14:43,15:20,"37 min"
2026-03-10,CP96A2H-V01D,C96A2LCAZ039-30K,2,2,15:00,16:30,"90 min"
2026-03-10,CG40R3-V01D,C3G40K02-AG004,1,11,15:30,16:07,"37 min"
2026-03-10,CXS15S3-V02D,CXS15A-BA022-20K,1,7,16:08,16:29,"21 min"
2026-03-09,CP9680T-V01B,C9680ABAC962A30K,1,5,08:16,09:02,"46 min"
2026-03-09,MXS08B-V03D,P3800201B-M,1,11,08:34,09:02,"28 min"
2026-03-09,MXS08B-V03D,P3800201B-M,12,20,09:03,09:30,"27 min"
2026-03-09,CA25T-V02C,S370A63T31X25X30,1,18,09:10,10:05,"55 min"
2026-03-09,MGPL25B2-V01D,MGP25A-AC904-30K,1,5,09:42,10:45,"63 min"
2026-03-09,MHZ16B2-V01E,P4811251-MH1,1,8,10:50,11:30,"40 min"
2026-03-09,CP9680T-V01B,C9680ABAC962A30K,6,10,12:01,14:01,"120 min"
2026-03-09,MGPL25B2-V01D,MGP25A-AC904-30K,6,10,12:15,13:00,"45 min"
2026-03-09,CP9663T-V01B,C9663ABAC961-30K,1,7,13:04,13:45,"41 min"
2026-03-09,CP9663T-V01B,C9663ABAC961-30K,8,14,13:46,14:30,"44 min"
2026-03-09,CP9680T-V01B,C9680ABAC962A30K,11,12,14:01,14:43,"42 min"
2026-03-09,CP9663T-V01B,C9663ABAC961-30K,15,15,14:50,15:03,"13 min"
2026-03-09,CP96A2T4-V01D,C96A2ABAZ039-30K,1,1,14:55,15:05,"10 min"
2026-03-09,CP9663H-V01D,C9663LCAZ036-30K,1,1,15:10,15:46,"36 min"
2026-03-09,XLS25B-V01B,XLS25-1-1B,1,1,15:40,16:08,"28 min"
2026-03-06,CXS20S2-V01E,CXS20A-AS989-20K,10,14,08:06,08:33,"27 min"
2026-03-06,CXS16S2-V01D,CXS16A-AS988-20K,1,7,09:20,09:47,"27 min"
2026-03-06,MXQ16B-V02D,P3802601B-M,1,8,09:48,10:30,"42 min"
2026-03-06,CP9663T-V03B,C9663ABAC961-30K,1,5,10:00,10:54,"54 min"
2026-03-06,MXQ16B-V02D,P3802601B-M,9,11,10:35,11:46,"71 min"
2026-03-06,CA32T-V01C,S370A63T38X32X30,1,5,11:10,12:00,"50 min"
2026-03-06,CQ25T-V01D,C2Q025K04-49999,1,6,11:46,12:30,"44 min"
2026-03-06,CA63T-V02C,S370A63T72X63X30,1,5,12:50,13:25,"35 min"
2026-03-06,MSQB0C-V01D,P3910018,1,2,13:43,15:01,"78 min"
2026-03-06,CA80T-V02C,S370A63T89X80X30,1,4,13:50,14:15,"25 min"
2026-03-06,CA32T-V02C,S370A63T38X32X30,1,11,14:00,14:42,"42 min"
2026-03-06,CA80T-V01C,S370A63T89X80X30,1,7,14:16,14:43,"27 min"
2026-03-06,CA80T-V01C,S370A63T89X80X30,8,10,14:44,15:10,"26 min"
2026-03-06,MSQ30B5-V02D,P8910302-D,1,1,14:45,14:57,"12 min"
2026-03-06,CYV32K-V01D-ZZZ-DUN,CYV32C-R5503A30K,1,3,15:00,15:10,"10 min"
2026-03-06,CP9632T4-V01D,C9632ABAZ033-30K,1,3,15:15,15:50,"35 min"
2026-03-06,CP9640H-V01D,C9640LCAZ034-30K,1,1,15:15,15:47,"32 min"
2026-03-06,CXS20S2-V01E,CXS20A-AS989-20K,1,9,15:25,16:00,"35 min"
2026-03-06,CP9632SG-V01D,C9632LAAZ033-30K,1,2,15:55,16:15,"20 min"
2026-03-05,CXS06S3-V03D,CXS06A-R6000-20K,1,6,08:00,08:30,"30 min"
2026-03-05,XLA40B2-V03B,XLA40-1B-S,1,2,08:16,09:01,"45 min"
2026-03-05,CP9640T-V03B,C9640ABAC959-30K,1,9,08:30,09:20,"50 min"
2026-03-05,CQS16R-V01E,CQS16-02-J4467-K,1,6,09:35,10:05,"30 min"
2026-03-05,CA20T-V03C,S370A63T26X20X20,1,22,10:40,11:20,"40 min"
2026-03-05,XLA80B2-V01D,XLA80-1B,1,1,10:52,13:43,"171 min"
2026-03-05,CA20T-V03C,S370A63T26X20X20,23,28,11:30,12:20,"50 min"
2026-03-05,CA80T-V01C,S370A63T89X80X30,1,4,11:46,12:17,"31 min"
2026-03-05,CA80T-V01C,S370A63T89X80X30,5,10,12:46,13:00,"14 min"
2026-03-05,XLA80B2-V02D,XLA80-1B,1,2,13:01,15:47,"166 min"
2026-03-05,CXS15S3-V02D,CXS15A-BA022-20K,1,1,14:05,14:20,"15 min"
2026-03-05,VV13M1-V01D-ZZZ,DXT192-11-44-30,1,4,14:05,14:40,"35 min"
2026-03-05,CG32R3-V01D,C3G32K02-AG003,1,10,14:20,15:00,"40 min"
2026-03-05,CP9663T-V03B,C9663ABAC961-30K,1,6,15:10,15:45,"35 min"
2026-03-05,CG20R3-V01D,C3G20K02-AG001,1,15,15:17,15:50,"33 min"
2026-03-05,CJ06C2-V01D,C2J06LAAH080-30K,1,22,15:30,16:00,"30 min"
2026-03-05,CP9663T-V03B,C9663ABAC961-30K,7,7,15:47,16:10,"23 min"
2026-03-05,XLA40B2-V04B,XLA40-1B-S,1,1,15:47,16:01,"14 min"
2026-03-05,CG20R3-V01D,C3G20K02-AG001,16,18,15:55,16:20,"25 min"
2026-03-05,CP9680H-V01D,C9680LCAZ037-30K,1,1,16:01,16:30,"29 min"
2026-03-05,CJ06C2-V01D,C2J06LAAH080-30K,23,40,16:02,16:28,"26 min"
2026-03-04,MGPM50B2-V01D,MGP50A-AC897-20K,5,6,07:49,08:58,"69 min"
2026-03-04,MB63TD-V01C,S409A63T68X63X30,1,4,07:50,08:18,"28 min"
2026-03-04,CXS10S2-V02E,CXS10A-AS987-20K,1,10,08:20,08:52,"32 min"
2026-03-04,MSQ20BB2-V01D,P8910280-D,1,3,08:30,09:00,"30 min"
2026-03-04,CRQ30B-V03D,P4730004-D,1,3,09:08,09:45,"37 min"
2026-03-04,MSQ50B2-V04D,P6260401-D,1,3,09:38,10:13,"35 min"
2026-03-04,MGPLA0B2-V01D,MGPA0A-AC910-20K,1,1,10:10,10:36,"26 min"
2026-03-04,CXS06P-V01D,CXS06J-A5157-20K,1,32,10:25,11:08,"43 min"
2026-03-04,MLU40LB-V01E,MLU40-27-Z0413-K,1,1,10:36,11:02,"26 min"
2026-03-04,CP9650T-V03B,C9650ABAC960-30K,1,7,10:45,12:00,"75 min"
2026-03-04,CXS06P-V01D,CXS06J-A5157-20K,33,56,11:15,11:50,"35 min"
2026-03-04,CQ50G-V01C,C2Q50G-F2256-30K,1,9,12:30,13:08,"38 min"
2026-03-04,MSQ70C-V02D,P3910016,1,2,13:01,14:02,"61 min"
2026-03-04,CP9650T-V03B,C9650ABAC960-30K,8,10,13:10,13:40,"30 min"
2026-03-04,CQ50G-V01C,C2Q50G-F2256-30K,10,11,13:20,13:50,"30 min"
2026-03-04,CP9640T-V02B,C9640ABAC959-30K,1,5,13:50,14:50,"60 min"
2026-03-04,MSQB0C-V01D,P3910018,1,2,14:02,16:10,"128 min"
2026-03-03,CP9640T4-V02D,C9640ABAZ034-30K,1,1,09:00,09:18,"18 min"
2026-03-03,CP9680T-V01B,C9680ABAC962A30K,1,4,09:01,10:58,"117 min"
2026-03-03,CYR10SR-V02D,CYR10E-AX661-30K,1,16,09:15,09:52,"37 min"
2026-03-03,CYR10SR-V02D,CYR10E-AX661-30K,17,32,09:53,10:28,"35 min"
2026-03-03,CYR10SR-V02D,CYR10E-AX661-30K,33,40,10:30,11:00,"30 min"
2026-03-03,CP9640T-V03B,C9640ABAC959-30K,1,7,10:40,11:20,"40 min"
2026-03-03,XLA25B2-V04B,XLA25-1B-S,1,1,11:02,11:15,"13 min"
2026-03-03,CP9640T-V03B,C9640ABAC959-30K,8,14,11:30,12:10,"40 min"
2026-03-03,CP9663T-V02B,C9663ABAC961-30K,1,3,11:35,11:50,"15 min"
2026-03-03,CP9663T-V03B,C9663ABAC961-30K,1,7,11:50,12:30,"40 min"
2026-03-03,CP9663T-V03B,C9663ABAC961-30K,8,14,12:35,13:00,"25 min"
2026-03-03,CA25T-V02C,S370A63T31X25X30,1,18,13:30,14:35,"65 min"
2026-03-03,CQ32G-V01C,C2Q32G-P1284-30K,1,7,13:55,14:27,"32 min"
2026-03-03,MGPM50B2-V01D,MGP50A-AC897-20K,1,4,14:01,14:59,"58 min"
2026-03-03,XLA16B2-V02B,XLA16-1B-S,1,4,14:17,14:35,"18 min"
2026-03-03,CA80T-V02C,S370A63T89X80X30,1,7,14:30,15:00,"30 min"
2026-03-03,CA80T-V02C,S370A63T89X80X30,8,10,15:10,15:35,"25 min"
2026-03-03,XLS25B-V02B,XLS25-1-1B,1,1,15:40,16:18,"38 min"
2026-03-02,MSQ50B5-V01D,P8910402-D,1,4,07:49,09:23,"94 min"
2026-03-02,CP9640T-V02B,C9640ABAC959-30K,8,14,07:50,08:20,"30 min"
2026-03-02,MXS16B-V03D,P3800401B-M,1,7,08:28,09:02,"34 min"
2026-03-02,CXS20S2-V01E,CXS20A-AS989-20K,1,7,09:03,09:32,"29 min"
2026-03-02,CXS20S2-V01E,CXS20A-AS989-20K,8,14,09:33,10:00,"27 min"
2026-03-02,CYR50SR-V01D,CYR50E-AX667-30K,1,1,09:50,10:02,"12 min"
2026-03-02,VV13M1-V01D-ZZZ,DXT192-11-44-30,1,3,10:12,10:48,"36 min"
2026-03-02,MSQ50B5-V01D,P8910402-D,1,6,10:16,11:31,"75 min"
2026-03-02,CP9650T-V02B,C9650ABAC960-30K,1,7,10:48,11:30,"42 min"
2026-03-02,CA63T-V03C,S370A63T72X63X30,1,8,10:57,11:48,"51 min"
2026-03-02,CA63T-V03C,S370A63T72X63X30,9,12,11:50,12:28,"38 min"
2026-03-02,PS50B-V01D,S502A61T50X13X27,1,11,12:55,13:30,"35 min"
2026-03-02,CYR15AR-V01E,CYR15L-AX662-20K,1,4,14:10,14:30,"20 min"
2026-03-02,CP9650T-V02B,C9650ABAC960-30K,8,10,14:15,14:52,"37 min"
2026-03-02,VV14M1-V02D-ZZZ,DXT199-20-23-30,1,8,15:00,15:37,"37 min"
2026-03-02,CA32T-V02C,S370A63T38X32X30,1,16,15:20,16:10,"50 min"
2026-03-02,VV14M1-V02D-ZZZ,DXT199-20-23-30,9,15,15:38,16:04,"26 min"
2026-02-27,CA50T-V02C,S370A63T58X50X30,1,10,09:00,09:40,"40 min"
2026-02-27,MSQ30B2-V01S,P6260301-D,1,7,09:50,10:40,"50 min"
2026-02-27,MB50T-V03C,S369A63T55X50X30,1,9,11:00,12:13,"73 min"
2026-02-27,MB40T-V01C,S369A63T45X40X30,1,13,11:00,11:42,"42 min"
2026-02-27,MB40T-V01C,S369A63T45X40X30,14,16,13:05,13:30,"25 min"
2026-02-27,MB50T-V03C,S369A63T55X50X30,10,18,13:10,13:47,"37 min"
2026-02-27,CYR06B-V01D,CYR06K-AX660-20K,1,18,13:40,14:11,"31 min"
2026-02-27,CYR06B-V01D,CYR06K-AX660-20K,19,24,14:12,14:35,"23 min"
2026-02-27,VV14M1-V01D-ZZZ,DXT199-20-23-30,1,3,14:36,15:05,"29 min"
2026-02-27,CP9640T-V02B,C9640ABAC959-30K,1,7,15:32,16:04,"32 min"
2026-02-26,MXS12B-V02D,P3800301B-M,11,14,07:50,08:25,"35 min"
2026-02-26,CXS32P-V01E,CXS32J-28751-20K,1,10,08:30,09:10,"40 min"
2026-02-26,VV13M1-V01D-ZZZ,DXT192-11-44-30,1,9,09:36,10:10,"34 min"
2026-02-26,VV13M1-V01D-ZZZ,DXT192-11-44-30,10,17,10:20,10:52,"32 min"
2026-02-26,CYR32E2-V01E,CYR32J-AX665-20K,1,1,10:30,10:50,"20 min"
2026-02-26,XLA25B2-V04B,XLA25-1B-S,1,4,12:20,13:18,"58 min"
2026-02-26,CG50H2-V01E,C1G50K02-AM409,1,7,13:10,14:05,"55 min"
2026-02-26,CXS16S2-V01D,CXS16A-AS988-20K,1,18,13:20,13:30,"10 min"
2026-02-26,PS50-V01D,S500A61T50X14X30,1,18,13:32,14:00,"28 min"
2026-02-26,PS63-V03D,S500A61T63X14X20,1,7,14:03,14:50,"47 min"
2026-02-26,CG63H2-V01E,C1G63K02-AM410,1,8,14:50,16:10,"80 min"
2026-02-26,CM32AH-V01D,C2M032K02-68716B,1,8,15:10,16:15,"65 min"
2026-02-25,MK16RC-V01E,MK-16L-AF606-20K,1,16,10:25,11:10,"45 min"
2026-02-25,CQ63G-V01C,C2Q63G-F2257-20K,1,7,11:20,11:50,"30 min"
2026-02-25,CQ63G-V01C,C2Q63G-F2257-20K,8,10,11:50,12:07,"17 min"
2026-02-25,CM20AH-V01D,C2M020K02-68714B,1,14,13:19,14:15,"56 min"
2026-02-25,CM20AH-V01D,C2M020K02-68714B,15,21,14:25,14:55,"30 min"
2026-02-25,MSQ50B2-V04D,P6260401-D,1,3,15:00,15:42,"42 min"
2026-02-25,MXS12B-V02D,P3800301B-M,1,14,15:45,16:20,"35 min"
2026-02-12,CRQ15B-V01D,P4730002-D,1,7,07:55,08:30,"35 min"
2026-02-12,CP96A2T4-V01D,C96A2ABAZ039-30K,1,1,08:00,08:20,"20 min"
2026-02-12,MB50T-V01C,S369A63T55X50X30,1,5,08:10,09:20,"70 min"
2026-02-12,CP9663H-V01D,C9663LCAZ036-30K,1,1,08:29,08:44,"15 min"
2026-02-12,CQ40T3-V02B-ZZZ,C2Q40A-AD139A30K,1,9,08:35,09:08,"33 min"
2026-02-12,MTS40R-V01E,MTS40-02-J3855-K,1,7,09:02,10:47,"105 min"
2026-02-12,CQ40T3-V02B-ZZZ,C2Q40A-AD139A30K,10,15,09:10,10:18,"68 min"
2026-02-12,CUJ10A-V02D,CUJ10A-P7103A20K,1,4,09:24,09:50,"26 min"
2026-02-12,CYR10B-V01D,CYR10K-AX661-20K,1,12,11:18,11:50,"32 min"
2026-02-12,CQ16C-V01D,S501A61T19X08X30,1,28,12:48,13:35,"47 min"
2026-02-12,CG63R3-V01D,C3G63K02-AG006,1,3,13:37,14:20,"43 min"
2026-02-12,CA50T-V01C,S370A63T58X50X30,1,10,14:20,15:00,"40 min"
2026-02-11,MGPM50B2-V02D,MGP50A-AC897-20K,1,4,07:45,09:00,"75 min"
2026-02-11,CQS20T-V01D,CQS20-04-F6466-K,1,7,07:50,08:30,"40 min"
2026-02-11,CYR25B-V01D,CYR25K-AX664-20K,1,6,08:32,09:00,"28 min"
2026-02-11,MGPM50B2-V02D,MGP50A-AC897-20K,5,6,09:00,10:01,"61 min"
2026-02-11,RSQ12RC-V01D,RSQ12G-M2080-20K,1,16,09:02,09:55,"53 min"
2026-02-11,CA40T-V01C,S370A63T47X40X30,13,18,09:30,13:40,"250 min"
2026-02-11,CYR15B-V01D,CYR15K-AX662-20K,1,14,10:30,11:15,"45 min"
2026-02-11,MSQ50B5-V01D,P8910402-D,1,1,10:49,11:31,"42 min"
2026-02-11,PS63-V03D,S500A61T63X14X20,1,6,11:16,12:39,"83 min"
2026-02-11,PS50B-V01D,S502A61T50X13X27,1,10,13:00,13:40,"40 min"
2026-02-11,PS50B-V01D,S502A61T50X13X27,11,14,13:41,14:00,"19 min"
2026-02-11,MHZ16B2-V01E,P4811251-MH1,1,6,13:48,14:17,"29 min"
2026-02-11,MSQ50B2-V04D,P6260401-D,1,5,14:02,14:40,"38 min"
2026-02-11,MGPM20B2-V01D,MGP20A-AC893-30K,1,1,14:20,14:33,"13 min"
2026-02-11,XLA40B2-V04B,XLA40-1B-S,1,2,14:30,15:18,"48 min"
2026-02-11,MB50T-V02C,S369A63T55X50X30,1,3,14:31,15:15,"44 min"
2026-02-11,CQ25T3-V02B-ZZZ,C2Q25A-AD137A30K,1,12,15:00,15:38,"38 min"
2026-02-11,MB50T-V02C,S369A63T55X50X30,4,7,15:20,16:05,"45 min"
2026-02-11,CQS25T-V01D,CQS25-04-F6467-K,1,8,15:40,16:10,"30 min"
2026-02-10,CY1S32PB-V01D,CYS32JBAJ029A-20K,1,1,07:45,08:42,"57 min"
2026-02-10,VV13M1-V01D-ZZZ,DXT192-11-44-30,1,9,08:30,09:07,"37 min"
2026-02-10,MB50T-V01C,S369A63T55X50X30,1,10,08:35,13:20,"285 min"
2026-02-10,MGPMA0B2-V01D,MGPA0A-AC900-20K,1,2,09:07,11:31,"144 min"
2026-02-10,VV13M1-V01D-ZZZ,DXT192-11-44-30,10,18,09:10,09:45,"35 min"
2026-02-10,VV13M1-V01D-ZZZ,DXT192-11-44-30,19,21,09:47,10:15,"28 min"
2026-02-10,CXS32P-V01E,CXS32J-28751-20K,1,14,10:25,11:30,"65 min"
2026-02-10,PS50-V01D,S500A61T50X14X30,1,7,11:33,12:30,"57 min"
2026-02-10,CM25AH-V01D,C2M025K02-68715B,1,14,12:35,13:10,"35 min"
2026-02-10,MGPMA0B2-V01D,MGPA0A-AC900-20K,3,4,13:08,15:21,"133 min"
2026-02-10,CM25AH-V01D,C2M025K02-68715B,15,21,13:12,13:40,"28 min"
2026-02-10,CP9640T4-V02D,C9640ABAZ034-30K,1,1,13:22,13:35,"13 min"
2026-02-10,CG50R3-V01D,C3G50K02-AG005,1,5,13:42,14:15,"33 min"
2026-02-10,CA50T-V03C,S370A63T58X50X30,1,8,13:50,15:00,"70 min"
2026-02-10,CA40T-V01C,S370A63T47X40X30,1,12,15:00,16:15,"75 min"
2026-02-10,CQ20T-V01D,C2Q020K04-49998,1,13,15:05,15:42,"37 min"
2026-02-10,CQ20T-V01D,C2Q020K04-49998,14,19,15:43,16:08,"25 min"
2026-02-09,CQS16T2-V01D,CQS16-04-F6465-K,1,5,09:04,09:38,"34 min"
2026-02-09,MSQ10B2-V04D,P6260101-D,1,1,09:13,09:22,"9 min"
2026-02-09,CY1S15PB-V01D,CYS15JBAJ026A-20K,1,1,09:23,09:37,"14 min"
2026-02-09,CY1S20PB-V01D,CYS20JBAJ027A-20K,1,1,09:38,09:55,"17 min"
2026-02-09,CRQ15B-V01D,P4730002-D,1,7,09:40,10:15,"35 min"
2026-02-09,CQ40T3-V03B-ZZZ,C2Q40A-AD139A30K,1,9,10:27,11:03,"36 min"
2026-02-09,MB40T-V02C,S369A63T45X40X30,1,10,10:38,12:20,"102 min"
2026-02-09,CQ40T3-V03B-ZZZ,C2Q40A-AD139A30K,10,14,11:05,11:35,"30 min"
2026-02-09,MSQ70C-V02D,P3910016,1,1,12:15,12:46,"31 min"
2026-02-09,MXS25TB-V01D,P3800602-M-2,1,18,12:30,12:50,"20 min"
2026-02-09,CQA0T3-V02C-ZZZ,C2QA0A-AD143-30K,1,3,12:46,16:30,"224 min"
2026-02-09,CXS10S2-V01E,CXS10A-AS987-20K,1,5,13:00,13:32,"32 min"
2026-02-09,CXS25S3-V02D,CXS25A-BA024-20K,1,3,13:33,14:05,"32 min"
2026-02-09,MXS12B-V03D,P3800301B-M,1,10,14:22,15:02,"40 min"
2026-02-09,MXS12B-V03D,P3800301B-M,11,14,15:13,15:43,"30 min"
2026-02-09,CYR40B-V01D,CYR40K-AX666-20K,1,5,15:45,16:10,"25 min"
2026-02-06,CQ50T3-V03B-ZZZ,C2Q50A-AD140A30K,1,7,07:55,08:30,"35 min"
2026-02-06,VV14M1-V01D-ZZZ,DXT199-20-23-30,8,15,07:55,08:32,"37 min"
2026-02-06,CA40T-V03C,S370A63T47X40X30,12,18,08:20,09:13,"53 min"
2026-02-06,MXS25TB-V01D,P3800602-M-2,1,2,08:33,09:00,"27 min"
2026-02-06,CQ50T3-V03B-ZZZ,C2Q50A-AD140A30K,8,14,09:00,09:30,"30 min"
2026-02-06,CA50T-V03C,S370A63T58X50X30,1,3,09:00,09:45,"45 min"
2026-02-06,CY1S32PA-V01D,CYS32JAAJ029A-20K,1,2,09:01,09:27,"26 min"
2026-02-06,MSQB0C-V01D,P3910018,1,2,09:27,10:23,"56 min"
2026-02-06,CXS06P-V01D,CXS06J-A5157-20K,1,37,09:35,10:10,"35 min"
2026-02-06,CP9632T4-V02D,C9632ABAZ033-30K,1,2,09:50,10:05,"15 min"
2026-02-06,CXS06P-V01D,CXS06J-A5157-20K,38,64,10:20,11:05,"45 min"
2026-02-06,CP9663T4-V02D,C9663ABAZ036-30K,1,1,10:20,10:32,"12 min"
2026-02-06,CY1S10PB-V01D,CYS10JBAJ025A-20K,1,1,10:45,11:00,"15 min"
2026-02-06,MHZ16B2-V01E,P4811251-MH1,1,2,11:00,11:17,"17 min"
2026-02-06,CG40H3-V02D,C1G40L-AT034-30K,1,6,11:10,11:37,"27 min"
2026-02-06,VJ10M-V02D,VJ100-16-7,1,2,11:40,11:59,"19 min"
2026-02-06,XLA80B2-V02D,XLA80-1B,1,2,11:45,16:30,"285 min"
2026-02-06,CM20AH-V01D,C2M020K02-68714B,1,14,12:05,12:40,"35 min"
2026-02-06,CM20AH-V01D,C2M020K02-68714B,15,21,12:41,13:12,"31 min"
2026-02-06,CJ06C2-V01D,C2J06LAAH080-30K,1,26,13:50,14:30,"40 min"
2026-02-06,MSQ50B5-V01D,P8910402-D,1,1,14:21,14:43,"22 min"
2026-02-06,CJ06C2-V01D,C2J06LAAH080-30K,27,40,14:50,15:20,"30 min"
2026-02-06,VV14M1-V01D-ZZZ,DXT199-20-23-30,1,7,15:25,16:05,"40 min"
2026-02-06,CA40T-V03C,S370A63T47X40X30,1,12,15:48,16:25,"37 min"
2026-02-05,CUJ08A-V02D,CUJ08A-P7102A20K,1,2,08:00,08:20,"20 min"
2026-02-05,CXS32S2-V01E,CXS32A-AS991-20K,1,5,08:15,09:37,"82 min"
2026-02-05,CY1S06PA-V01D,CYS06JBAJ024A-20K,1,1,08:30,08:53,"23 min"
2026-02-05,CY1S10PA-V01D,CYS10JAAJ025A-20K,1,1,08:55,09:10,"15 min"
2026-02-05,CY1S15PA-V01D,CYS15JAAJ026A-20K,1,1,09:10,09:23,"13 min"
2026-02-05,CYR25SR-V02D,CYR25E-AX664-30K,1,2,09:23,09:37,"14 min"
2026-02-05,SY70MP-V01D,SY70M-20-E-1,1,1,09:36,10:07,"31 min"
2026-02-05,MXS16B-V03D,P3800401B-M,1,8,09:40,10:30,"50 min"
2026-02-05,CY1S32S-V01D,CYS32K-AJ029-20K,1,2,10:07,10:32,"25 min"
2026-02-05,CY1S40S-V01D,CYS40K-AJ030-20K,1,2,10:32,10:59,"27 min"
2026-02-05,MXS16B-V03D,P3800401B-M,9,14,10:32,11:05,"33 min"
2026-02-05,CA50T-V02C,S370A63T58X50X30,1,9,10:55,16:00,"305 min"
2026-02-05,CXS20P-V01E,CXS20J-28749-20K,1,16,11:30,12:15,"45 min"
2026-02-05,CXS16S2-V01D,CXS16A-AS988-20K,1,1,12:17,12:30,"13 min"
2026-02-05,CQ63G-V01C,C2Q63G-F2257-20K,1,7,13:00,13:35,"35 min"
2026-02-05,CY1S40PA-V01D,CYS40JAAJ030A-20K,1,1,13:02,13:28,"26 min"
2026-02-05,CY1S40PB-V01D,CYS40JBAJ030A-20K,1,1,13:28,13:53,"25 min"
2026-02-05,CQ63G-V01C,C2Q63G-F2257-20K,8,14,13:37,14:10,"33 min"
2026-02-05,XLA25B2-V04B,XLA25-1B-S,1,7,14:12,14:50,"38 min"
2026-02-05,MXS08B-V03D,P3800201B-M,1,12,15:00,15:35,"35 min"
2026-02-05,MXS08B-V03D,P3800201B-M,13,24,15:36,16:20,"44 min"
2026-02-04,CUJ06A-V02D,CUJ06A-P7101A20K,1,3,08:18,08:33,"15 min"
2026-02-04,CQ32T-V02B,C2Q32-04-J0779-K,1,5,08:35,09:10,"35 min"
2026-02-04,CUJ10A-V02D,CUJ10A-P7103A20K,1,2,08:35,08:52,"17 min"
2026-02-04,CXS15P-V01D,CXS15J-28748-20K,1,20,09:35,10:20,"45 min"
2026-02-04,MGPLA0B2-V01D,MGPA0A-AC910-20K,1,1,09:36,10:02,"26 min"
2026-02-04,CP96A0T4-V01D,C96A0ABAZ038-30K,1,1,10:02,10:36,"34 min"
2026-02-04,CA40T-V02C,S370A63T47X40X30,1,12,10:10,11:15,"65 min"
2026-02-04,CXS15P-V01D,CXS15J-28748-20K,21,40,10:25,11:10,"45 min"
2026-02-04,VV14M1-V01D-ZZZ,DXT199-20-23-30,1,8,11:25,12:00,"35 min"
2026-02-04,VV14M1-V01D-ZZZ,DXT199-20-23-30,9,11,12:02,12:30,"28 min"
2026-02-04,CQ40C-V01D,S501A61T43X16X30,1,13,12:37,13:05,"28 min"
2026-02-04,CA40T-V02C,S370A63T47X40X30,13,16,13:20,13:55,"35 min"
2026-02-04,MSQ50B2-V04D,P6260401-D,1,6,13:45,15:00,"75 min"
2026-02-04,CXS10S2-V01E,CXS10A-AS987-20K,1,5,14:00,14:56,"56 min"
2026-02-04,CG80H3-V01D,C1G80L-AX760-30K,1,3,14:16,15:08,"52 min"
2026-02-04,CYR20SR-V02D,CYR20E-AX663-30K,1,14,15:00,15:37,"37 min"
2026-02-04,CYR20SR-V02D,CYR20E-AX663-30K,15,28,15:38,16:10,"32 min"
2026-02-04,CYR20SR-V02D,CYR20E-AX663-30K,29,42,16:12,16:28,"16 min"
2026-02-03,CYR63SR-V01D,CYR63E-AX668-30K,1,2,08:20,08:40,"20 min"
2026-02-03,MHZ32B-V01D,P4811501-M-1,1,2,08:55,09:55,"60 min"
2026-02-03,MLU25LB-V01E,MLU25-27-Z0411-K,1,9,10:00,10:45,"45 min"
2026-02-03,MXS25TB-V02D,P3800602-M-2,1,6,10:55,11:30,"35 min"
2026-02-03,MXS25TB-V02D,P3800602-M-2,7,8,11:35,12:12,"37 min"
2026-02-03,CG40R-V01D,CG-040K02-35903A,1,11,11:46,12:15,"29 min"
2026-02-03,CYR20SR-V02D,CYR20E-AX663-30K,1,14,12:35,13:05,"30 min"
2026-02-03,CG40R-V01D,CG-040K02-35903A,12,21,12:45,14:05,"80 min"
2026-02-03,CYR20SR-V02D,CYR20E-AX663-30K,15,28,13:10,14:30,"80 min"
2026-02-03,CQ20K-V01D,C2Q020K31-49998A,1,20,14:10,14:47,"37 min"
2026-02-03,MGPL63B2-V02D,MGP63A-AC908-20K,1,1,14:26,14:52,"26 min"
2026-02-03,MGPL80B2-V02D,MGP80A-AC909-20K,1,1,14:52,15:31,"39 min"
2026-02-03,CQ20T3-V02B-ZZZ,C2Q20A-AD136A30K,1,8,14:58,15:05,"7 min"
2026-02-03,CYR20SR-V02D,CYR20E-AX663-30K,29,42,15:10,15:40,"30 min"
2026-02-03,MGPM80B2-V02D,MGP80A-AC899-20K,1,1,15:31,16:07,"36 min"
2026-02-03,CXS25S2-V02E,CXS25A-AS990-20K,1,7,16:00,16:25,"25 min"
2026-02-02,CQ12T3L-V02B-ZZZ,C2Q12A-AD367-30K,15,28,08:00,08:45,"45 min"
2026-02-02,XLA25B2-V04B,XLA25-1B-S,1,7,08:20,09:25,"65 min"
2026-02-02,MXS08B-V03D,P3800201B-M,1,12,09:40,10:15,"35 min"
2026-02-02,MXS08B-V03D,P3800201B-M,13,14,10:25,10:58,"33 min"
2026-02-02,MXS12B-V03D,P3800301B-M,1,5,11:10,11:46,"36 min"
2026-02-02,MGPM20B2-V02D,MGP20A-AC893-30K,1,3,11:46,12:20,"34 min"
2026-02-02,CY1S25PB-V01D,CYS25JBAJ028A-20K,1,1,12:00,12:15,"15 min"
2026-02-02,MGPL20B2-V02D,MGP20A-AC903-30K,1,7,12:22,13:00,"38 min"
2026-02-02,CYB15C-V01D,CYB15L-AS377-30K,1,10,13:00,13:28,"28 min"
2026-02-02,CP9640T4-V02D,C9640ABAZ034-30K,1,1,13:10,13:24,"14 min"
2026-02-02,MSQ10B2-V04D,P6260101-D,1,2,13:25,13:43,"18 min"
2026-02-02,XLA80B2-V01D,XLA80-1B,3,3,13:26,14:58,"92 min"
2026-02-02,CXS25S3-V02D,CXS25A-BA024-20K,1,3,13:30,14:00,"30 min"
2026-02-02,MYM16BH-V01E,MYM16-42AK0500-20K,1,8,13:50,14:15,"25 min"
2026-02-02,CXS20S2-V01E,CXS20A-AS989-20K,1,8,14:00,14:30,"30 min"
2026-02-02,CY1S06PB-V01D,CYS06JBAJ024A-20K,1,1,14:25,14:40,"15 min"
2026-02-02,CXS20S2-V01E,CXS20A-AS989-20K,9,14,14:30,14:57,"27 min"
2026-02-02,CQ50T3-V02B-ZZZ,C2Q50A-AD140A30K,1,8,14:50,15:45,"55 min"
2026-02-02,CQ40T3-V02B-ZZZ,C2Q40A-AD139A30K,1,9,15:12,15:50,"38 min"
2026-02-02,CQ12T3L-V02B-ZZZ,C2Q12A-AD367-30K,1,14,15:55,16:20,"25 min"
2026-01-30,XLA40B2-V04B,XLA40-1B-S,1,4,07:45,11:00,"195 min"
2026-01-30,CY1S20PA-V01D,CYS20JAAJ027A-20K,1,1,07:55,08:10,"15 min"
2026-01-30,CY1S25PA-V01D,CYS25JAAJ028A-20K,1,1,08:10,08:26,"16 min"
2026-01-30,CYR20SR-V02D,CYR20E-AX663-30K,1,14,08:30,09:30,"60 min"
2026-01-30,MXQ25B-V02D,P3802801B-M,1,7,09:00,09:30,"30 min"
2026-01-30,MXQ25B-V02D,P3802801B-M,8,10,09:35,10:05,"30 min"
2026-01-30,MXQ16B-V02D,P3802601B-M,1,9,10:15,11:31,"76 min"
2026-01-30,CYR20SR-V02D,CYR20E-AX663-30K,15,28,10:20,10:55,"35 min"
2026-01-30,MXQ16B-V02D,P3802601B-M,10,12,11:31,12:10,"39 min"
2026-01-30,VJ10M-V02D,VJ100-16-7,1,6,12:15,12:40,"25 min"
2026-01-30,VV14M1-V02D-ZZZ,DXT199-20-23-30,1,2,12:45,13:05,"20 min"
2026-01-30,MLU40LB-V01E,MLU40-27-Z0413-K,1,1,13:00,13:21,"21 min"
2026-01-30,CYR20SR-V02D,CYR20E-AX663-30K,29,42,13:05,13:35,"30 min"
2026-01-30,CYR40B-V01D,CYR40K-AX666-20K,1,3,13:10,13:30,"20 min"
2026-01-30,CY1S40S-V01D,CYS40K-AJ030-20K,1,1,13:21,13:58,"37 min"
2026-01-30,PS50-V01D,S500A61T50X14X30,1,4,13:35,14:15,"40 min"
2026-01-30,XLA80B2-V01D,XLA80-1B,1,2,13:36,16:30,"174 min"
2026-01-30,CP9680T4-V02D,C9680ABAZ037-30K,1,1,13:58,14:26,"28 min"
2026-01-30,CM40AS-V01D,C2M040K03-68717B,1,11,14:20,15:05,"45 min"
2026-01-30,CM40AS-V01D,C2M040K03-68717B,12,14,15:15,15:35,"20 min"
2026-01-29,XLA63B2-V02D,XLA63-1B,1,1,07:45,08:40,"55 min"
2026-01-29,MSQ50B2-V04D,P6260401-D,1,3,07:55,08:35,"40 min"
2026-01-29,MGPL20B2-V01D,MGP20A-AC903-30K,7,12,07:55,08:20,"25 min"
2026-01-29,MGPL20B2-V01D,MGP20A-AC903-30K,13,14,08:25,08:50,"25 min"
2026-01-29,CYR32SR-V02D,CYR32E-AX665-30K,11,20,08:30,09:30,"60 min"
2026-01-29,CRQ15B-V02C,P4730002-D,1,9,08:37,09:12,"35 min"
2026-01-29,CRQ15B-V02C,P4730002-D,10,14,09:13,09:49,"36 min"
2026-01-29,XLA80B2-V02D,XLA80-1B,1,1,09:31,10:00,"29 min"
2026-01-29,CYR40SR-V01D,CYR40E-AX666-30K,1,9,09:40,10:10,"30 min"
2026-01-29,MGPM20B2-V02D,MGP20A-AC893-30K,1,6,09:50,10:40,"50 min"
2026-01-29,CXS10S2-V02E,CXS10A-AS987-20K,1,11,10:42,11:20,"38 min"
2026-01-29,MYM25P-V01D,CYP025-32D29449,1,6,11:15,11:42,"27 min"
2026-01-29,SY50M-V02B,SY5000-20-1,1,7,11:25,12:45,"80 min"
2026-01-29,XLA25B2-V04B,XLA25-1B-S,1,5,11:45,13:10,"85 min"
2026-01-29,CYR40SR-V01D,CYR40E-AX666-30K,10,17,12:20,13:50,"90 min"
2026-01-29,SY50M-V02B,SY5000-20-1,8,9,12:45,13:10,"25 min"
2026-01-29,CYR40SR-V01D,CYR40E-AX666-30K,18,20,12:53,13:15,"22 min"
2026-01-29,PS63-V03D,S500A61T63X14X20,1,4,13:10,13:47,"37 min"
2026-01-29,MSQ10B5-V02D,P8910102-D,1,5,13:20,14:30,"70 min"
2026-01-29,PS63-V03D,S500A61T63X14X20,1,3,13:48,14:20,"32 min"
2026-01-29,CM25AH-V01D,C2M025K02-68715B,1,14,14:20,14:50,"30 min"
2026-01-29,MHZ10B2-V01E,P4811151-MH1,1,2,14:42,15:00,"18 min"
2026-01-29,CXS32S2-V01E,CXS32A-AS991-20K,1,3,15:10,15:54,"44 min"
2026-01-29,CYR25SR-V02D,CYR25E-AX664-30K,1,2,15:20,15:38,"18 min"
2026-01-29,MGPL20B2-V01D,MGP20A-AC903-30K,1,6,15:57,16:25,"28 min"
2026-01-28,XLA40B2-V04B,XLA40-1B-S,1,7,07:45,13:46,"361 min"
2026-01-28,MXS16B-V03D,P3800401B-M,1,9,09:08,09:45,"37 min"
2026-01-28,MXS16B-V03D,P3800401B-M,10,14,10:30,11:10,"40 min"
2026-01-28,CYR15SR-V02D,CYR15E-AX662-30K,31,44,12:40,13:15,"35 min"
2026-01-28,MSQ30B2-V01S,P6260301-D,1,3,13:30,14:30,"60 min"
2026-01-28,XLA40B2-V04B,XLA40-1B-S,8,10,13:46,15:45,"119 min"
2026-01-28,PS63B-V01D,S502A61T63X13X20,1,7,13:55,15:05,"70 min"
2026-01-28,MSQ50B2-V03D,P6260401-D,1,1,14:34,14:48,"14 min"
2026-01-28,PS63B-V01D,S502A61T63X13X20,8,9,15:18,16:10,"52 min"
2026-01-28,CYR32SR-V02D,CYR32E-AX665-30K,1,10,15:48,16:15,"27 min"
2026-01-28,APT9-V01E,APTE00-96001042-D,1,3,16:10,16:29,"19 min"
2026-01-27,MGPM50B2-V01D,MGP50A-AC897-20K,1,4,07:45,08:36,"51 min"
2026-01-27,SY70M-V01B,SY7000-20-1,1,4,07:50,08:38,"48 min"
2026-01-27,LEF32B0-V01D,LEF32-1D,1,1,08:00,08:16,"16 min"
2026-01-27,LEF25TB0-V01D,LEF25-4D,1,1,08:16,08:28,"12 min"
2026-01-27,MXW16B-V01D,P3801001-M,1,2,08:28,08:40,"12 min"
2026-01-27,MGPM50B2-V01D,MGP50A-AC897-20K,5,8,08:36,13:59,"323 min"
2026-01-27,CRQ15B-V01D,P4730002-D,1,4,08:38,09:05,"27 min"
2026-01-27,MSQ10B2-V04D,P6260101-D,1,2,08:40,08:53,"13 min"
2026-01-27,CYR25SR-V02D,CYR25E-AX664-30K,1,2,08:53,09:10,"17 min"
2026-01-27,CQ50T3-V02B-ZZZ,C2Q50A-AD140A30K,1,7,09:06,09:40,"34 min"
2026-01-27,MXS25TB-V02D,P3800602-M-2,1,1,09:25,09:40,"15 min"
2026-01-27,MXS25TB-V01D,P3800602-M-2,1,6,09:42,10:20,"38 min"
2026-01-27,MSQ30B2-V01S,P6260301-D,1,1,09:45,10:05,"20 min"
2026-01-27,MXS25TB-V01D,P3800602-M-2,7,12,10:45,11:20,"35 min"
2026-01-27,CYR15SR-V02D,CYR15E-AX662-30K,1,12,11:00,11:40,"40 min"
2026-01-27,MXS25TB-V01D,P3800602-M-2,13,16,11:22,11:45,"23 min"
2026-01-27,CQ32C-V01D,S501A61T35X16X30,1,14,11:45,12:10,"25 min"
2026-01-27,CQ32C-V01D,S501A61T35X16X30,15,18,12:10,12:50,"40 min"
2026-01-27,APT6-V01B,APTE00-96000150-D,1,9,12:55,13:30,"35 min"
2026-01-27,CP9632T4-V02D,C9632ABAZ033-30K,1,1,13:08,13:20,"12 min"
2026-01-27,CP9640T4-V02D,C9640ABAZ034-30K,1,1,13:20,13:33,"13 min"
2026-01-27,CYR15SR-V02D,CYR15E-AX662-30K,1,15,13:40,14:10,"30 min"
2026-01-27,CYB40B-V01D,CYB40K-AS381-20K,1,4,13:59,14:40,"41 min"
2026-01-27,MGPM25B2-V01D,MGP25A-AC894-30K,1,5,14:00,15:00,"60 min"
2026-01-27,CY1S32S-V01D,CYS32K-AJ029-20K,1,1,14:40,15:00,"20 min"
2026-01-27,MGPM25B2-V01D,MGP25A-AC894-30K,6,10,15:15,16:15,"60 min"
2026-01-27,CYR15SR-V02D,CYR15E-AX662-30K,16,30,15:45,16:20,"35 min"
2026-01-26,SY50M-V01B,SY5000-20-1,1,7,07:55,08:55,"60 min"
2026-01-26,SY50M-V01B,SY5000-20-1,8,14,08:55,09:55,"60 min"
2026-01-26,CXS16S2-V01D,CXS16A-AS988-20K,1,8,09:56,10:32,"36 min"
2026-01-26,CYR15SR-V02D,CYR15E-AX662-30K,1,16,10:30,11:05,"35 min"
2026-01-26,CQS20T-V01D,CQS20-04-F6466-K,1,5,10:33,10:56,"23 min"
2026-01-26,CSB0S-V01D,C1SB0E-AA752-15K,1,6,10:57,11:30,"33 min"
2026-01-26,PS50B-V01D,S502A61T50X13X27,1,10,11:13,12:50,"97 min"
2026-01-26,MGPL80B2-V02D,MGP80A-AC909-20K,1,1,11:19,11:37,"18 min"
2026-01-26,VJ10M-V02D,VJ100-16-7,1,4,11:45,12:05,"20 min"
2026-01-26,PS50B-V01D,S502A61T50X13X27,11,20,13:20,13:55,"35 min"
2026-01-26,CYR15SR-V02D,CYR15E-AX662-30K,17,32,13:20,13:50,"30 min"
2026-01-26,CYR15SR-V02D,CYR15E-AX662-30K,33,40,13:55,14:20,"25 min"
2026-01-26,MXS16B-V01D,P3800401B-M,1,1,14:25,14:40,"15 min"
2026-01-26,CM25AH-V01D,C2M025K02-68715B,1,14,14:27,15:10,"43 min"
2026-01-26,CP9650T4-V02D,C9650ABAZ035-30K,1,1,14:40,14:50,"10 min"
2026-01-26,CY1S06S-V01D,CYS06K-AJ024-20K,1,1,14:50,15:00,"10 min"
2026-01-26,CY1S20S-V01D,CYS20K-AJ027-20K,1,1,15:15,15:26,"11 min"
2026-01-26,CM25AH-V01D,C2M025K02-68715B,15,21,15:20,15:36,"16 min"
2026-01-26,CXS20S2-V01E,CXS20A-AS989-20K,1,8,15:37,16:07,"30 min"
2026-01-26,LEF16TB0-V01D,LEF16-4D,1,1,15:43,16:00,"17 min"
2026-01-26,CXS20S2-V01E,CXS20A-AS989-20K,9,14,16:08,16:28,"20 min"
2026-01-23,MGPM25B2-V02D,MGP25A-AC894-30K,1,6,08:20,09:15,"55 min"
2026-01-23,CP9632T4-V02D,C9632ABAZ033-30K,1,1,08:28,08:40,"12 min"
2026-01-23,CP9663T4-V02D,C9663ABAZ036-30K,1,1,08:55,09:10,"15 min"
2026-01-23,MGPM25B2-V02D,MGP25A-AC894-30K,7,9,09:16,10:00,"44 min"
2026-01-23,CYR15SR-V02D,CYR15E-AX662-30K,1,14,09:30,10:15,"45 min"
2026-01-23,CYR15SR-V02D,CYR15E-AX662-30K,15,28,10:30,11:00,"30 min"
2026-01-23,VV13M1-V01D-ZZZ,DXT192-11-44-30,1,8,10:50,11:18,"28 min"
2026-01-23,CYR32SR-V02D,CYR32E-AX665-30K,1,2,11:05,11:20,"15 min"
2026-01-23,VV13M1-V01D-ZZZ,DXT192-11-44-30,9,16,11:18,11:49,"31 min"
2026-01-23,MYM16BH-V01E,MYM16-42AK0500-20K,1,8,11:20,11:38,"18 min"
2026-01-23,CYR32SR-V02D,CYR32E-AX665-30K,1,11,11:40,12:18,"38 min"
2026-01-23,CXS20S2-V01E,CXS20A-AS989-20K,1,8,11:49,12:28,"39 min"
2026-01-23,CYR32SR-V02D,CYR32E-AX665-30K,12,22,12:20,13:00,"40 min"
2026-01-23,CXS20S2-V01E,CXS20A-AS989-20K,9,16,12:29,13:05,"36 min"
2026-01-23,CYR32SR-V02D,CYR32E-AX665-30K,23,34,13:10,14:50,"100 min"
2026-01-23,PS50-V01D,S500A61T50X14X30,1,8,14:00,15:00,"60 min"
2026-01-23,XLA25B2-V04B,XLA25-1B-S,1,7,15:10,15:50,"40 min"
2026-01-22,CQ25T-V01D-ZZZ,C2Q025K04-49999-30K,1,3,07:47,08:05,"18 min"
2026-01-22,CQ25T-V01D,C2Q025K04-49999,1,12,08:15,09:05,"50 min"
2026-01-22,CRQ15B-V01C,P4730002-D,1,5,09:10,10:00,"50 min"
2026-01-22,MYH40K-V02D,MYH40J-R6302-30K,1,1,10:06,10:30,"24 min"
2026-01-22,CRQ15B-V02C,P4730002-D,1,5,10:10,10:35,"25 min"
2026-01-22,CXS10S2-V02E,CXS10A-AS987-20K,1,3,10:40,11:15,"35 min"
2026-01-22,CXS10S2-V01E,CXS10A-AS987-20K,1,5,10:50,11:25,"35 min"
2026-01-22,CQ50T3-V03B-ZZZ,C2Q50A-AD140A30K,1,7,11:20,11:42,"22 min"
2026-01-22,CQ50T3-V03B-ZZZ,C2Q50A-AD140A30K,8,10,11:42,12:10,"28 min"
2026-01-22,PS63-V03D,S500A61T63X14X20,1,3,12:20,13:05,"45 min"
2026-01-22,CG50H3-V01D,C1G50L-AT035-30K,1,5,13:20,14:05,"45 min"
2026-01-22,CK63H-V01D,C1K63L-AS976-30K,1,3,13:52,14:28,"36 min"
2026-01-22,CQS25T-V01D-ZZZ,CQS25-04-F6467-30K,1,7,14:10,14:30,"20 min"
2026-01-22,MSQ50B2-V04D,P6260401-D,1,4,14:35,14:10,"-25 min"
2026-01-22,MXQ16B-V02D,P3802601B-M,1,9,15:15,16:10,"55 min"
2026-01-22,CYR40SR-V01D,CYR40E-AX666-30K,1,6,15:30,16:05,"35 min"
2026-01-22,MXQ16B-V02D,P3802601B-M,10,11,16:12,16:28,"16 min"
2026-01-21,MHM50B1-V01D,P7471701-M,1,2,07:45,08:42,"57 min"
2026-01-21,CQ20T3-V02B-ZZZ,C2Q20A-AD136A30K,1,3,07:55,08:20,"25 min"
2026-01-21,CYR40SR-V01D,CYR40E-AX666-30K,10,17,08:15,08:50,"35 min"
2026-01-21,CQ20T-V01D,C2Q020K04-49998,1,12,08:21,08:58,"37 min"
2026-01-21,CYR40SR-V01D,CYR40E-AX666-30K,18,25,08:58,09:30,"32 min"
2026-01-21,CQ20T-V01D,C2Q020K04-49998,13,16,08:58,09:25,"27 min"
2026-01-21,CQ20T-V01D-ZZZ,C2Q020K04-49998-30K,1,3,09:26,09:52,"26 min"
2026-01-21,CYR40SR-V01D,CYR40E-AX666-30K,26,27,09:35,10:05,"30 min"
2026-01-21,CQS25T-V01D-ZZZ,CQS25-04-F6467-30K,1,11,10:15,10:50,"35 min"
2026-01-21,CYR40SR-V01D,CYR40E-AX666-30K,28,34,10:20,10:50,"30 min"
2026-01-21,MSQ50B5-V01D,P8910402-D,1,1,10:31,10:50,"19 min"
2026-01-21,PS80B-V01D,S502A61T80X17X20,1,6,10:50,11:31,"41 min"
2026-01-21,MXS16B-V03D,P3800401B-M,1,5,10:51,11:30,"39 min"
2026-01-21,CYR20SR-V02D,CYR20E-AX663-30K,1,12,12:00,12:48,"48 min"
2026-01-21,CYR20SR-V02D,CYR20E-AX663-30K,13,24,12:50,13:20,"30 min"
2026-01-21,PSA0B-V01D,S502A61TA0X20X20,1,1,13:01,13:21,"20 min"
2026-01-21,MSQ10B5-V02D,P8910102-D,1,1,13:15,13:30,"15 min"
2026-01-21,PSA0B-V01D,S502A61TA0X20X20,2,3,13:21,13:32,"11 min"
2026-01-21,CYR20SR-V02D,CYR20E-AX663-30K,25,36,13:28,14:08,"40 min"
2026-01-21,PSA0B-V01D,S502A61TA0X20X20,4,5,13:32,13:59,"27 min"
2026-01-21,CYR20SR-V02D,CYR20E-AX663-30K,37,42,14:10,14:35,"25 min"
2026-01-21,CG80H3-V01D,C1G80L-AX760-30K,1,3,14:26,16:00,"94 min"
2026-01-21,SY70M-V01B,SY7000-20-1,1,3,15:00,15:45,"45 min"
2026-01-21,CYR15SR-V02D,CYR15E-AX662-30K,1,12,15:20,16:00,"40 min"
2026-01-21,CQ25T3-V02B-ZZZ,C2Q25A-AD137A30K,1,5,15:46,16:18,"32 min"
2026-01-21,CGA0H3-V01D,C1GA0L-AX761-30K,1,1,16:00,16:30,"30 min"
2026-01-20,CQS20T-V01D-ZZZ,CQS20-04-F6466-30K,1,10,07:55,08:27,"32 min"
2026-01-20,MHF12B-V03D,P4814201-MH1,1,1,08:00,08:15,"15 min"
2026-01-20,CKZ40T4-V02D,CKZ40ABAT388-30K,1,1,08:15,08:30,"15 min"
2026-01-20,CQS20T-V01D-ZZZ,CQS20-04-F6466-30K,11,15,08:27,08:45,"18 min"
2026-01-20,CKZ50T4-V02D,CKZ50ABAT389-30K,1,1,08:30,08:42,"12 min"
2026-01-20,CYR10SR-V02D,CYR10E-AX661-30K,1,18,08:45,09:20,"35 min"
2026-01-20,MXS16B-V03D,P3800401B-M,1,3,09:13,09:45,"32 min"
2026-01-20,CYR10SR-V02D,CYR10E-AX661-30K,19,28,09:30,10:10,"40 min"
2026-01-20,APT6-V01B,APTE00-96000150-D,1,7,09:46,10:10,"24 min"
2026-01-20,CYR15SR-V02D,CYR15E-AX662-30K,1,14,10:20,10:50,"30 min"
2026-01-20,CYR40SR-V01D,CYR40E-AX666-30K,1,8,10:40,11:10,"30 min"
2026-01-20,CYR15SR-V02D,CYR15E-AX662-30K,15,20,10:51,11:10,"19 min"
2026-01-20,MSQ50B2-V04D,P6260401-D,1,6,11:17,12:10,"53 min"
2026-01-20,MSQ30B2-V01S,P6260301-D,1,1,11:20,11:30,"10 min"
2026-01-20,CYR25SR-V02D,CYR25E-AX664-30K,1,2,11:30,11:47,"17 min"
2026-01-20,CYR40SR-V01D,CYR40E-AX666-30K,1,7,11:47,12:19,"32 min"
2026-01-20,MSQ50B2-V04D,P6260401-D,7,10,12:12,12:55,"43 min"
2026-01-20,CYR20SR-V02D,CYR20E-AX663-30K,1,12,12:55,13:28,"33 min"
2026-01-20,CYR40SR-V01D,CYR40E-AX666-30K,8,14,13:00,13:30,"30 min"
2026-01-20,CYR20SR-V02D,CYR20E-AX663-30K,13,24,13:30,14:02,"32 min"
2026-01-20,MHF08B-V04D,P4814101-MH1,1,2,13:34,13:50,"16 min"
2026-01-20,MHF12B-V04D,P4814201-MH1,1,1,13:50,14:08,"18 min"
2026-01-20,CYR32SR-V02D,CYR32E-AX665-30K,1,2,14:10,14:25,"15 min"
2026-01-20,CYR20SR-V02D,CYR20E-AX663-30K,25,36,14:20,14:50,"30 min"
2026-01-20,MSQ10TB-V01E,P8910170-D,1,3,14:30,15:10,"40 min"
2026-01-20,CYR20SR-V02D,CYR20E-AX663-30K,37,42,14:50,15:17,"27 min"
2026-01-20,CYR40SR-V01D,CYR40E-AX666-30K,1,9,15:30,16:05,"35 min"
2026-01-20,MSQ30B5-V01D,P8910302-D,1,7,15:30,16:05,"35 min"
2026-01-20,CXS10S3-V02D,CXS10A-R6001-20K,1,4,16:06,16:23,"17 min"
2026-01-19,CQ50T3-V02B-ZZZ,C2Q50A-AD140A30K,1,5,07:55,08:25,"30 min"
2026-01-19,CYR50SR-V02D,CYR50E-AX667-30K,1,2,08:05,08:32,"27 min"
2026-01-19,CQ80T3-V01C-ZZZ,C2Q80A-AD142-30K,6,10,08:15,13:06,"291 min"
2026-01-19,XLA25B2-V04B,XLA25-1B-S,1,7,08:26,09:58,"92 min"
2026-01-19,CYR63SR-V01D,CYR63E-AX668-30K,1,2,08:40,08:55,"15 min"
2026-01-19,CQS20T-V01D,CQS20-04-F6466-K,1,4,08:48,09:12,"24 min"
2026-01-19,MXS16B-V01D,P3800401B-M,1,1,08:58,09:10,"12 min"
2026-01-19,CP9632T4-V02D,C9632ABAZ033-30K,1,1,09:10,09:20,"10 min"
2026-01-19,CRQ15B-V01D,P4730002-D,1,1,09:23,09:35,"12 min"
2026-01-19,CQ80T3-V01C-ZZZ,C2Q80A-AD142-30K,1,5,09:43,16:30,"407 min"
2026-01-19,CXS10S2-V01E,CXS10A-AS987-20K,1,3,09:55,10:40,"45 min"
2026-01-19,CYR15B-V01D,CYR15K-AX662-20K,1,3,10:10,10:38,"28 min"
2026-01-19,CM25AS-V02D,C2M025K03-68715B,1,14,10:45,11:18,"33 min"
2026-01-19,CM25AS-V02D,C2M025K03-68715B,15,21,11:20,11:42,"22 min"
2026-01-19,JSY31M2-V01D,JSY31M-20-E-3,1,3,11:44,12:10,"26 min"
2026-01-19,CYR20B-V01D,CYR20K-AX663-20K,1,6,12:20,13:30,"70 min"
2026-01-19,CYR50SR-V02D,CYR50E-AX667-30K,1,5,13:15,13:50,"35 min"
2026-01-19,CYR50SR-V02D,CYR50E-AX667-30K,6,10,13:55,14:35,"40 min"
2026-01-19,CYR25B-V01D,CYR25K-AX664-20K,1,6,14:35,15:15,"40 min"
2026-01-19,MSQ10B2-V04D,P6260101-D,1,2,14:55,15:10,"15 min"
2026-01-19,CA50T-V03C,S370A63T58X50X30,1,4,15:20,16:00,"40 min"
2026-01-19,CYR32B-V01D,CYR32K-AX665-20K,1,3,15:30,16:10,"40 min"
2026-01-19,CYR25SR-V02D,CYR25E-AX664-30K,1,2,16:00,16:15,"15 min"
2026-01-19,CQS20T-V01D-ZZZ,CQS20-04-F6466-30K,1,5,16:12,16:29,"17 min"
2026-01-19,MHF08B-V03D,P4814101-MH1,1,1,16:15,16:27,"12 min"
2026-01-16,CRQ15B-V01C,P4730002-D,1,2,08:00,08:15,"15 min"
2026-01-16,MSQ30B2-V01S,P6260301-D,1,1,08:15,08:28,"13 min"
2026-01-16,RSQ12RC-V01D,RSQ12G-M2080-20K,1,5,08:17,08:40,"23 min"
2026-01-16,MGPL25B2-V01D,MGP25A-AC904-30K,1,2,08:42,09:30,"48 min"
2026-01-16,MSQ50B2-V04D,P6260401-D,1,3,08:45,09:25,"40 min"
2026-01-16,NCQ38T-V01D,N7QADA-BA348-20K,1,1,09:28,09:48,"20 min"
2026-01-16,VJ10M-V02D,VJ100-16-7,1,6,09:31,10:00,"29 min"
2026-01-16,MXQ20B-V02D,P3802701B-M,1,2,09:52,10:20,"28 min"
2026-01-16,VV13M1-V01D-ZZZ,DXT192-11-44-30,1,4,10:02,10:30,"28 min"
2026-01-16,MSQ10BB2-V01E,P8910180-D,1,1,10:40,10:55,"15 min"
2026-01-16,APT9-V01E,APTE00-96001042-D,1,8,11:00,11:43,"43 min"
2026-01-16,CYR63SR-V02D,CYR63E-AX668-30K,1,6,11:45,12:15,"30 min"
2026-01-16,CM25AH-V01D,C2M025K02-68715B,1,14,12:00,12:35,"35 min"
2026-01-16,CM25AH-V01D,C2M025K02-68715B,15,21,12:36,13:05,"29 min"
2026-01-16,PS56-V01B,S502A61T56X10X27,1,1,13:05,13:26,"21 min"
2026-01-16,CYR15SR-V02D,CYR15E-AX662-30K,1,16,13:25,14:15,"50 min"
2026-01-16,CXS16S2-V01D,CXS16A-AS988-20K,1,9,14:00,14:35,"35 min"
2026-01-16,CYR15SR-V02D,CYR15E-AX662-30K,17,32,14:25,15:05,"40 min"
2026-01-16,CXS16S2-V01D,CXS16A-AS988-20K,10,13,14:36,15:00,"24 min"
2026-01-16,MXQ25B-V02D,P3802801B-M,1,7,15:10,15:40,"30 min"
2026-01-16,CP9650H-V01D,C9650LCAZ035-30K,1,1,15:16,15:42,"26 min"
2026-01-16,CYR32SR-V02D,CYR32E-AX665-30K,1,2,15:20,15:50,"30 min"
2026-01-16,CP9680H-V01D,C9680LCAZ037-30K,1,1,15:42,16:00,"18 min"
2026-01-15,MSQ30B5-V01D,P8910302-D,1,4,08:40,09:07,"27 min"
2026-01-15,VV13M1-V01D-ZZZ,DXT192-11-44-30,1,9,09:08,09:37,"29 min"
2026-01-15,CA63T-V02C,S370A63T72X63X30,9,10,09:15,09:55,"40 min"
2026-01-15,MYH40K-V01D,MYH40J-R6302-30K,1,4,09:21,10:31,"70 min"
2026-01-15,VV13M1-V01D-ZZZ,DXT192-11-44-30,10,18,09:39,10:15,"36 min"
2026-01-15,MB50T-V01C,S369A63T55X50X30,1,10,10:20,11:30,"70 min"
2026-01-15,VV13M1-V01D-ZZZ,DXT192-11-44-30,19,21,10:25,10:53,"28 min"
2026-01-15,MYH40K-V01D,MYH40J-R6302-30K,5,6,10:31,13:01,"150 min"
2026-01-15,PS63B-V01D,S502A61T63X13X20,1,8,10:55,11:50,"55 min"
2026-01-15,CM25AS-V01D,C2M025K03-68715B,1,15,12:20,12:50,"30 min"
2026-01-15,CM25AS-V01D,C2M025K03-68715B,16,21,12:54,13:23,"29 min"
2026-01-15,MXQ16B-V02D,P3802601B-M,1,5,13:25,13:50,"25 min"
2026-01-15,CP9663H-V01D,C9663LCAZ036-30K,1,1,13:38,14:08,"30 min"
2026-01-15,MB50T-V01C,S369A63T55X50X30,11,12,13:45,14:20,"35 min"
2026-01-15,CQS12T2-V01D,CQS12-04-F6464-K,1,14,13:54,14:30,"36 min"
2026-01-15,MYH40K-V01D,MYH40J-R6302-30K,1,4,14:08,15:06,"58 min"
2026-01-15,CQS12T2-V01D,CQS12-04-F6464-K,15,18,14:32,14:50,"18 min"
2026-01-15,CXS20S2-V01E,CXS20A-AS989-20K,1,5,14:40,15:15,"35 min"
2026-01-15,MYH40K-V01D,MYH40J-R6302-30K,5,5,15:06,15:27,"21 min"
2026-01-15,CYR10SR-V02D,CYR10E-AX661-30K,1,4,15:30,15:47,"17 min"
2026-01-15,APT6-V01B,APTE00-96000150-D,1,8,15:30,16:00,"30 min"
2026-01-15,CYR63SR-V02D,CYR63E-AX668-30K,1,2,16:00,16:25,"25 min"
2026-01-15,APT6-V01B,APTE00-96000150-D,9,16,16:00,16:28,"28 min"
2026-01-14,CQ40T3-V02B-ZZZ,C2Q40A-AD139A30K,1,8,07:50,08:20,"30 min"
2026-01-14,VV14M1-V02D,DXT199-20-23,9,18,07:50,08:40,"50 min"
2026-01-14,CQ40T3-V02B-ZZZ,C2Q40A-AD139A30K,9,16,08:22,08:58,"36 min"
2026-01-14,CQ40T3-V02B-ZZZ,C2Q40A-AD139A30K,17,24,09:00,09:30,"30 min"
2026-01-14,CM25AH-V01D,C2M025K02-68715B,1,12,09:40,10:20,"40 min"
2026-01-14,CKZ40T4-V01D,CKZ40ABAT388-30K,1,9,10:25,11:07,"42 min"
2026-01-14,CM25AH-V01D,C2M025K02-68715B,13,21,10:35,10:56,"21 min"
2026-01-14,CXS32S2-V01E,CXS32A-AS991-20K,1,3,12:30,13:20,"50 min"
2026-01-14,CKZ40T4-V01D,CKZ40ABAT388-30K,10,18,13:00,13:40,"40 min"
2026-01-14,CY1S25S-V01D,CYS25K-AJ028-20K,1,1,13:32,13:52,"20 min"
2026-01-14,CXS10S3-V02D,CXS10A-R6001-20K,1,6,13:35,14:02,"27 min"
2026-01-14,CG80R2-V01D,C1G80K02-AH117,1,2,13:52,14:25,"33 min"
2026-01-14,CG50H3-V01D,C1G50L-AT035-30K,1,4,14:05,14:30,"25 min"
2026-01-14,CYR20SR-V02D,CYR20E-AX663-30K,1,3,14:20,14:34,"14 min"
2026-01-14,CYR15SR-V02D,CYR15E-AX662-30K,1,4,14:34,14:48,"14 min"
2026-01-14,MXQ20B-V01D,P3802701B-M,1,7,14:40,15:20,"40 min"
2026-01-14,CYR40SR-V01D,CYR40E-AX666-30K,1,2,14:48,15:03,"15 min"
2026-01-14,CA63T-V02C,S370A63T72X63X30,1,8,15:10,16:00,"50 min"
2026-01-14,XLA40B2-V04B,XLA40-1B-S,1,3,15:16,16:30,"74 min"
2026-01-14,MLU25LB-V01E,MLU25-27-Z0411-K,1,3,15:30,16:00,"30 min"
2026-01-14,VV14M1-V02D,DXT199-20-23,1,8,16:00,16:28,"28 min"
2026-01-13,CY1S15S-V01D,CYS15K-AJ026-20K,1,1,08:00,08:15,"15 min"
2026-01-13,CY1S10S-V01D,CYS10K-AJ025-20K,1,1,08:16,08:30,"14 min"
2026-01-13,MB40T-V02C,S369A63T45X40X30,1,2,08:31,09:00,"29 min"
2026-01-13,MB32T-V01C,S369A63T36X32X30,1,12,09:03,09:45,"42 min"
2026-01-13,MB40T-V02C,S369A63T45X40X30,1,6,10:25,11:00,"35 min"
2026-01-13,MXS16B-V03D,P3800401B-M,1,3,11:00,11:35,"35 min"
2026-01-13,CYR25SR-V02D,CYR25E-AX664-30K,1,2,11:40,11:53,"13 min"
2026-01-13,CYR10SR-V01D,CYR10E-AX661-30K,1,4,11:55,12:10,"15 min"
2026-01-13,MYM16S2-V01D,MYM16K-AB013-20K,1,1,12:30,12:45,"15 min"
2026-01-13,CP9650T4-V02D,C9650ABAZ035-30K,1,1,12:47,13:00,"13 min"
2026-01-13,VJ10M-V02D,VJ100-16-7,1,12,13:40,14:15,"35 min"
2026-01-13,MGPM20B2-V01D,MGP20A-AC893-30K,1,5,14:21,15:05,"44 min"
2026-01-13,MB50T-V02C,S369A63T55X50X30,1,13,14:30,15:12,"42 min"
2026-01-13,CQ12TH-V01D,C2Q012K04-56563,1,6,15:35,16:00,"25 min"
2026-01-12,CA50T-V03C,S370A63T58X50X30,1,10,08:10,08:52,"42 min"
2026-01-12,CXS10S3-V02D,CXS10A-R6001-20K,1,11,08:26,08:52,"26 min"
2026-01-12,CXS10S3-V02D,CXS10A-R6001-20K,12,14,08:53,09:18,"25 min"
2026-01-12,CA50T-V03C,S370A63T58X50X30,11,15,08:55,09:25,"30 min"
2026-01-12,MGPL16B2-V02D,MGP16A-AC902-30K,1,8,09:20,09:53,"33 min"
2026-01-12,CQS16T2-V01D,CQS16-04-F6465-K,1,7,09:55,10:15,"20 min"
2026-01-12,MB40T-V01C,S369A63T45X40X30,1,12,10:20,11:10,"50 min"
2026-01-12,NCA51TD-V01C,S183A63T56X51X30,1,5,10:28,11:02,"34 min"
2026-01-12,PS63-V03D,S500A61T63X14X20,1,8,11:10,12:45,"95 min"
2026-01-12,MB40T-V01C,S369A63T45X40X30,13,15,12:45,13:20,"35 min"
2026-01-12,MSQ20B5-V01D,P8910202-D,1,7,13:02,13:33,"31 min"
2026-01-12,CXS20S2-V01E,CXS20A-AS989-20K,1,6,13:30,14:18,"48 min"
2026-01-12,MSQ20B5-V01D,P8910202-D,8,13,13:35,14:00,"25 min"
2026-01-12,MGPM25B2-V01D,MGP25A-AC894-30K,1,5,14:04,15:00,"56 min"
2026-01-12,CXS10S2-V01E,CXS10A-AS987-20K,1,2,14:22,14:38,"16 min"
2026-01-12,NCQ38T2-V01D,N7QADA-BA354-20K,1,1,14:40,14:50,"10 min"
2026-01-12,MGPM25B2-V01D,MGP25A-AC894-30K,6,8,15:15,15:49,"34 min"
2026-01-12,XLA25B2-V04B,XLA25-1B-S,1,7,15:50,16:28,"38 min"
2026-01-09,CXS25S2-V02E,CXS25A-AS990-20K,8,14,07:50,08:25,"35 min"
2026-01-09,MSQ20B2-V04D,P6260201-D,8,14,07:50,08:23,"33 min"
2026-01-09,MSQ10B2-V03D,P6260101-D,1,2,08:20,08:35,"15 min"
2026-01-09,MYM32P-V01D,CYP032-32D29450,1,6,08:27,08:57,"30 min"
2026-01-09,CQ12TH-V01D,C2Q012K04-56563,1,6,09:00,09:14,"14 min"
2026-01-09,VV14M1-V01D-ZZZ,DXT199-20-23-30,1,5,09:17,09:52,"35 min"
2026-01-09,NCA38TD-V01C,S183A63T43X38X30,1,12,09:53,10:15,"22 min"
2026-01-09,CQ63T3-V02C-ZZZ,C2Q63A-AD141A30K,1,2,10:20,10:43,"23 min"
2026-01-09,CQ25C-V01D,S501A61T27X12X30,1,22,10:42,11:16,"34 min"
2026-01-09,CQ63T-V01C,C2Q63-04-J0782AK,1,1,10:43,10:59,"16 min"
2026-01-09,CQ25C-V01D,S501A61T27X12X30,23,32,11:17,11:38,"21 min"
2026-01-09,CKZ63T4-V01D,CKZ63ABAT390-30K,1,5,11:20,11:55,"35 min"
2026-01-09,CKZ63T4-V01D,CKZ63ABAT390-30K,6,10,12:00,13:10,"70 min"
2026-01-09,PS50B-V01D,S502A61T50X13X27,1,9,12:32,13:04,"32 min"
2026-01-09,PS50B-V01D,S502A61T50X13X27,10,18,13:05,13:35,"30 min"
2026-01-09,CXS32S2-V02E,CXS32A-AS991-20K,1,2,13:10,13:26,"16 min"
2026-01-09,MXW20B-V02D,P3801101-M,1,1,13:30,13:44,"14 min"
2026-01-09,MSQ10B5-V02D,P8910102-D,1,1,14:15,14:32,"17 min"
2026-01-09,MSQ50B2-V04D,P6260401-D,1,3,14:30,15:00,"30 min"
2026-01-09,MSQ20B2-V04D,P6260201-D,1,7,15:25,16:00,"35 min"
2026-01-08,CXS10S2-V01E,CXS10A-AS987-20K,1,1,08:15,08:32,"17 min"
2026-01-08,CXS20P-V01E,CXS20J-28749-20K,1,17,08:25,08:57,"32 min"
2026-01-08,CXS20S2-V01E,CXS20A-AS989-20K,1,1,08:32,08:45,"13 min"
2026-01-08,CXS20P-V01E,CXS20J-28749-20K,15,18,08:58,09:30,"32 min"
2026-01-08,MXS08B-V03D,P3800201B-M,1,2,09:00,09:17,"17 min"
2026-01-08,MXS12B-V03D,P3800301B-M,1,3,09:20,10:05,"45 min"
2026-01-08,MSQ50B5-V01D,P8910402-D,1,2,09:30,09:49,"19 min"
2026-01-08,MGPM20B2-V02D,MGP20A-AC893-30K,1,6,09:45,10:15,"30 min"
2026-01-08,LEY63B-V02B,LEY63-1D-30,1,1,09:50,10:07,"17 min"
2026-01-08,MGPM20B2-V02D,MGP20A-AC893-30K,7,9,10:25,11:06,"41 min"
2026-01-08,NCA64TD-V01C,S183A63T68X64X30,1,4,11:08,11:36,"28 min"
2026-01-08,CAA0T-V03C,S370A63T110X100X30,1,5,11:25,12:05,"40 min"
2026-01-08,PS50-V01D,S500A61T50X14X30,1,8,11:36,12:40,"64 min"
2026-01-08,MK25RC-V01E,MK-25L-AF608-20K,1,20,12:50,13:19,"29 min"
2026-01-08,CAA0T-V03C,S370A63T110X100X30,6,10,13:00,13:40,"40 min"
2026-01-08,MK25RC-V01E,MK-25L-AF608-20K,21,24,13:20,13:44,"24 min"
2026-01-08,MSQ30B2-V01S,P6260301-D,1,7,13:58,14:40,"42 min"
2026-01-08,MHZ16B2-V01E,P4811251-MH1,1,6,15:00,15:30,"30 min"
2026-01-08,CA40T-V03C,S370A63T47X40X30,1,14,15:28,16:10,"42 min"
2026-01-08,CXS25S2-V02E,CXS25A-AS990-20K,1,7,15:45,16:16,"31 min"
2026-01-07,CQ40R-V02D,C2Q40-02-J0786-K,1,1,07:49,08:12,"23 min"
2026-01-07,MGPM25B2-V02D,MGP25A-AC894-30K,1,5,07:50,08:28,"38 min"
2026-01-07,MGPM25B2-V02D,MGP25A-AC894-30K,6,10,08:30,09:10,"40 min"
2026-01-07,LEY63B-V01B,LEY63-1D-30,1,5,09:05,09:42,"37 min"
2026-01-07,CK50H-V01D,C1K50L-AS975-30K,1,4,09:11,09:54,"43 min"
2026-01-07,MGPM12B2-V02D,MGP12A-AC891-30K,1,6,09:30,10:35,"65 min"
2026-01-07,VJ10M-V02D,VJ100-16-7,1,16,09:55,10:43,"48 min"
2026-01-07,NCA150H-V01D,NCA150-03-AV286-20K,1,2,10:34,11:11,"37 min"
2026-01-07,CQ63T3-V02C-ZZZ,C2Q63A-AD141A30K,1,2,10:36,11:01,"25 min"
2026-01-07,VJ10M-V02D,VJ100-16-7,17,20,10:44,11:10,"26 min"
2026-01-07,MXS16B-V03D,P3800401B-M,1,2,11:05,11:25,"20 min"
2026-01-07,MSQ50B2-V04D,P6260401-D,1,1,11:28,11:45,"17 min"
2026-01-07,CQ20C-V01D,S501A61T23X10X30,1,20,12:20,12:50,"30 min"
2026-01-07,CQ20C-V01D,S501A61T23X10X30,21,30,12:51,13:15,"24 min"
2026-01-07,CYR10SR-V01D,CYR10E-AX661-30K,1,4,13:15,13:35,"20 min"
2026-01-07,CP9640H-V01D,C9640LCAZ034-30K,1,1,13:21,13:41,"20 min"
2026-01-07,XLA25B2-V04B,XLA25-1B-S,1,7,13:30,14:15,"45 min"
2026-01-07,CYR15SR-V01D,CYR15E-AX662-30K,1,4,14:05,14:22,"17 min"
2026-01-07,MHZ10B2-V02E,P4811151-MH1,1,6,14:30,14:55,"25 min"
2026-01-07,CYR20SR-V01D,CYR20E-AX663-30K,1,2,14:50,15:20,"30 min"
2026-01-07,MSQ10BB2-V01E,P8910180-D,1,5,15:18,15:43,"25 min"
2026-01-07,MXS16B-V01D,P3800401B-M,1,2,15:30,15:45,"15 min"
2026-01-07,CP9632T4-V02D,C9632ABAZ033-30K,1,1,15:49,16:03,"14 min"
2026-01-07,CG40H3-V02D,C1G40L-AT034-30K,1,10,16:05,16:28,"23 min"
2026-01-06,MBA0TD-V01C,S409A63T107X100X30,1,4,09:50,10:15,"25 min"
2026-01-06,CG40R-V01D,CG-040K02-35903A,1,4,10:32,11:00,"28 min"
2026-01-06,CJ06C2-V01D,C2J06LAAH080-30K,1,22,11:28,12:15,"47 min"
2026-01-06,CYR25SR-V02D,CYR25E-AX664-30K,1,2,11:50,12:05,"15 min"
2026-01-06,CJ06C2-V01D,C2J06LAAH080-30K,23,40,12:20,13:02,"42 min"
2026-01-06,CM25AS-V01D,C2M025K03-68715B,1,14,13:13,13:40,"27 min"
2026-01-06,MB50T-V02C,S369A63T55X50X30,1,10,13:40,14:40,"60 min"
2026-01-06,CM25AS-V01D,C2M025K03-68715B,15,21,13:58,14:20,"22 min"
2026-01-06,CXS10S3-V02D,CXS10A-R6001-20K,1,6,14:22,14:45,"23 min"
2026-01-06,MB50T-V02C,S369A63T55X50X30,11,14,14:45,15:20,"35 min"
2026-01-06,VV15M1-V01D,DXT201-13-13,1,5,14:46,15:18,"32 min"
2026-01-05,CXS06S2-V01E,CXS06A-AS986-20K,1,2,11:45,12:00,"15 min"
2026-01-05,CXS06S2-V01E,CXS06A-AS986-20K,3,6,13:05,13:35,"30 min"
2026-01-05,CXS32S2-V02E,CXS32A-AS991-20K,1,1,13:40,14:10,"30 min"
2026-01-05,CXS32S2-V02E,CXS32A-AS991-20K,2,2,14:10,14:20,"10 min"
2026-01-05,CXS32S2-V02E,CXS32A-AS991-20K,3,5,14:25,14:50,"25 min"
2026-01-05,MXS16B-V03D,P3800401B-M,1,5,15:10,15:49,"39 min"
2025-12-30,VV14M1-V02D-ZZZ,DXT199-20-23-30,8,14,08:05,08:40,"35 min"
2025-12-30,CKZ63T4-V01D,CKZ63ABAT390-30K,1,5,08:10,09:00,"50 min"
2025-12-30,CQ50T3-V03B-ZZZ,C2Q50A-AD140A30K,1,7,09:00,09:30,"30 min"
2025-12-30,NCQ38T-V01D,N7QADA-BA348-20K,1,1,09:25,09:43,"18 min"
2025-12-30,CQ20T-V01D,C2Q020K04-49998,1,5,09:31,09:57,"26 min"
2025-12-30,MSQ10B2-V03D,P6260101-D,1,2,10:25,10:48,"23 min"
2025-12-30,MGPM40B2-V02D,MGP40A-AC896-30K,1,3,10:29,11:00,"31 min"
2025-12-30,MSQ10B2-V04D,P6260101-D,1,2,10:50,11:03,"13 min"
2025-12-30,MHZ16B2-V01E,P4811251-MH1,1,6,14:20,14:50,"30 min"
2025-12-29,CUJ12A-V01S,CUJ12A-AD252-20K,1,14,07:50,08:25,"35 min"
2025-12-29,CQ50T3-V02B-ZZZ,C2Q50A-AD140A30K,1,7,08:28,09:07,"39 min"
2025-12-29,CKZ50T4-V01D,CKZ50ABAT389-30K,1,7,08:50,09:55,"65 min"
2025-12-29,CQ50T3-V02B-ZZZ,C2Q50A-AD140A30K,8,14,09:08,09:37,"29 min"
2025-12-29,CQ50T3-V02B-ZZZ,C2Q50A-AD140A30K,15,18,09:38,10:05,"27 min"
2025-12-29,MBA0TD-V01C,S409A63T107X100X30,1,4,10:07,10:35,"28 min"
2025-12-29,CKZ50T4-V01D,CKZ50ABAT389-30K,8,10,10:15,10:50,"35 min"
2025-12-29,CQ63T3-V02C-ZZZ,C2Q63A-AD141A30K,1,2,10:34,11:01,"27 min"
2025-12-29,NCQ38T2-V01D,N7QADA-BA354-20K,1,1,11:00,11:17,"17 min"
2025-12-29,MB50T-V03C,S369A63T55X50X30,1,10,11:25,12:20,"55 min"
2025-12-29,PS50-V01D,S500A61T50X14X30,1,9,11:48,12:45,"57 min"
2025-12-29,CXS10S2-V02E,CXS10A-AS987-20K,1,10,12:55,13:35,"40 min"
2025-12-29,MSQ50B5-V01D,P8910402-D,1,1,13:05,13:29,"24 min"
2025-12-29,MB50T-V03C,S369A63T55X50X30,11,14,13:20,14:00,"40 min"
2025-12-29,LEY63B-V02B,LEY63-1D-30,1,1,13:29,14:01,"32 min"
2025-12-29,CXS10S2-V02E,CXS10A-AS987-20K,11,14,13:36,14:00,"24 min"
2025-12-29,MHZ16B2-V01E,P4811251-MH1,1,6,14:20,14:50,"30 min"
2025-12-29,MHZ20B2-V01D,P4811351-MH1,1,10,14:55,15:30,"35 min"
2025-12-29,MHZ20B2-V01D,P4811351-MH1,11,18,15:35,16:05,"30 min"
2025-12-29,VV14M1-V02D-ZZZ,DXT199-20-23-30,1,7,16:06,16:28,"22 min"
2025-12-26,MXS12B-V03D,P3800301B-M,1,1,08:10,08:24,"14 min"
2025-12-26,MXS16B-V03D,P3800401B-M,1,1,08:25,08:38,"13 min"
2025-12-26,CQ50T3-V03B-ZZZ,C2Q50A-AD140A30K,1,7,08:57,09:30,"33 min"
2025-12-26,VJ10M-V02D,VJ100-16-7,1,14,09:30,10:15,"45 min"
2025-12-26,MSQ10TB-V01E,P8910170-D,1,3,10:20,11:10,"50 min"
2025-12-26,CYB15C-V01D,CYB15L-AS377-30K,1,10,10:35,11:00,"25 min"
2025-12-26,CQ32C-V01D,S501A61T35X16X30,1,13,11:15,11:39,"24 min"
2025-12-26,CA63T-V03C,S370A63T72X63X30,1,8,11:30,12:10,"40 min"
2025-12-26,CQ32C-V01D,S501A61T35X16X30,14,18,11:39,12:16,"37 min"
2025-12-26,CQ25G-V01C,C2Q25G-P1283-30K,1,14,12:48,13:24,"36 min"
2025-12-26,CM25AH-V02D,C2M025K02-68715B,1,11,13:40,14:10,"30 min"
2025-12-26,CA80T-V02C,S370A63T89X80X30,1,7,14:15,15:45,"90 min"
2025-12-26,CXS25S2-V02E,CXS25A-AS990-20K,1,7,14:42,15:15,"33 min"
2025-12-26,CXS25S2-V02E,CXS25A-AS990-20K,8,14,15:30,16:00,"30 min"
2025-12-26,MSQ10B5-V02D,P8910102-D,1,1,15:50,16:07,"17 min"
2025-12-25,CXS32S2-V01E,CXS32A-AS991-20K,1,5,07:50,08:28,"38 min"
2025-12-25,CXS32S2-V01E,CXS32A-AS991-20K,6,7,08:30,09:00,"30 min"
2025-12-25,CQ25T3-V02B-ZZZ,C2Q25A-AD137A30K,1,9,09:00,09:25,"25 min"
2025-12-25,CQ50T3-V02B-ZZZ,C2Q50A-AD140A30K,1,7,09:27,09:56,"29 min"
2025-12-25,CQ50T3-V02B-ZZZ,C2Q50A-AD140A30K,8,11,09:57,10:20,"23 min"
2025-12-25,MGZ63T-V01D,MGZ63AAQ5434-25K,1,5,10:10,10:42,"32 min"
2025-12-25,LEY63B-V01B,LEY63-1D-30,1,3,10:42,11:13,"31 min"
2025-12-25,PS40-V01D,S500A61T40X10X30,1,12,10:46,11:12,"26 min"
2025-12-25,PS40-V01D,S500A61T40X10X30,13,14,11:13,11:40,"27 min"
2025-12-25,APT5-V01C,APTE00-96000152-D,1,9,12:55,13:15,"20 min"
2025-12-25,MGPM32B2-V02D,MGP32A-AC895-30K,1,5,13:00,13:36,"36 min"
2025-12-25,CQ20C-V01D,S501A61T23X10X30,1,22,13:20,13:52,"32 min"
2025-12-25,MGPM32B2-V02D,MGP32A-AC895-30K,6,7,13:36,13:52,"16 min"
2025-12-25,NCA150H-V01D,NCA150-03-AV286-20K,1,5,13:52,14:30,"38 min"
2025-12-25,CQ20C-V01D,S501A61T23X10X30,23,28,13:53,14:30,"37 min"
2025-12-25,NCA150R-V01D,NCA150-02-AV286-20K,1,5,14:30,15:42,"72 min"
2025-12-25,CXS20S3-V02D,CXS20A-BA023-20K,1,4,14:31,14:43,"12 min"
2025-12-25,MXQ20B-V02D,P3802701B-M,1,7,15:35,16:12,"37 min"
2025-12-25,MXQ20B-V02D,P3802701B-M,8,14,16:14,16:28,"14 min"
2025-12-24,CQ20T-V01D,C2Q020K04-49998,1,1,08:27,08:37,"10 min"
2025-12-24,CXS10S2-V02E,CXS10A-AS987-20K,1,3,08:30,09:10,"40 min"
2025-12-24,CJ16P-V02D,C2J16M-AF113-25K,1,28,08:40,09:18,"38 min"
2025-12-24,MB40T-V02C,S369A63T45X40X30,1,3,09:13,09:30,"17 min"
2025-12-24,CXS16S2-V01D,CXS16A-AS988-20K,1,8,09:20,09:52,"32 min"
2025-12-24,CQ50T3-V02B-ZZZ,C2Q50A-AD140A30K,1,7,09:55,10:42,"47 min"
2025-12-24,MB40T-V01C,S369A63T45X40X30,1,14,10:20,11:30,"70 min"
2025-12-24,CYB40C-V01D,CYB40L-AS381-30K,1,10,10:45,11:30,"45 min"
2025-12-24,CYB10C-V01D,CYB10L-AS376-30K,1,18,11:30,12:09,"39 min"
2025-12-24,CP9632T-V01B,C9632ABAC958-30K,1,2,11:35,11:57,"22 min"
2025-12-24,CP96A2T4-V01D,C96A2ABAZ039-30K,1,1,11:58,12:09,"11 min"
2025-12-24,CYB10C-V01D,CYB10L-AS376-30K,19,28,12:18,12:55,"37 min"
2025-12-24,CM20AS-V02D,C2M020K03-68714B,1,14,13:04,13:52,"48 min"
2025-12-24,MGPM32B2-V01D,MGP32A-AC895-30K,1,5,13:06,14:02,"56 min"
2025-12-24,MB32T-V01C,S369A63T36X32X30,1,14,13:20,14:20,"60 min"
2025-12-24,CM20AS-V02D,C2M020K03-68714B,15,17,13:53,14:20,"27 min"
2025-12-24,MGPM32B2-V01D,MGP32A-AC895-30K,6,10,14:02,14:36,"34 min"
2025-12-24,MSQ30B2-V04D,P6260301-D,1,4,14:21,14:52,"31 min"
2025-12-24,MGPM32B2-V01D,MGP32A-AC895-30K,11,14,14:36,15:10,"34 min"
2025-12-24,VV14M1-V01D-ZZZ,DXT199-20-23-30,1,5,15:00,15:38,"38 min"
2025-12-24,MB32T-V01C,S369A63T36X32X30,15,28,15:30,16:10,"40 min"
2025-12-24,MHZ16B2-V01E,P4811251-MH1,1,6,15:40,16:08,"28 min"
2025-12-23,CM25AH-V01D,C2M025K02-68715B,1,14,07:50,08:18,"28 min"
2025-12-23,CM25AH-V01D,C2M025K02-68715B,15,28,08:18,08:48,"30 min"
2025-12-23,CA40T-V02C,S370A63T47X40X30,1,11,08:50,09:36,"46 min"
2025-12-23,CA40T-V02C,S370A63T47X40X30,12,14,09:37,10:05,"28 min"
2025-12-23,CQ50T3-V03B-ZZZ,C2Q50A-AD140A30K,1,3,10:15,10:40,"25 min"
2025-12-23,MB50T-V03C,S369A63T55X50X30,1,4,10:35,11:30,"55 min"
2025-12-23,CM25AS-V02D,C2M025K03-68715B,1,14,10:42,11:20,"38 min"
2025-12-23,CM25AS-V02D,C2M025K03-68715B,15,26,11:21,11:54,"33 min"
2025-12-23,MB50T-V01C,S369A63T55X50X30,1,9,11:37,12:30,"53 min"
2025-12-23,CM25AS-V02D,C2M025K03-68715B,27,37,11:56,12:35,"39 min"
2025-12-23,CA20T-V03C,S370A63T26X20X20,1,21,13:05,13:47,"42 min"
2025-12-23,NCQ38T-V01D,N7QADA-BA348-20K,1,1,13:25,13:42,"17 min"
2025-12-23,CXS20S2-V01E,CXS20A-AS989-20K,1,1,13:45,13:59,"14 min"
2025-12-23,CA20T-V03C,S370A63T26X20X20,22,27,13:48,14:30,"42 min"
2025-12-23,CA20T-V03C,S370A63T26X20X20,28,30,14:31,15:50,"79 min"
2025-12-23,CXS25S2-V02E,CXS25A-AS990-20K,1,3,15:30,16:15,"45 min"
2025-12-23,XLA25B2-V04B,XLA25-1B-S,1,5,16:05,16:28,"23 min"
2025-12-22,CA40T-V03C,S370A63T47X40X30,1,5,08:00,08:35,"35 min"
2025-12-22,CXS15P-V01D,CXS15J-28748-20K,1,18,08:35,09:10,"35 min"
2025-12-22,MB40T-V01C,S369A63T45X40X30,1,14,08:40,09:30,"50 min"
2025-12-22,CXS15P-V01D,CXS15J-28748-20K,19,36,09:12,09:50,"38 min"
2025-12-22,CAA0T-V02C,S370A63T110X100X30,1,3,10:10,10:50,"40 min"
2025-12-22,MYH25AJ1-V01E,MYH25-38BK2902-K,1,1,10:55,11:10,"15 min"
2025-12-22,CUJ12A-V01S,CUJ12A-AD252-20K,1,6,11:15,11:40,"25 min"
2025-12-22,MSQ30B2-V01S,P6260301-D,1,2,11:48,12:25,"37 min"
2025-12-22,CYV32C-V01D,CYV32G-R5503-20K,1,2,12:30,12:55,"25 min"
2025-12-22,CA20T-V02C,S370A63T26X20X20,1,3,13:20,13:45,"25 min"
2025-12-22,PS20A-V01D,S502A61T20X05X27,1,2,13:50,14:15,"25 min"
2025-12-22,CQ25G-V01C,C2Q25G-P1283-30K,1,16,14:30,15:20,"50 min"
2025-12-22,MSQ30B5-V01D,P8910302-D,1,3,15:20,15:50,"30 min"
2025-12-22,CXS32S3-V02D,CXS32A-BA025-20K,1,2,15:51,16:03,"12 min"
2025-12-22,MYB20AJ3-V01D,MYB20-38AA7164-K,1,1,16:03,16:20,"17 min"
2025-12-19,CP9663H-V01D,C9663LCAZ036-30K,1,1,07:45,08:16,"31 min"
2025-12-19,MXQ16B-V02D,P3802601B-M,10,12,07:55,08:35,"40 min"
2025-12-19,LEY32B2-V01D,EQY32A-YA096-30-K,1,2,08:00,08:50,"50 min"
2025-12-19,CQ20T-V01D,C2Q020K04-49998,1,5,08:36,09:00,"24 min"
2025-12-19,CJ16P-V01D,C2J16M-AF113-25K,1,28,09:03,09:32,"29 min"
2025-12-19,CM25AS-V01D,C2M025K03-68715B,1,14,10:16,10:50,"34 min"
2025-12-19,CM25AS-V01D,C2M025K03-68715B,15,28,10:51,11:35,"44 min"
2025-12-19,CJ06C2-V01D,C2J06LAAH080-30K,1,20,12:15,12:50,"35 min"
2025-12-19,CJ06C2-V01D,C2J06LAAH080-30K,21,36,12:50,13:35,"45 min"
2025-12-19,CAA0T-V03C,S370A63T110X100X30,1,3,13:10,13:50,"40 min"
2025-12-19,VV14M1-V02D-ZZZ,DXT199-20-23-30,1,8,13:45,14:15,"30 min"
2025-12-19,VV14M1-V02D-ZZZ,DXT199-20-23-30,9,16,14:17,14:50,"33 min"
2025-12-19,VV14M1-V02D-ZZZ,DXT199-20-23-30,17,19,14:55,15:15,"20 min"
2025-12-19,CQ25T3-V02B-ZZZ,C2Q25A-AD137A30K,1,9,15:33,15:55,"22 min"
2025-12-18,CA40T-V02C,S370A63T47X40X30,11,14,08:00,08:30,"30 min"
2025-12-18,MGPM32B2-V01D,MGP32A-AC895-30K,1,5,08:19,08:42,"23 min"
2025-12-18,CYR63SR-V01D,CYR63E-AX668-30K,1,2,08:40,09:00,"20 min"
2025-12-18,MGPM32B2-V01D,MGP32A-AC895-30K,6,10,08:42,09:01,"19 min"
2025-12-18,CQ25T3-V03B-ZZZ,C2Q25A-AD137A30K,1,3,08:50,09:18,"28 min"
2025-12-18,MHZ16B2-V01E,P4811251-MH1,1,4,09:10,09:35,"25 min"
2025-12-18,CP96A0T4-V01D,C96A0ABAZ038-30K,1,1,09:31,09:52,"21 min"
2025-12-18,VV14M1-V01D-ZZZ,DXT199-20-23-30,1,2,09:35,10:00,"25 min"
2025-12-18,MB50T-V01C,S369A63T55X50X30,1,10,09:50,11:00,"70 min"
2025-12-18,CQ16TH-V01D,C2Q016K04-56564,1,14,10:05,10:38,"33 min"
2025-12-18,MGPM40B2-V02D,MGP40A-AC896-30K,1,5,10:31,11:31,"60 min"
2025-12-18,MYB20BH-V01D,MYB20-42AA7164-20K,1,16,10:45,11:15,"30 min"
2025-12-18,CM40AS-V01D,C2M040K03-68717B,1,6,11:15,11:39,"24 min"
2025-12-18,MXQ12B-V02D,P3802501B-M,1,1,11:30,11:45,"15 min"
2025-12-18,MXQ12B-V02D,P3802501B-M,2,3,11:45,12:15,"30 min"
2025-12-18,MYB16AJ3-V01D,MYB16-38-A7163-K,1,8,11:50,12:35,"45 min"
2025-12-18,CM25AS-V02D,C2M025K03-68715B,1,13,12:40,13:18,"38 min"
2025-12-18,MGPM40B2-V02D,MGP40A-AC896-30K,6,7,13:01,13:56,"55 min"
2025-12-18,MHZ16B2-V01D,P4811251-MH1,1,2,13:15,13:28,"13 min"
2025-12-18,CM25AS-V02D,C2M025K03-68715B,14,25,13:20,13:50,"30 min"
2025-12-18,NCQ19T2-V01D,N7QABA-BA352-20K,1,1,13:30,13:43,"13 min"
2025-12-18,MGPM32B2-V01D,MGP32A-AC895-30K,11,15,13:41,14:06,"25 min"
2025-12-18,NCQ38T2-V01D,N7QADA-BA354-20K,1,1,13:45,14:00,"15 min"
2025-12-18,CYB15C-V01D,CYB15L-AS377-30K,1,16,13:53,14:35,"42 min"
2025-12-18,CYR32SR-V01D,CYR32E-AX665-30K,1,1,14:00,14:15,"15 min"
2025-12-18,MGPM32B2-V01D,MGP32A-AC895-30K,16,20,14:06,14:37,"31 min"
2025-12-18,MXS08B-V03D,P3800201B-M,1,1,14:15,14:27,"12 min"
2025-12-18,LEY63B-V01B,LEY63-1D-30,1,1,14:37,14:59,"22 min"
2025-12-18,CXS25S2-V01E,CXS25A-AS990-20K,1,7,14:50,15:42,"52 min"
2025-12-18,CXS25S2-V01E,CXS25A-AS990-20K,8,14,15:43,16:12,"29 min"
2025-12-18,MXQ16B-V02D,P3802601B-M,1,9,16:13,16:25,"12 min"
2025-12-17,MGPL32B2-V02D,MGP32A-AC905-30K,6,10,07:45,08:16,"31 min"
2025-12-17,VV14M1-V02D-ZZZ,DXT199-20-23-30,9,12,07:50,08:15,"25 min"
2025-12-17,CA40T-V01C,S370A63T47X40X30,11,14,07:55,08:35,"40 min"
2025-12-17,MGPL32B2-V02D,MGP32A-AC905-30K,11,15,08:16,13:41,"325 min"
2025-12-17,CA80T-V02C,S370A63T89X80X30,7,10,08:30,10:04,"94 min"
2025-12-17,MYB16BH-V01D,MYB16-42-A7163-20K,1,24,09:15,10:05,"50 min"
2025-12-17,CP9632T-V01B,C9632ABAC958-30K,1,9,10:13,10:38,"25 min"
2025-12-17,MYM16BH-V01E,MYM16-42AK0500-20K,1,8,10:15,10:30,"15 min"
2025-12-17,NCQ27T2-V01D,N7QACA-BA353-20K,1,2,10:32,10:47,"15 min"
2025-12-17,CP9632T-V01B,C9632ABAC958-30K,10,14,10:45,11:15,"30 min"
2025-12-17,NCQ38T-V01D,N7QADA-BA348-20K,1,1,10:48,11:06,"18 min"
2025-12-17,CM40AH-V01D,C2M040K02-68717B,1,10,11:18,11:45,"27 min"
2025-12-17,CM20AS-V01D,C2M020K03-68714B,1,14,11:50,12:35,"45 min"
2025-12-17,CM20AS-V01D,C2M020K03-68714B,15,31,12:45,13:55,"70 min"
2025-12-17,CA40T-V02C,S370A63T47X40X30,1,10,13:40,14:35,"55 min"
2025-12-17,MGPL32B2-V02D,MGP32A-AC905-30K,16,18,13:41,14:28,"47 min"
2025-12-17,MXS25TB-V01D,P3800602-M-2,1,5,14:20,15:00,"40 min"
2025-12-17,MSQ20TB-V01E,P8910270-D,1,2,14:28,14:35,"7 min"
2025-12-17,CQ40R-V02D,C2Q40-02-J0786-K,1,1,14:35,14:49,"14 min"
2025-12-17,CQ50R-V02D,C2Q50-02-J0787-K,1,1,14:49,15:05,"16 min"
2025-12-17,CA40T-V01C,S370A63T47X40X30,1,10,15:35,16:10,"35 min"
2025-12-16,MGPM40B2-V01D,MGP40A-AC896-30K,6,8,07:45,10:54,"189 min"
2025-12-16,CQ50T3-V02B-ZZZ,C2Q50A-AD140A30K,1,5,08:30,08:57,"27 min"
2025-12-16,CXS32S2-V02E,CXS32A-AS991-20K,1,1,08:38,08:49,"11 min"
2025-12-16,CA80T-V02C,S370A63T89X80X30,1,6,10:17,12:15,"118 min"
2025-12-16,MXQ16B-V02D,P3802601B-M,1,2,10:30,11:05,"35 min"
2025-12-16,MLU40LB-V01E,MLU40-27-Z0413-K,1,1,10:55,11:31,"36 min"
2025-12-16,CJ16P-V01D,C2J16M-AF113-25K,1,30,11:36,12:15,"39 min"
2025-12-16,CJ16P-V01D,C2J16M-AF113-25K,31,40,12:20,13:00,"40 min"
2025-12-16,CXS20S3-V02D,CXS20A-BA023-20K,1,3,13:10,13:40,"30 min"
2025-12-16,VV14M1-V02D-ZZZ,DXT199-20-23-30,1,8,14:00,16:25,"145 min"
2025-12-16,MGPL32B2-V02D,MGP32A-AC905-30K,1,5,14:13,14:47,"34 min"
2025-12-15,MSQ10B2-V04D,P6260101-D,1,2,08:05,08:20,"15 min"
2025-12-15,MLU32LB-V01E,MLU32-27-Z0412-K,1,1,08:20,08:35,"15 min"
2025-12-15,MYH25AJ1-V01E,MYH25-38BK2902-K,1,1,08:35,08:52,"17 min"
2025-12-15,CYV32K-V01D-ZZZ-DUN,CYV32C-R5503A30K,1,2,09:00,09:30,"30 min"
2025-12-15,MHL20B2-V01D,P3315361-M,1,1,09:35,09:50,"15 min"
2025-12-15,MYB16SP-V01D,MYB16-46AA7163-K,1,24,10:00,10:34,"34 min"
2025-12-15,MGPM40B2-V01D,MGP40A-AC896-30K,1,5,10:43,13:04,"141 min"
2025-12-15,MBA0TD-V01C,S409A63T107X100X30,1,4,11:35,12:12,"37 min"
2025-12-15,CQ40C-V01D,S501A61T43X16X30,1,12,12:25,13:05,"40 min"
2025-12-15,CYB10C-V01D,CYB10L-AS376-30K,1,20,13:10,13:50,"40 min"
2025-12-15,CYB10C-V01D,CYB10L-AS376-30K,21,32,13:58,14:45,"47 min"
2025-12-15,CXS10S2-V02E,CXS10A-AS987-20K,1,1,14:35,14:52,"17 min"
2025-12-15,CXS25S2-V02E,CXS25A-AS990-20K,1,1,14:52,15:15,"23 min"
2025-12-15,CM25AH-V02D,C2M025K02-68715B,1,14,14:55,15:25,"30 min"
2025-12-15,CM25AH-V02D,C2M025K02-68715B,15,21,15:30,16:00,"30 min"
2025-12-12,MSQ50TB-V01E,P8910470-D,1,1,07:47,08:13,"26 min"
2025-12-12,CXS10S3-V02D,CXS10A-R6001-20K,1,10,07:55,08:30,"35 min"
2025-12-12,RBQ32H-V01E,R-032-32-28168,1,4,08:10,08:29,"19 min"
2025-12-12,MIW12B-V01E,P5531301-M,1,1,08:30,08:44,"14 min"
2025-12-12,MYB20BH-V01D,MYB20-42AA7164-20K,1,28,08:35,09:30,"55 min"
2025-12-12,MIW08B-V01E,P5531101-M,1,1,08:50,09:10,"20 min"
2025-12-12,CP9632T-V01B,C9632ABAC958-30K,10,15,08:50,09:40,"50 min"
2025-12-12,MHL25B2-V02D,P3315461-M,1,1,09:15,09:32,"17 min"
2025-12-12,VV14M1-V02D-ZZZ,DXT199-20-23-30,1,8,09:37,10:00,"23 min"
2025-12-12,MB50T-V03C,S369A63T55X50X30,1,10,09:45,10:35,"50 min"
2025-12-12,VV14M1-V02D-ZZZ,DXT199-20-23-30,9,12,10:15,10:52,"37 min"
2025-12-12,MB80TD-V01C,S409A63T86X80X30,1,4,10:57,11:25,"28 min"
2025-12-12,CQ25G-V01C,C2Q25G-P1283-30K,1,14,11:30,11:59,"29 min"
2025-12-12,CM20AS-V01D,C2M020K03-68714B,1,14,12:20,13:00,"40 min"
2025-12-12,CQ63T3-V02C-ZZZ,C2Q63A-AD141A30K,1,5,13:01,13:59,"58 min"
2025-12-12,CM20AS-V01D,C2M020K03-68714B,15,21,13:02,13:28,"26 min"
2025-12-12,CA40T-V03C,S370A63T47X40X30,1,11,13:45,14:25,"40 min"
2025-12-12,CA40T-V03C,S370A63T47X40X30,12,14,14:28,14:50,"22 min"
2025-12-12,CP9632T-V01B,C9632ABAC958-30K,1,9,15:30,16:00,"30 min"
2025-12-11,MGZ63T-V01D,MGZ63AAQ5434-25K,1,3,07:45,08:16,"31 min"
2025-12-11,CQ20T-V01D,C2Q020K04-49998,1,11,08:00,08:32,"32 min"
2025-12-11,LEY63B-V01B,LEY63-1D-30,1,3,08:16,09:23,"67 min"
2025-12-11,CQ20T-V01D,C2Q020K04-49998,12,14,08:33,09:00,"27 min"
2025-12-11,CXS25S2-V01E,CXS25A-AS990-20K,1,2,09:00,09:15,"15 min"
2025-12-11,CAA0T-V03C,S370A63T110X100X30,1,1,09:45,10:45,"60 min"
2025-12-11,MYB16BH-V01D,MYB16-42-A7163-20K,1,24,09:50,10:40,"50 min"
2025-12-11,MGPL32B2-V02D,MGP32A-AC905-30K,1,5,10:21,11:03,"42 min"
2025-12-11,CA32T-V01C,S370A63T38X32X30,1,8,10:50,11:30,"40 min"
2025-12-11,MYB20AJ3-V01D,MYB20-38AA7164-K,1,1,10:55,11:10,"15 min"
2025-12-11,CQ32C-V01D,S501A61T35X16X30,1,12,11:35,12:20,"45 min"
2025-12-11,CQ32C-V01D,S501A61T35X16X30,13,18,12:25,12:40,"15 min"
2025-12-11,MGPM32B2-V01D,MGP32A-AC895-30K,1,5,13:01,13:46,"45 min"
2025-12-11,CM32AS-V02D,C2M032K03-68716B,1,11,13:10,13:47,"37 min"
2025-12-11,MGPM12B2-V02D,MGP12A-AC891-30K,1,4,13:10,13:50,"40 min"
2025-12-11,CM32AS-V02D,C2M032K03-68716B,12,14,13:50,14:15,"25 min"
2025-12-11,MGPM32B2-V01D,MGP32A-AC895-30K,6,10,13:50,14:30,"40 min"
2025-12-11,NCQ8056T-V01D,N7QAAA-AA568-20K,1,2,14:30,14:50,"20 min"
2025-12-11,CXS16S2-V01D,CXS16A-AS988-20K,1,8,15:00,15:40,"40 min"
2025-12-11,NCA200R-V01D,NCA200-02-AV287-20K,1,2,15:01,15:43,"42 min"
2025-12-11,NCQ38T2-V01D,N7QADA-BA354-20K,1,1,15:30,15:45,"15 min"
2025-12-11,CXS16S2-V01D,CXS16A-AS988-20K,9,14,15:41,16:10,"29 min"
2025-12-11,NCQ19T2-V01D,N7QABA-BA352-20K,1,1,15:45,16:00,"15 min"
2025-12-10,MGPM12B2-V02D,MGP12A-AC891-30K,1,6,07:55,08:25,"30 min"
2025-12-10,CA80T-V01C,S370A63T89X80X30,1,5,08:00,09:00,"60 min"
2025-12-10,MGPL32B2-V01D,MGP32A-AC905-30K,1,5,08:10,08:59,"49 min"
2025-12-10,MB32T-V01C,S369A63T36X32X30,1,10,09:05,09:40,"35 min"
2025-12-10,CQ25T3-V02B-ZZZ,C2Q25A-AD137A30K,1,10,09:10,09:40,"30 min"
2025-12-10,CQ12T3L-V02B-ZZZ,C2Q12A-AD367-30K,1,1,09:45,10:15,"30 min"
2025-12-10,CQ25T3-V02B-ZZZ,C2Q25A-AD137A30K,11,14,09:45,10:10,"25 min"
2025-12-10,MYB16SP-V01D,MYB16-46AA7163-K,1,16,10:35,11:02,"27 min"
2025-12-10,CQ40C-V01D,S501A61T43X16X30,1,11,11:35,12:10,"35 min"
2025-12-10,CQ40C-V01D,S501A61T43X16X30,12,14,12:15,12:38,"23 min"
2025-12-10,MK50RC-V01E,MK-50L-AF611-20K,1,10,12:50,13:28,"38 min"
2025-12-10,MB50T-V02C,S369A63T55X50X30,1,2,13:30,13:55,"25 min"
2025-12-10,CA63T-V02C,S370A63T72X63X30,1,7,13:45,14:30,"45 min"
2025-12-10,CP9632T-V01B,C9632ABAC958-30K,1,10,14:00,14:50,"50 min"
2025-12-10,CA40T-V02C,S370A63T47X40X30,1,4,15:00,16:10,"70 min"
2025-12-10,CQ32T3-V02B-ZZZ,C2Q32A-AD138A30K,1,8,15:30,16:00,"30 min"
2025-12-10,MXQ16B-V02D,P3802601B-M,1,2,16:00,16:15,"15 min"
2025-12-09,VV14M1-V02D-ZZZ,DXT199-20-23-30,1,7,07:55,08:28,"33 min"
2025-12-09,CXS32S3-V02D,CXS32A-BA025-20K,1,2,08:20,08:35,"15 min"
2025-12-09,VV14M1-V02D-ZZZ,DXT199-20-23-30,8,10,08:28,08:50,"22 min"
2025-12-09,CXS20S3-V02D,CXS20A-BA023-20K,1,7,08:40,09:20,"40 min"
2025-12-09,CQ50T3-V02B-ZZZ,C2Q50A-AD140A30K,1,6,08:52,09:20,"28 min"
2025-12-09,CP9632T-V01B,C9632ABAC958-30K,1,5,09:22,09:50,"28 min"
2025-12-09,CYB32C-V01D,CYB32L-AS380-30K,1,10,09:53,10:28,"35 min"
2025-12-09,CYR50SR-V01D,CYR50E-AX667-30K,1,2,10:10,10:55,"45 min"
2025-12-09,MGPM40B2-V02D,MGP40A-AC896-30K,1,5,10:38,13:07,"149 min"
2025-12-09,CM25AS-V01D,C2M025K03-68715B,1,14,11:00,11:35,"35 min"
2025-12-09,CM25AS-V01D,C2M025K03-68715B,15,21,12:20,12:45,"25 min"
2025-12-09,CA40T-V03C,S370A63T47X40X30,1,10,12:48,13:00,"12 min"
2025-12-09,CP9640H-V01D,C9640LCAZ034-30K,1,1,13:36,14:02,"26 min"
2025-12-09,CA80T-V02C,S370A63T89X80X30,1,2,14:10,14:40,"30 min"
2025-12-09,CYR63SR-V01D,CYR63E-AX668-30K,1,5,15:30,15:56,"26 min"
2025-12-09,CYR63SR-V01D,CYR63E-AX668-30K,6,10,15:58,16:25,"27 min"
2025-12-08,CKZ40T4-V01D,CKZ40ABAT388-30K,1,7,08:00,08:40,"40 min"
2025-12-08,CYR40SR-V01D,CYR40E-AX666-30K,1,7,08:35,09:20,"45 min"
2025-12-08,CKZ63T4-V01D,CKZ63ABAT390-30K,1,3,08:42,09:10,"28 min"
2025-12-08,CA40T-V02C,S370A63T47X40X30,1,5,09:12,10:20,"68 min"
2025-12-08,NCQ38T-V01D,N7QADA-BA348-20K,1,1,10:50,11:05,"15 min"
2025-12-08,NCQ27T2-V01D,N7QACA-BA353-20K,1,1,11:07,11:20,"13 min"
2025-12-08,MHZ16B2-V01E,P4811251-MH1,1,2,11:21,11:35,"14 min"
2025-12-08,CKZ50T4-V01D,CKZ50ABAT389-30K,1,5,11:52,12:55,"63 min"
2025-12-08,CYR40SR-V01D,CYR40E-AX666-30K,8,10,12:55,13:25,"30 min"
2025-12-08,CKZ50T4-V01D,CKZ50ABAT389-30K,6,7,13:00,13:25,"25 min"
2025-12-08,VV14M1-V01D-ZZZ,DXT199-20-23-30,1,7,13:27,14:12,"45 min"
2025-12-08,CA40T-V01C,S370A63T47X40X30,1,2,13:30,13:55,"25 min"
2025-12-08,MB50T-V01C,S369A63T55X50X30,1,10,14:00,15:00,"60 min"
2025-12-08,VV14M1-V01D-ZZZ,DXT199-20-23-30,8,9,14:12,14:45,"33 min"
2025-12-08,PS56-V01B,S502A61T56X10X27,1,1,15:11,15:46,"35 min"
2025-12-08,CG63R3-V01D,C3G63K02-AG006,1,18,15:40,16:05,"25 min"
2025-12-08,CQ63T3-V02C-ZZZ,C2Q63A-AD141A30K,1,5,15:46,16:30,"44 min"
2025-12-05,CXS16S2-V01D,CXS16A-AS988-20K,9,14,07:55,08:30,"35 min"
2025-12-05,CP9632T-V01B,C9632ABAC958-30K,11,15,10:10,10:50,"40 min"
2025-12-05,MGPM40B2-V01D,MGP40A-AC896-30K,1,5,11:15,09:21,"-114 min"
2025-12-05,CAA0T-V02C,S370A63T110X100X30,1,3,11:30,13:30,"120 min"
2025-12-05,CQ63T3-V02C-ZZZ,C2Q63A-AD141A30K,1,6,13:18,14:00,"42 min"
2025-12-05,CYR40SR-V01D,CYR40E-AX666-30K,1,3,13:40,14:20,"40 min"
2025-12-05,CQ63T3-V02C-ZZZ,C2Q63A-AD141A30K,7,12,14:13,14:56,"43 min"
2025-12-05,MB50T-V01C,S369A63T55X50X30,1,3,14:30,15:00,"30 min"
2025-12-05,MHZ16B2-V01D,P4811251-MH1,1,2,15:10,15:25,"15 min"
2025-12-05,CYR25SR-V02D,CYR25E-AX664-30K,1,2,15:25,15:40,"15 min"
2025-12-04,MSQ10BB3-V01D,P8910183-D,1,3,08:50,09:25,"35 min"
2025-12-04,CA63T-V03C,S370A63T72X63X30,8,10,09:00,10:00,"60 min"
2025-12-04,CYB15B-V01D,CYB15K-AS377-20K,1,7,09:25,09:50,"25 min"
2025-12-04,MYM16P-V01D,MYM16-55-K0500-K,1,8,09:55,10:30,"35 min"
2025-12-04,MHF08B-V03D,P4814101-MH1,1,1,10:25,10:50,"25 min"
2025-12-04,MHF12B-V03D,P4814201-MH1,1,1,10:50,11:10,"20 min"
2025-12-04,CQ25T-V01D,C2Q025K04-49999,1,11,11:06,11:52,"46 min"
2025-12-04,PS40-V01D,S500A61T40X10X30,1,11,11:52,12:40,"48 min"
2025-12-04,CQ25T-V01D,C2Q025K04-49999,12,14,11:55,12:15,"20 min"
2025-12-04,CG25H2-V01D,C1G25K02-AM406,1,1,12:42,13:00,"18 min"
2025-12-04,PS40-V01D,S500A61T40X10X30,12,16,12:45,13:40,"55 min"
2025-12-04,CG25R3-V01D,C3G25K02-AG002,1,1,13:00,13:20,"20 min"
2025-12-04,CG40H-V01C,C1G40L-M3323-20K,1,1,13:20,13:43,"23 min"
2025-12-04,CYB15C-V01D,CYB15L-AS377-30K,1,16,13:50,14:45,"55 min"
2025-12-04,CP9632T-V01B,C9632ABAC958-30K,1,10,14:00,16:00,"120 min"
2025-12-04,NCA200R-V01D,NCA200-02-AV287-20K,1,2,14:36,15:03,"27 min"
2025-12-04,MXQ16B-V02D,P3802601B-M,1,7,14:50,15:25,"35 min"
2025-12-04,MXQ12B-V02D,P3802501B-M,1,5,15:35,16:00,"25 min"
2025-12-04,CXS16S2-V01D,CXS16A-AS988-20K,1,8,16:02,16:27,"25 min"
2025-12-03,MGPM12B2-V02D,MGP12A-AC891-30K,1,5,00:16,16:25,"969 min"
2025-12-03,MGPM16B2-V01D,MGP16A-AC892-30K,1,7,07:50,08:34,"44 min"
2025-12-03,MSQ10B2-V04D,P6260101-D,1,2,08:25,08:43,"18 min"
2025-12-03,MGPM16B2-V01D,MGP16A-AC892-30K,8,14,08:35,09:02,"27 min"
2025-12-03,MSQ50TB-V01E,P8910470-D,1,1,08:40,08:53,"13 min"
2025-12-03,MYM50P-V01D,MYM50-55-K0502-K,1,1,08:45,09:00,"15 min"
2025-12-03,MSQ50BB2-V01E,P8910480-D,1,1,08:53,09:15,"22 min"
2025-12-03,CJ16P-V01D,C2J16M-AF113-25K,1,20,09:05,09:40,"35 min"
2025-12-03,MSQ50B5-V01D,P8910402-D,1,1,09:15,09:22,"7 min"
2025-12-03,CYV15C-V01D,CYV15G-R5502-20K,1,12,09:30,11:00,"90 min"
2025-12-03,MYM20P-V01D,MYM20-55-K0501-K,1,12,09:50,10:30,"40 min"
2025-12-03,CQ25G-V01C,C2Q25G-P1283-30K,1,14,10:50,11:20,"30 min"
2025-12-03,CM20AS-V02D,C2M020K03-68714B,1,14,11:38,12:32,"54 min"
2025-12-03,CM20AS-V02D,C2M020K03-68714B,15,21,12:35,13:00,"25 min"
2025-12-03,CM32AH-V01D,C2M032K02-68716B,1,5,13:50,14:10,"20 min"
2025-12-03,CA63T-V03C,S370A63T72X63X30,1,7,14:00,16:05,"125 min"
2025-12-03,CQ25T3-V03B-ZZZ,C2Q25A-AD137A30K,1,7,14:13,14:50,"37 min"
2025-12-03,CQ32T3-V02B-ZZZ,C2Q32A-AD138A30K,1,7,15:10,15:40,"30 min"
2025-12-02,MGPL80B2-V01D,MGP80A-AC909-20K,1,3,07:45,08:27,"42 min"
2025-12-02,MGPM12B2-V01D,MGP12A-AC891-30K,1,7,08:08,08:40,"32 min"
2025-12-02,MGPL80B2-V01D,MGP80A-AC909-20K,4,6,08:27,09:03,"36 min"
2025-12-02,CQ16TH-V01D,C2Q016K04-56564,1,12,08:57,09:35,"38 min"
2025-12-02,MGPL80B2-V01D,MGP80A-AC909-20K,7,9,09:03,10:05,"62 min"
2025-12-02,CQ40C-V01D,S501A61T43X16X30,1,6,09:50,10:20,"30 min"
2025-12-02,MGPL80B2-V01D,MGP80A-AC909-20K,10,10,10:05,13:01,"176 min"
2025-12-02,MHL20B2-V02D,P3315361-M,1,1,10:20,10:35,"15 min"
2025-12-02,CQ40C-V01D,S501A61T43X16X30,7,14,10:30,11:10,"40 min"
2025-12-02,MHL25B2-V02D,P3315461-M,1,1,10:35,10:50,"15 min"
2025-12-02,MXS16B-V01D,P3800401B-M,1,2,10:50,11:10,"20 min"
2025-12-02,MYB20AJ3-V01D,MYB20-38AA7164-K,1,7,12:15,13:00,"45 min"
2025-12-02,XLA40B2-V04B,XLA40-1B-S,1,4,13:01,14:23,"82 min"
2025-12-02,CYB10C-V01D,CYB10L-AS376-30K,1,28,13:05,13:43,"38 min"
2025-12-02,MHZ40B-V01D,P4811601-M-1,1,2,14:10,14:50,"40 min"
2025-12-02,MXQ12B-V01D,P3802501B-M,1,3,14:56,15:40,"44 min"
2025-12-02,MGPM12B2-V02D,MGP12A-AC891-30K,1,4,15:10,15:50,"40 min"
2025-12-02,MSQ30B5-V01D,P8910302-D,1,5,15:40,16:24,"44 min"
2025-12-02,LEY16B2-V01D,EQY16A-YA096-30-K,1,6,15:55,16:27,"32 min"
2025-12-02,MYM20S-V01B,MYM20-27AK0501AK,1,6,16:05,16:27,"22 min"
2025-12-01,MGPM63B2-V01D,MGP63A-AC898-20K,1,4,07:59,09:03,"64 min"
2025-12-01,MGZ63T-V01D,MGZ63AAQ5434-25K,1,2,08:00,08:32,"32 min"
2025-12-01,VV14M1-V01D-ZZZ,DXT199-20-23-30,1,8,08:05,08:38,"33 min"
2025-12-01,MSQ20TB-V01E,P8910270-D,1,1,08:10,08:40,"30 min"
2025-12-01,VV14M1-V01D-ZZZ,DXT199-20-23-30,9,15,08:40,09:15,"35 min"
2025-12-01,CGA0H3-V01D,C1GA0L-AX761-30K,1,1,09:07,10:16,"69 min"
2025-12-01,CQ32T3-V02B-ZZZ,C2Q32A-AD138A30K,1,2,09:15,09:30,"15 min"
2025-12-01,CG40R-V01D,CG-040K02-35903A,1,9,10:10,10:40,"30 min"
2025-12-01,CG80H3-V01D,C1G80L-AX760-30K,1,2,10:16,11:16,"60 min"
2025-12-01,MGPM32B2-V01D,MGP32A-AC895-30K,1,5,10:16,10:35,"19 min"
2025-12-01,CQ63T3-V02C-ZZZ,C2Q63A-AD141A30K,1,5,10:38,14:00,"202 min"
2025-12-01,MGPM32B2-V01D,MGP32A-AC895-30K,6,10,10:53,11:38,"45 min"
2025-12-01,CM25AH-V01D,C2M025K02-68715B,1,14,11:15,11:59,"44 min"
2025-12-01,CQ32C-V01D,S501A61T35X16X30,1,16,12:30,13:02,"32 min"
2025-12-01,MGPM32B2-V01D,MGP32A-AC895-30K,11,12,13:18,13:34,"16 min"
2025-12-01,CXS20S3-V02D,CXS20A-BA023-20K,1,5,13:50,14:25,"35 min"
2025-12-01,CXS32S3-V02D,CXS32A-BA025-20K,1,3,14:50,15:25,"35 min"
2025-12-01,CA50T-V03C,S370A63T58X50X30,1,5,15:20,16:05,"45 min"
2025-12-01,CXS16S2-V01D,CXS16A-AS988-20K,1,9,15:38,16:08,"30 min"
2025-12-01,CXS16S2-V01D,CXS16A-AS988-20K,10,14,16:10,16:25,"15 min"
2025-11-28,VV13M1-V01D-ZZZ,DXT192-11-44-30,9,16,07:55,08:30,"35 min"
2025-11-28,CQ50T3-V02B-ZZZ,C2Q50A-AD140A30K,1,7,08:50,09:22,"32 min"
2025-11-28,CQ50T3-V02B-ZZZ,C2Q50A-AD140A30K,8,14,09:23,09:53,"30 min"
2025-11-28,CAA0T-V02C,S370A63T110X100X30,1,18,09:30,10:15,"45 min"
2025-11-28,MK40RC-V01E,MK-40L-AF610-20K,1,7,10:10,10:50,"40 min"
2025-11-28,NCQ8056T-V01D,N7QAAA-AA568-20K,1,1,10:30,10:48,"18 min"
2025-11-28,MSQ50B2-V03D,P6260401-D,1,3,10:50,11:15,"25 min"
2025-11-28,CM32AS-V02D,C2M032K03-68716B,1,11,11:08,11:50,"42 min"
2025-11-28,CM32AS-V02D,C2M032K03-68716B,12,14,12:35,13:00,"25 min"
2025-11-28,CXS15S3-V03D,CXS15A-BA022-20K,1,2,13:01,13:15,"14 min"
2025-11-28,CYB25B-V01D,CYB25K-AS379-20K,1,5,13:17,14:00,"43 min"
2025-11-28,CQ20T3-V02B-ZZZ,C2Q20A-AD136A30K,1,11,14:30,15:05,"35 min"
2025-11-28,CQ20T3-V02B-ZZZ,C2Q20A-AD136A30K,12,14,15:15,15:40,"25 min"
2025-11-27,CQ12T3L-V02B-ZZZ,C2Q12A-AD367-30K,1,13,07:50,08:20,"30 min"
2025-11-27,CQ12T3L-V02B-ZZZ,C2Q12A-AD367-30K,14,18,08:21,08:38,"17 min"
2025-11-27,MB40T-V02C,S369A63T45X40X30,1,10,08:40,09:03,"23 min"
2025-11-27,VV13M1-V01D-ZZZ,DXT192-11-44-30,1,9,09:10,09:45,"35 min"
2025-11-27,VV13M1-V01D-ZZZ,DXT192-11-44-30,10,16,09:47,10:25,"38 min"
2025-11-27,MHF08B-V04D,P4814101-MH1,1,1,09:50,10:15,"25 min"
2025-11-27,MHF12B-V04D,P4814201-MH1,1,18,10:30,10:50,"20 min"
2025-11-27,CM40AS-V01D,C2M040K03-68717B,1,10,10:35,11:08,"33 min"
2025-11-27,CM40AS-V01D,C2M040K03-68717B,11,14,11:10,11:32,"22 min"
2025-11-27,LEF16B0-V01D,LEF16-1D,1,2,11:15,11:35,"20 min"
2025-11-27,MB63TD-V01C,S409A63T68X63X30,1,4,11:38,12:00,"22 min"
2025-11-27,CQ12T3L-V01B-ZZZ,C2Q12A-AD367-30K,1,4,12:23,12:50,"27 min"
2025-11-27,MGPL12B2-V02D,MGP12A-AC901-30K,1,6,12:50,13:16,"26 min"
2025-11-27,MXQ08B-V02D,P3802401B-M,1,10,13:17,13:50,"33 min"
2025-11-27,CP9632T-V01B,C9632ABAC958-30K,1,4,13:20,13:55,"35 min"
2025-11-27,CQ20T-V01D,C2Q020K04-49998,1,12,14:00,14:35,"35 min"
2025-11-27,CKZ50T4-V01D,CKZ50ABAT389-30K,1,3,14:00,14:35,"35 min"
2025-11-27,CQ20T-V01D,C2Q020K04-49998,13,18,14:37,15:00,"23 min"
2025-11-27,MXQ16B-V02D,P3802601B-M,1,9,15:03,15:45,"42 min"
2025-11-27,VV13M1-V01D-ZZZ,DXT192-11-44-30,1,8,15:50,16:25,"35 min"
2025-11-26,MHF12B-V03D,P4814201-MH1,1,1,08:00,08:20,"20 min"
2025-11-26,MGPL50B2-V02D,MGP50A-AC907-20K,5,8,08:16,10:03,"107 min"
2025-11-26,MHZ40B-V02D,P4811601-M-1,1,1,08:20,08:35,"15 min"
2025-11-26,MSQ20BB2-V01E,P8910280-D,1,1,08:35,08:55,"20 min"
2025-11-26,CXS10C-V01E,CXS10L-R6001-20K,1,7,08:39,09:20,"41 min"
2025-11-26,XLA25B2-V04B,XLA25-1B-S,1,3,09:20,09:56,"36 min"
2025-11-26,MGPL63B2-V01D,MGP63A-AC908-20K,1,2,10:39,11:00,"21 min"
2025-11-26,CXS20S2-V01E,CXS20A-AS989-20K,1,2,10:50,11:15,"25 min"
2025-11-26,MK20RC-V01E,MK-20L-AF607-20K,1,12,10:53,11:44,"51 min"
2025-11-26,MGPL63B2-V02D,MGP63A-AC908-20K,1,1,10:56,11:19,"23 min"
2025-11-26,CXS20S3-V02D,CXS20A-BA023-20K,1,3,11:44,12:25,"41 min"
2025-11-26,MHZ10B2-V02E,P4811151-MH1,1,13,12:30,14:05,"95 min"
2025-11-26,MGPM80B2-V01D,MGP80A-AC899-20K,1,3,13:09,15:09,"120 min"
2025-11-26,CXS10S3-V02D,CXS10A-R6001-20K,1,10,13:50,14:40,"50 min"
2025-11-26,MHZ10B2-V02E,P4811151-MH1,14,24,14:06,15:00,"54 min"
2025-11-26,APT9-V01E,APTE00-96001042-D,1,3,14:48,15:25,"37 min"
2025-11-26,MGPM80B2-V01D,MGP80A-AC899-20K,4,5,15:10,15:45,"35 min"
2025-11-26,CQ25T3-V03B-ZZZ,C2Q25A-AD137A30K,1,7,15:25,15:53,"28 min"
2025-11-26,CXS25S2-V01E,CXS25A-AS990-20K,1,5,15:43,16:10,"27 min"
2025-11-25,CQ20T3-V02B-ZZZ,C2Q20A-AD136A30K,1,11,07:50,08:20,"30 min"
2025-11-25,MXQ08B-V01D,P3802401B-M,13,16,07:55,08:20,"25 min"
2025-11-25,CQ20T3-V02B-ZZZ,C2Q20A-AD136A30K,12,14,08:21,08:40,"19 min"
2025-11-25,CXS25LB-V01E,CXR025-32-29954,1,10,08:42,09:12,"30 min"
2025-11-25,DXT199M1-V01D,DXT199-20-1,1,5,09:15,09:57,"42 min"
2025-11-25,MB63TD-V01C,S409A63T68X63X30,1,3,09:58,10:20,"22 min"
2025-11-25,CA40T-V03C,S370A63T47X40X30,1,5,10:35,11:10,"35 min"
2025-11-25,MHF08B-V03D,P4814101-MH1,1,2,11:00,11:20,"20 min"
2025-11-25,CYB40B-V01D,CYB40K-AS381-20K,1,4,11:27,11:59,"32 min"
2025-11-25,CXS32S3-V02D,CXS32A-BA025-20K,1,5,12:35,13:12,"37 min"
2025-11-25,MHZ40B-V01D,P4811601-M-1,1,2,13:30,14:10,"40 min"
2025-11-25,MGPM16B2-V02D,MGP16A-AC892-30K,1,9,14:40,15:25,"45 min"
2025-11-25,MGPL50B2-V02D,MGP50A-AC907-20K,1,4,14:47,08:16,"-391 min"
2025-11-25,MXQ08B-V01D,P3802401B-M,1,12,16:00,16:25,"25 min"
2025-11-24,VV14M1-V02D,DXT199-20-23,1,7,08:05,09:00,"55 min"
2025-11-24,CYB32B-V01D,CYB32K-AS380-20K,8,10,08:21,09:36,"75 min"
2025-11-24,CP9650T-V01B,C9650ABAC960-30K,1,1,08:40,08:55,"15 min"
2025-11-24,DXT192M1-V01D,DXT192-11-3,1,1,08:55,09:15,"20 min"
2025-11-24,CYR25SR-V02D,CYR25E-AX664-30K,1,2,09:15,09:35,"20 min"
2025-11-24,MXS16B-V02D,P3800401B-M,1,2,09:20,09:40,"20 min"
2025-11-24,CM25AS-V01D,C2M025K03-68715B,1,14,09:50,10:20,"30 min"
2025-11-24,M1B40T-V02D,MB-40ABL8510-30K,1,1,10:10,10:25,"15 min"
2025-11-24,MYM16BH-V01E,MYM16-42AK0500-20K,1,8,10:25,10:55,"30 min"
2025-11-24,CKZ50T4-V01D,CKZ50ABAT389-30K,1,4,10:30,11:05,"35 min"
2025-11-24,XLA40B2-V04B,XLA40-1B-S,1,6,10:52,16:30,"338 min"
2025-11-24,CUJ12A-V01S,CUJ12A-AD252-20K,1,1,11:05,11:25,"20 min"
2025-11-24,CA80T-V02C,S370A63T89X80X30,1,7,11:08,11:49,"41 min"
2025-11-24,CXS16S2-V01D,CXS16A-AS988-20K,1,9,12:52,13:28,"36 min"
2025-11-24,CXS16S2-V01D,CXS16A-AS988-20K,10,14,13:30,13:56,"26 min"
2025-11-24,MYM40P-V01D,CYP040-32D29451,1,3,13:57,14:23,"26 min"
2025-11-24,MSQ20B2-V04D,P6260201-D,1,7,14:43,15:15,"32 min"
2025-11-24,MSQ20B2-V04D,P6260201-D,8,10,15:25,15:50,"25 min"
2025-11-24,CQ25T3-V02B-ZZZ,C2Q25A-AD137A30K,1,3,15:50,16:05,"15 min"
2025-11-21,M1B63T-V02D,MB-63ABL8512-30K,1,1,08:36,08:57,"21 min"
2025-11-21,MSQ10TB-V01E,P8910170-D,1,1,09:00,09:20,"20 min"
2025-11-21,CQ80T3-V01C-ZZZ,C2Q80A-AD142-30K,1,3,09:00,09:27,"27 min"
2025-11-21,XLA40B2-V04B,XLA40-1B-S,1,2,09:28,10:00,"32 min"
2025-11-21,CYV32C-V01D,CYV32G-R5503-20K,1,6,10:15,11:00,"45 min"
2025-11-21,CA80T-V01C,S370A63T89X80X30,1,6,10:40,11:12,"32 min"
2025-11-21,MGPM50B2-V01D,MGP50A-AC897-20K,1,4,10:48,13:49,"181 min"
2025-11-21,CA80T-V01C,S370A63T89X80X30,7,8,11:13,11:35,"22 min"
2025-11-21,MHZ10B2-V02E,P4811151-MH1,1,4,12:45,13:20,"35 min"
2025-11-21,CKZ40T4-V01D,CKZ40ABAT388-30K,1,5,12:50,13:18,"28 min"
2025-11-21,CXS20S3-V02D,CXS20A-BA023-20K,1,7,13:12,13:48,"36 min"
2025-11-21,CJ10C2-V01D,C2J10L-AH083-30K,1,2,13:25,13:40,"15 min"
2025-11-21,CJ16C2-V01D,C2J16L-AH084-30K,1,1,13:40,14:00,"20 min"
2025-11-21,CXS15S3-V03D,CXS15A-BA022-20K,1,4,14:00,14:30,"30 min"
2025-11-21,MYM25P-V01D,CYP025-32D29449,1,2,14:00,14:20,"20 min"
2025-11-21,CYB32B-V01D,CYB32K-AS380-20K,1,7,14:19,16:30,"131 min"
2025-11-21,CQ12T3L-V02B-ZZZ,C2Q12A-AD367-30K,1,4,14:40,15:07,"27 min"
2025-11-20,CXS10S3-V02D,CXS10A-R6001-20K,1,10,07:55,08:28,"33 min"
2025-11-20,VV13M1-V01D-ZZZ,DXT192-11-44-30,1,10,08:00,08:50,"50 min"
2025-11-20,CP9650H-V01D,C9650LCAZ035-30K,1,1,08:06,08:20,"14 min"
2025-11-20,CXS16LB-V01E,CXR016-32-29953,1,9,08:30,09:04,"34 min"
2025-11-20,VV13M1-V01D-ZZZ,DXT192-11-44-30,11,20,08:50,09:25,"35 min"
2025-11-20,CGA0R2-V01D,C1GA0K02-AH118,1,1,09:02,09:37,"35 min"
2025-11-20,MXS20B-V01D,P3800501B-M,1,7,09:06,09:45,"39 min"
2025-11-20,VV13M1-V01D-ZZZ,DXT192-11-44-30,21,30,09:27,10:00,"33 min"
2025-11-20,MYM32S-V01B,MYM32-27-A5904-K,1,4,09:37,10:19,"42 min"
2025-11-20,CM20AS-V01D,C2M020K03-68714B,1,15,09:55,10:35,"40 min"
2025-11-20,CM20AS-V01D,C2M020K03-68714B,16,20,10:42,11:10,"28 min"
2025-11-20,MHZ16B2-V01D,P4811251-MH1,1,2,11:10,11:23,"13 min"
2025-11-20,CP9640T-V01B,C9640ABAC959-30K,1,5,11:40,12:20,"40 min"
2025-11-20,CA40T-V01C,S370A63T47X40X30,1,10,12:30,13:35,"65 min"
2025-11-20,CXS16S2-V01D,CXS16A-AS988-20K,1,9,14:45,15:20,"35 min"
2025-11-20,CXS16S2-V01D,CXS16A-AS988-20K,10,14,15:26,15:50,"24 min"
2025-11-20,MXQ08B-V01D,P3802401B-M,1,4,15:53,16:05,"12 min"
2025-11-20,MB40T-V01C,S369A63T45X40X30,1,4,16:06,16:25,"19 min"
2025-11-19,MSQ30BB2-V01D,P8910380-D,1,1,07:45,08:16,"31 min"
2025-11-19,MB40T-V02C,S369A63T45X40X30,1,10,07:54,08:27,"33 min"
2025-11-19,CQ12TH-V01D,C2Q012K04-56563,1,18,09:00,09:50,"50 min"
2025-11-19,CXS20S3-V02D,CXS20A-BA023-20K,1,3,09:58,10:30,"32 min"
2025-11-19,MGPM63B2-V02D,MGP63A-AC898-20K,1,3,10:21,11:30,"69 min"
2025-11-19,CP9632T-V01B,C9632ABAC958-30K,1,7,10:43,11:10,"27 min"
2025-11-19,CA32T-V02C,S370A63T38X32X30,1,16,11:26,12:06,"40 min"
2025-11-19,CKZ63T4-V01D,CKZ63ABAT390-30K,1,6,13:10,13:50,"40 min"
2025-11-19,CKZ63T4-V01D,CKZ63ABAT390-30K,7,8,13:53,14:20,"27 min"
2025-11-19,MSQ20B2-V04D,P6260201-D,1,5,14:22,14:51,"29 min"
2025-11-19,CXS06S2-V01D,CXS06A-AS986-20K,1,12,14:52,15:25,"33 min"
2025-11-19,CXS06S2-V01D,CXS06A-AS986-20K,13,24,15:30,16:00,"30 min"
2025-11-19,CXS06S2-V01D,CXS06A-AS986-20K,25,28,16:04,16:25,"21 min"
2025-11-18,CP9663T-V01B,C9663ABAC961-30K,1,1,07:45,08:36,"51 min"
2025-11-18,VV13M1-V01D-ZZZ,DXT192-11-44-30,1,10,08:10,08:52,"42 min"
2025-11-18,CP9650T-V03B,C9650ABAC960-30K,1,5,08:36,09:30,"54 min"
2025-11-18,VV13M1-V01D-ZZZ,DXT192-11-44-30,11,21,09:20,10:00,"40 min"
2025-11-18,MYH40AJ2-V01E,MYH40-38BK2904-K,1,1,09:30,09:55,"25 min"
2025-11-18,MSQ30B2-V02D,P6260301-D,1,1,10:10,10:35,"25 min"
2025-11-18,CM25AS-V01D,C2M025K03-68715B,1,14,10:20,10:52,"32 min"
2025-11-18,MSQ20BB2-V01D,P8910280-D,1,1,10:35,10:58,"23 min"
2025-11-18,XLA25B2-V04B,XLA25-1B-S,1,8,11:56,12:45,"49 min"
2025-11-18,CA80T-V02C,S370A63T89X80X30,1,7,13:00,13:40,"40 min"
2025-11-18,MGPM50B2-V01D,MGP50A-AC897-20K,5,8,13:05,14:39,"94 min"
2025-11-18,CA80T-V02C,S370A63T89X80X30,8,10,13:41,14:17,"36 min"
2025-11-18,MSQ20TB-V01D,P8910270-D,1,1,14:01,14:21,"20 min"
2025-11-18,MSQ50TB-V01D,P8910470-D,1,1,14:21,14:41,"20 min"
2025-11-18,MSQ30TB-V01D,P8910370-D,1,1,14:41,15:00,"19 min"
2025-11-18,CQ12T3L-V02B-ZZZ,C2Q12A-AD367-30K,1,14,14:50,15:22,"32 min"
2025-11-18,MSQ20BB2-V01E,P8910280-D,1,1,15:15,15:35,"20 min"
2025-11-18,CQ12T3L-V02B-ZZZ,C2Q12A-AD367-30K,15,28,15:35,16:03,"28 min"
2025-11-18,MYH40AJ2-V01E,MYH40-38BK2904-K,1,1,15:35,15:55,"20 min"
2025-11-18,MHZ10B2-V02E,P4811151-MH1,1,2,15:55,16:20,"25 min"
2025-11-17,MGPM50B2-V01D,MGP50A-AC897-20K,1,4,07:45,09:36,"111 min"
2025-11-17,CP9640R-V01D,C9640LBAZ034-30K,1,1,07:45,09:05,"80 min"
2025-11-17,MGPM25B2-V02D,MGP25A-AC894-30K,1,5,08:12,08:50,"38 min"
2025-11-17,MGPM25B2-V02D,MGP25A-AC894-30K,6,10,08:51,09:35,"44 min"
2025-11-17,MLU50LB-V01E,MLU50-27-Z0414-K,1,1,09:05,09:43,"38 min"
2025-11-17,MSQ20B2-V04D,P6260201-D,1,4,09:37,10:20,"43 min"
2025-11-17,CP9650H-V01D,C9650LCAZ035-30K,1,1,09:43,09:57,"14 min"
2025-11-17,CP9680H-V01D,C9680LCAZ037-30K,1,1,09:57,10:13,"16 min"
2025-11-17,MXS06B-V02D,P3800101B-M,1,12,10:30,11:08,"38 min"
2025-11-17,CXS06C-V01E,CXS06L-R6000-20K,1,10,11:10,11:45,"35 min"
2025-11-17,CM20AS-V01D,C2M020K03-68714B,1,8,11:47,12:15,"28 min"
2025-11-17,MB40T-V01C,S369A63T45X40X30,1,10,12:27,13:00,"33 min"
2025-11-17,CXS16S2-V01D,CXS16A-AS988-20K,1,3,13:09,13:30,"21 min"
2025-11-17,CKZ63T4-V01D,CKZ63ABAT390-30K,1,6,13:54,14:32,"38 min"
2025-11-17,CKZ63T4-V01D,CKZ63ABAT390-30K,7,10,14:35,15:00,"25 min"
2025-11-17,MXS20B-V02D,P3800501B-M,1,3,15:30,15:54,"24 min"
2025-11-17,CQ25T3-V02B-ZZZ,C2Q25A-AD137A30K,1,6,16:00,16:30,"30 min"
2025-11-14,CA80T-V01C,S370A63T89X80X30,1,3,08:00,08:15,"15 min"
2025-11-14,CXS32S2-V01E,CXS32A-AS991-20K,1,6,08:20,09:05,"45 min"
2025-11-14,MGPM50B2-V02D,MGP50A-AC897-20K,9,10,08:48,09:38,"50 min"
2025-11-14,CXS32S2-V01E,CXS32A-AS991-20K,7,8,09:10,09:40,"30 min"
2025-11-14,MXS20B-V01D,P3800501B-M,1,7,09:49,10:28,"39 min"
2025-11-14,MXS20B-V01D,P3800501B-M,8,14,10:35,11:05,"30 min"
2025-11-14,LEY63B-V01B,LEY63-1D-30,1,2,10:57,11:13,"16 min"
2025-11-14,CKZ40T4-V01D,CKZ40ABAT388-30K,1,3,11:15,11:48,"33 min"
2025-11-14,CM25AH-V01D,C2M025K02-68715B,1,13,11:58,12:35,"37 min"
2025-11-14,CM25AH-V01D,C2M025K02-68715B,14,25,12:40,13:08,"28 min"
2025-11-14,CLK50R-V01D,CLK50L-AC510-20K,1,1,13:19,13:31,"12 min"
2025-11-14,CP9640T-V02B,C9640ABAC959-30K,1,9,13:30,14:10,"40 min"
2025-11-14,CLK63R-V01D,CLK63L-AC511-20K,1,1,13:32,13:45,"13 min"
2025-11-14,CP9640T-V03B,C9640ABAC959-30K,1,7,14:15,14:50,"35 min"
2025-11-14,CQ80T3-V02C-ZZZ,C2Q80A-AD142-30K,1,3,14:20,14:50,"30 min"
2025-11-14,CA40T-V02C,S370A63T47X40X30,1,10,15:00,16:00,"60 min"
2025-11-13,CP9632H-V01D,C9632LCAZ033-30K,1,1,08:00,08:20,"20 min"
2025-11-13,CYV15K-V01D,CYV15C-R5502-20K,1,1,08:25,08:40,"15 min"
2025-11-13,CKZ50T4-V01D,CKZ50ABAT389-30K,1,6,08:35,00:00,"-515 min"
2025-11-13,CA63T-V03C,S370A63T72X63X30,1,3,09:00,09:40,"40 min"
2025-11-13,CKZ50T4-V01D,CKZ50ABAT389-30K,7,8,09:10,09:35,"25 min"
2025-11-13,VV13M1-V01D-ZZZ,DXT192-11-44-30,1,11,09:40,10:30,"50 min"
2025-11-13,LEF16B0-V01D,LEF16-1D,1,1,10:15,10:30,"15 min"
2025-11-13,LEF40B0-V01D,LEF40-1D,1,1,10:30,10:50,"20 min"
2025-11-13,CQ20T3-V02B-ZZZ,C2Q20A-AD136A30K,1,11,10:40,11:25,"45 min"
2025-11-13,MGPM50B2-V02D,MGP50A-AC897-20K,1,4,10:47,13:32,"165 min"
2025-11-13,CM20AH-V01D,C2M020K02-68714B,1,15,11:30,12:10,"40 min"
2025-11-13,CM20AH-V01D,C2M020K02-68714B,16,20,12:15,13:05,"50 min"
2025-11-13,MB63TD-V01C,S409A63T68X63X30,1,7,13:15,13:45,"30 min"
2025-11-13,MGPM50B2-V02D,MGP50A-AC897-20K,5,8,13:36,08:46,"-290 min"
2025-11-13,CP9663T-V03B,C9663ABAC961-30K,8,10,13:45,16:10,"145 min"
2025-11-13,MB63TD-V01C,S409A63T68X63X30,8,10,13:50,14:12,"22 min"
2025-11-13,CP9663T-V03B,C9663ABAC961-30K,1,7,14:30,15:30,"60 min"
2025-11-13,MSQ10B2-V03D,P6260101-D,1,1,15:10,15:25,"15 min"
2025-11-12,MGPL25B2-V01D,MGP25A-AC904-30K,1,6,07:50,08:40,"50 min"
2025-11-12,MGPL25B2-V01D,MGP25A-AC904-30K,7,8,08:42,09:10,"28 min"
2025-11-12,CQ50T3-V02B-ZZZ,C2Q50A-AD140A30K,1,8,09:17,10:18,"61 min"
2025-11-12,CQ50T3-V02B-ZZZ,C2Q50A-AD140A30K,9,12,10:20,11:20,"60 min"
2025-11-12,CP9640H-V01D,C9640LCAZ034-30K,1,1,10:31,10:52,"21 min"
2025-11-12,MHZ10B2-V02E,P4811151-MH1,1,8,11:30,12:20,"50 min"
2025-11-12,MBA0TD-V01C,S409A63T107X100X30,1,4,12:22,12:57,"35 min"
2025-11-12,CP9663T-V02B,C9663ABAC961-30K,1,4,13:00,13:45,"45 min"
2025-11-12,MYM40S-V01B,MYM40-27-A5905-K,1,2,13:01,13:41,"40 min"
2025-11-12,CXS20S3-V02D,CXS20A-BA023-20K,1,2,13:40,14:00,"20 min"
2025-11-12,MSQ50B5-V01D,P8910402-D,1,2,13:41,14:26,"45 min"
2025-11-12,VV14M1-V01D,DXT199-20-23,1,7,13:57,14:38,"41 min"
2025-11-12,CXS15S3-V03D,CXS15A-BA022-20K,1,1,14:00,14:25,"25 min"
2025-11-12,CG80R2-V01D,C1G80K02-AH117,1,3,14:26,15:01,"35 min"
2025-11-12,CXS25S2-V01E,CXS25A-AS990-20K,1,2,14:30,14:50,"20 min"
2025-11-12,CA32T-V01C,S370A63T38X32X30,1,13,14:40,15:24,"44 min"
2025-11-12,MHZ16B2-V01D,P4811251-MH1,1,2,14:50,15:10,"20 min"
2025-11-12,CA32T-V01C,S370A63T38X32X30,14,19,15:38,16:05,"27 min"
2025-11-11,CA50T-V03C,S370A63T58X50X30,1,3,08:15,09:00,"45 min"
2025-11-11,CQ25T-V01D,C2Q025K04-49999,1,11,08:37,09:10,"33 min"
2025-11-11,MGPM63B2-V01D,MGP63A-AC898-20K,1,3,08:49,09:36,"47 min"
2025-11-11,CXS20S2-V01E,CXS20A-AS989-20K,1,1,09:03,09:25,"22 min"
2025-11-11,CQ25T-V01D,C2Q025K04-49999,12,23,09:12,09:55,"43 min"
2025-11-11,MSQ30B2-V04D,P6260301-D,1,8,09:17,10:18,"61 min"
2025-11-11,MYM25P-V01D,CYP025-32D29449,1,6,09:30,10:00,"30 min"
2025-11-11,MGPM63B2-V01D,MGP63A-AC898-20K,4,6,09:36,13:56,"260 min"
2025-11-11,MB80TD-V01C,S409A63T86X80X30,1,3,10:12,10:45,"33 min"
2025-11-11,MSQ30B2-V04D,P6260301-D,9,12,10:20,11:20,"60 min"
2025-11-11,MYM32P-V01D,CYP032-32D29450,1,6,10:45,11:25,"40 min"
2025-11-11,CGA0R2-V01D,C1GA0K02-AH118,1,1,10:52,11:38,"46 min"
2025-11-11,CP9632T-V01B,C9632ABAC958-30K,1,10,11:00,11:40,"40 min"
2025-11-11,CA40T-V01C,S370A63T47X40X30,1,10,11:51,12:35,"44 min"
2025-11-11,CK50H-V01D,C1K50L-AS975-30K,1,2,12:20,13:00,"40 min"
2025-11-11,MXS20B-V02D,P3800501B-M,1,7,12:55,13:37,"42 min"
2025-11-11,APT9-V01E,APTE00-96001042-D,1,2,13:10,13:45,"35 min"
2025-11-11,MXS20B-V02D,P3800501B-M,8,11,13:38,14:10,"32 min"
2025-11-11,CP9632R-V01D,C9632LBAZ033-30K,1,3,13:50,14:20,"30 min"
2025-11-11,MGPM63B2-V01D,MGP63A-AC898-20K,7,7,13:56,14:36,"40 min"
2025-11-11,CXS10S3-V02D,CXS10A-R6001-20K,1,11,14:12,14:40,"28 min"
2025-11-11,CXS10S3-V02D,CXS10A-R6001-20K,12,22,14:42,15:20,"38 min"
2025-11-11,CXS10S3-V02D,CXS10A-R6001-20K,23,28,15:30,16:30,"60 min"
2025-11-11,MSQ10BB2-V01E,P8910180-D,1,3,15:50,16:20,"30 min"
2025-11-10,MGPM12B2-V01D,MGP12A-AC891-30K,1,8,07:50,08:24,"34 min"
2025-11-10,MGPM25B2-V02D,MGP25A-AC894-30K,7,9,07:55,08:35,"40 min"
2025-11-10,MGPM12B2-V01D,MGP12A-AC891-30K,9,14,08:26,09:00,"34 min"
2025-11-10,CQ80T3-V01C-ZZZ,C2Q80A-AD142-30K,1,5,08:52,10:43,"111 min"
2025-11-10,CQ25T3-V02B-ZZZ,C2Q25A-AD137A30K,1,10,09:03,09:29,"26 min"
2025-11-10,MLU32LB-V01E,MLU32-27-Z0412-K,1,1,09:30,09:55,"25 min"
2025-11-10,CQ25T3-V02B-ZZZ,C2Q25A-AD137A30K,11,15,09:30,09:50,"20 min"
2025-11-10,CYV15C-V01D,CYV15G-R5502-20K,1,9,10:10,11:45,"95 min"
2025-11-10,VV13M1-V01D-ZZZ,DXT192-11-44-30,1,6,10:15,10:47,"32 min"
2025-11-10,CM20AH-V01D,C2M020K02-68714B,1,5,10:48,11:12,"24 min"
2025-11-10,CQ16T3L-V02B-ZZZ,C2Q16A-AD368-30K,1,4,11:13,11:42,"29 min"
2025-11-10,XLA25B2-V04B,XLA25-1B-S,1,5,11:53,12:40,"47 min"
2025-11-10,MXS06B-V02D,P3800101B-M,1,14,13:00,13:41,"41 min"
2025-11-10,XLA80B2-V01D,XLA80-1B,1,1,13:09,14:16,"67 min"
2025-11-10,VV14M1-V02D,DXT199-20-23,1,7,13:45,14:28,"43 min"
2025-11-10,CQ32T3-V02B-ZZZ,C2Q32A-AD138A30K,1,5,14:00,14:55,"55 min"
2025-11-10,MGPM50B2-V02D,MGP50A-AC897-20K,1,4,14:16,14:59,"43 min"
2025-11-10,VV14M1-V02D,DXT199-20-23,8,14,14:30,15:03,"33 min"
2025-11-10,MGPM50B2-V02D,MGP50A-AC897-20K,5,8,14:59,15:36,"37 min"
2025-11-10,MYM25S-V01B,MYM25-27-A5903-K,1,3,15:25,16:00,"35 min"
2025-11-10,MSQ30TB-V01E,P8910370-D,1,1,15:36,15:54,"18 min"
2025-11-10,MGPM25B2-V02D,MGP25A-AC894-30K,1,6,15:50,16:28,"38 min"
2025-11-10,MYM32S-V01B,MYM32-27-A5904-K,1,2,16:05,16:20,"15 min"
2025-11-07,CXS16S2-V01D,CXS16A-AS988-20K,1,7,08:00,08:40,"40 min"
2025-11-07,MGPM63B2-V02D,MGP63A-AC898-20K,10,10,08:07,08:52,"45 min"
2025-11-07,CXS16S2-V01D,CXS16A-AS988-20K,8,14,08:45,09:20,"35 min"
2025-11-07,MXQ16B-V02D,P3802601B-M,1,7,09:25,10:00,"35 min"
2025-11-07,MXS20B-V01D,P3800501B-M,1,6,09:56,10:25,"29 min"
2025-11-07,MGPM63B2-V02D,MGP63A-AC898-20K,1,3,09:58,10:49,"51 min"
2025-11-07,MXQ16B-V02D,P3802601B-M,8,14,10:20,10:55,"35 min"
2025-11-07,CM40AS-V01D,C2M040K03-68717B,1,7,10:35,11:00,"25 min"
2025-11-07,MSQ30B2-V01S,P6260301-D,1,2,11:00,11:30,"30 min"
2025-11-07,CJ06C2-V01D,C2J06LAAH080-30K,1,32,11:08,12:30,"82 min"
2025-11-07,MGPM16B2-V02D,MGP16A-AC892-30K,1,8,12:40,13:10,"30 min"
2025-11-07,MGPM63B2-V02D,MGP63A-AC898-20K,4,6,13:09,14:23,"74 min"
2025-11-07,MGPM16B2-V02D,MGP16A-AC892-30K,9,14,13:12,13:45,"33 min"
2025-11-07,MXQ20B-V01D,P3802701B-M,1,7,14:00,14:35,"35 min"
2025-11-07,MGPM63B2-V02D,MGP63A-AC898-20K,7,9,14:23,14:59,"36 min"
2025-11-07,CAA0T-V02C,S370A63T110X100X30,1,2,14:30,15:20,"50 min"
2025-11-07,MXQ20B-V01D,P3802701B-M,8,10,14:37,15:10,"33 min"
2025-11-07,MXQ25B-V01D,P3802801B-M,1,3,15:30,15:55,"25 min"
2025-11-06,MGPM25B2-V01D,MGP25A-AC894-30K,1,5,08:00,08:38,"38 min"
2025-11-06,XVD2BN-V01E,XVD2-02B,1,1,08:10,08:25,"15 min"
2025-11-06,MGPL25B2-V02D,MGP25A-AC904-30K,1,5,08:35,09:20,"45 min"
2025-11-06,MGPM25B2-V01D,MGP25A-AC894-30K,6,7,08:40,09:07,"27 min"
2025-11-06,MGPL12B2-V01D,MGP12A-AC901-30K,1,9,09:10,09:38,"28 min"
2025-11-06,MGPL25B2-V02D,MGP25A-AC904-30K,6,8,09:22,09:54,"32 min"
2025-11-06,CGA0R2-V01D,C1GA0K02-AH118,1,1,09:31,10:10,"39 min"
2025-11-06,MGPL12B2-V01D,MGP12A-AC901-30K,10,18,09:39,10:07,"28 min"
2025-11-06,MGPL12B2-V01D,MGP12A-AC901-30K,19,22,10:08,10:26,"18 min"
2025-11-06,MGPLA0B2-V01D,MGPA0A-AC910-20K,1,1,10:10,10:43,"33 min"
2025-11-06,MYM16S-V01B,MYM16-27AK0500AK,1,5,12:20,12:50,"30 min"
2025-11-06,CQ25T-V01D,C2Q025K04-49999,1,7,12:52,13:27,"35 min"
2025-11-06,MGPM50B2-V01D,MGP50A-AC897-20K,1,2,13:01,13:41,"40 min"
2025-11-06,NCA325H-V01D,NCA325-03-AV289-20K,1,4,13:41,14:34,"53 min"
2025-11-06,CQ50T3-V02B-ZZZ,C2Q50A-AD140A30K,1,7,14:26,15:00,"34 min"
2025-11-06,MSQ50BB2-V01E,P8910480-D,1,1,14:34,14:49,"15 min"
2025-11-06,CQ50T3-V02B-ZZZ,C2Q50A-AD140A30K,8,14,15:28,15:55,"27 min"
2025-11-05,VV14M1-V02D,DXT199-20-23,1,2,07:50,08:18,"28 min"
2025-11-05,LEY63B-V01B,LEY63-1D-30,1,2,08:03,08:57,"54 min"
2025-11-05,MGPM12B2-V02D,MGP12A-AC891-30K,1,7,08:20,08:50,"30 min"
2025-11-05,CQS16T2-V01D,CQS16-04-F6465-K,1,5,08:52,09:30,"38 min"
2025-11-05,LEYA0B-V01B,LEYA0A-YA012-30-K,1,4,08:57,09:40,"43 min"
2025-11-05,VV13M1-V01D-ZZZ,DXT192-11-44-30,1,7,09:45,10:25,"40 min"
2025-11-05,VV13M1-V01D-ZZZ,DXT192-11-44-30,1,3,09:45,10:25,"40 min"
2025-11-05,VV13M1-V01D-ZZZ,DXT192-11-44-30,7,11,10:35,11:00,"25 min"
2025-11-05,MXQ08B-V02D,P3802401B-M,1,10,11:10,11:59,"49 min"
2025-11-05,VV14M1-V01D,DXT199-20-23,1,7,12:17,12:53,"36 min"
2025-11-05,MXQ08B-V01D,P3802401B-M,1,6,12:35,13:10,"35 min"
2025-11-05,MXS06B-V01D,P3800101B-M,1,4,12:55,13:20,"25 min"
2025-11-05,LEY25B2-V01D,EQY25A-YA096-30-K,1,3,13:15,13:40,"25 min"
2025-11-05,MYBA0H-V02D,MYB100-02-K2471-K,1,1,13:20,13:31,"11 min"
2025-11-05,MSQ30BB2-V01E,P8910380-D,1,2,13:31,13:46,"15 min"
2025-11-05,VV14M1-V01D,DXT199-20-23,1,4,13:33,14:00,"27 min"
2025-11-05,LEY32B2-V01D,EQY32A-YA096-30-K,1,2,13:45,14:10,"25 min"
2025-11-05,MYM50S-V02D,MYM50-27-K0502-K,1,1,13:46,14:01,"15 min"
2025-11-05,MSQ30B2-V04D,P6260301-D,1,3,14:03,15:00,"57 min"
2025-11-05,MYH20AJ2-V01E,MYH20-38BK2901-K,1,1,14:15,14:30,"15 min"
2025-11-05,MYH25AJ2-V01E,MYH25-38AK2902A-K,1,1,14:30,14:45,"15 min"
2025-11-05,MYH32AJ2-V01E,MYH32-38BK2903-K,1,1,14:45,15:00,"15 min"
2025-11-05,MYH40AJ2-V01E,MYH40-38BK2904-K,1,1,15:10,15:20,"10 min"
2025-11-05,CQ20T3-V02B-ZZZ,C2Q20A-AD136A30K,1,10,15:30,15:55,"25 min"
2025-11-05,CQ20T3-V02B-ZZZ,C2Q20A-AD136A30K,11,21,15:57,16:25,"28 min"
2025-11-04,MGPM63B2-V01D,MGP63A-AC898-20K,1,3,08:03,11:21,"198 min"
2025-11-04,CXS25S3-V02D,CXS25A-BA024-20K,1,7,09:10,09:50,"40 min"
2025-11-04,NCA150R-V01D,NCA150-02-AV286-20K,1,1,10:07,10:25,"18 min"
2025-11-04,MY1H20T-V01D,MYH20A-K2901-20K,1,1,10:26,10:40,"14 min"
2025-11-04,LEF32MC3A-V01D,LEF32-64AYA121-20-K,1,1,10:40,10:54,"14 min"
2025-11-04,MSQ30B5-V01D,P8910302-D,1,3,10:55,11:45,"50 min"
2025-11-04,MGPM63B2-V01D,MGP63A-AC898-20K,4,5,11:21,12:16,"55 min"
2025-11-04,CM32AH-V01D,C2M032K02-68716B,1,3,12:45,13:13,"28 min"
2025-11-04,MGPL25B2-V01D,MGP25A-AC904-30K,1,2,13:29,14:07,"38 min"
2025-11-04,MXS20B-V02D,P3800501B-M,1,2,14:10,14:27,"17 min"
2025-11-04,MYH32BS-V01E,MYH32-42-K2903-20K,1,4,14:30,15:00,"30 min"
2025-11-04,MYM16BH-V01E,MYM16-42AK0500-20K,1,8,15:25,15:55,"30 min"
2025-11-03,MYH40AJ1-V01E,MYH40-38AK2904-K,1,1,08:00,08:25,"25 min"
2025-11-03,MYH25AJ1-V01E,MYH25-38BK2902-K,1,1,08:25,08:50,"25 min"
2025-11-03,MYH32AJ1-V01E,MYH32-38AK2903-K,1,1,08:50,09:15,"25 min"
2025-11-03,CXS20P-V02E,CXS20J-28749-20K,1,2,09:15,09:33,"18 min"
2025-11-03,CXS25P-V02E,CXS25J-28750-20K,1,2,09:33,09:55,"22 min"
2025-11-03,CXS32P-V02E,CXS32J-28751-20K,1,2,09:55,10:20,"25 min"
2025-11-03,JSY31M2-V01D,JSY31M-20-E-3,1,1,10:20,10:50,"30 min"
2025-11-03,NCA325H-V01D,NCA325-03-AV289-20K,1,1,11:10,11:30,"20 min"
2025-11-03,MYB80H-V02D,MYB80-02-K2470-K,1,1,11:30,11:50,"20 min"
2025-11-03,CXS25S2-V01E,CXS25A-AS990-20K,1,7,12:20,12:53,"33 min"
2025-11-03,CXS25S2-V01E,CXS25A-AS990-20K,8,14,12:55,13:30,"35 min"
2025-11-03,NCA200H-V01D,NCA200-03-AV287-20K,1,3,13:01,13:42,"41 min"
2025-11-03,NCA400H-V01D,NCA400-03-AV290-20K,1,1,13:02,14:07,"65 min"
2025-11-03,MXQ25B-V01D,P3802801B-M,1,7,13:45,14:17,"32 min"
2025-11-03,CP9650R-V01D,C9650LBAZ035-30K,1,1,14:26,14:41,"15 min"
2025-11-03,MSQ50TB-V01E,P8910470-D,1,1,14:37,14:51,"14 min"
2025-11-03,NCA250H-V01D,NCA250-03-AV288-20K,1,2,14:41,15:21,"40 min"
2025-11-03,MSQ20B5-V01D,P8910202-D,1,3,15:10,16:00,"50 min"
2025-10-31,MGPM25B2-V02D,MGP25A-AC894-30K,1,5,08:05,08:55,"50 min"
2025-10-31,MXS16B-V02D,P3800401B-M,1,1,08:20,08:45,"25 min"
2025-10-31,MGPM25B2-V02D,MGP25A-AC894-30K,6,7,08:56,09:27,"31 min"
2025-10-31,CQ25T-V01D,C2Q025K04-49999,1,4,09:30,10:05,"35 min"
2025-10-31,CU32B-V01D,CU-032K27-57160A,1,1,10:30,10:55,"25 min"
2025-10-31,CXS06S2-V01D,CXS06A-AS986-20K,1,12,10:35,11:05,"30 min"
2025-10-31,CXS06S2-V01D,CXS06A-AS986-20K,13,24,11:10,11:51,"41 min"
2025-10-31,CXS06S2-V01D,CXS06A-AS986-20K,25,28,11:51,12:14,"23 min"
2025-10-31,CXS32LB-V01E,CXR32-32-A2226-K,1,4,12:25,13:55,"90 min"
2025-10-31,CAA0T-V02C,S370A63T110X100X30,1,3,13:15,14:10,"55 min"
2025-10-31,CXS15S3-V03D,CXS15A-BA022-20K,1,9,13:20,13:56,"36 min"
2025-10-31,CXS15S3-V03D,CXS15A-BA022-20K,10,14,13:57,14:23,"26 min"
2025-10-31,XLA40B2-V04B,XLA40-1B-S,1,2,14:01,14:39,"38 min"
2025-10-31,MSQ20B2-V04D,P6260201-D,1,3,14:25,14:53,"28 min"
2025-10-31,XLA25B2-V04B,XLA25-1B-S,1,2,15:10,15:48,"38 min"
2025-10-30,MYH25H-V01D,MYH25LAR4901-20K,1,1,08:00,08:20,"20 min"
2025-10-30,MYH16H-V01D,MYH16LAR4900-20K,1,1,08:20,08:40,"20 min"
2025-10-30,CQ12T3L-V01B-ZZZ,C2Q12A-AD367-30K,1,14,09:38,10:15,"37 min"
2025-10-30,CQ12T3L-V01B-ZZZ,C2Q12A-AD367-30K,15,28,10:20,10:47,"27 min"
2025-10-30,CUJ12A-V01S,CUJ12A-AD252-20K,1,1,10:40,11:00,"20 min"
2025-10-30,MXQ12B-V01D,P3802501B-M,1,2,10:48,11:00,"12 min"
2025-10-30,XGTP500C-V01D,XGT500-9-4M-X692,1,1,11:00,11:20,"20 min"
2025-10-30,MB80C-V02D,MB-80-32-C6780-K,1,1,11:15,11:25,"10 min"
2025-10-30,MSQ10B2-V03D,P6260101-D,1,10,11:15,12:03,"48 min"
2025-10-30,MY1H40T2-V01D,MYH40A-R4902-35K,1,1,11:20,11:40,"20 min"
2025-10-30,CQ32T3-V02B-ZZZ,C2Q32A-AD138A30K,1,3,12:20,12:40,"20 min"
2025-10-30,CQ32T3-V02B-ZZZ,C2Q32A-AD138A30K,1,11,12:45,13:20,"35 min"
2025-10-30,MBA0C-V02D,MB-A0-32-C6781-K,1,1,13:10,13:45,"35 min"
2025-10-30,RSQ12RC-V01D,RSQ12G-M2080-20K,1,1,13:15,13:35,"20 min"
2025-10-30,MSQ30B2-V04D,P6260301-D,1,2,13:30,13:45,"15 min"
2025-10-30,MYM16S2-V01D,MYM16K-AB013-20K,1,1,13:35,14:00,"25 min"
2025-10-30,MLU40LB-V01E,MLU40-27-Z0413-K,1,1,13:49,14:10,"21 min"
2025-10-30,MY1H25T2-V01D,MYH25A-R4901-35K,1,1,14:00,14:20,"20 min"
2025-10-30,CXS20S3-V02D,CXS20A-BA023-20K,1,8,14:05,14:42,"37 min"
2025-10-30,MLU50LB-V01E,MLU50-27-Z0414-K,1,1,14:10,14:25,"15 min"
2025-10-30,MY1H16T2-V01D,MYH16A-R4900-35K,1,1,14:20,14:40,"20 min"
2025-10-30,MY1H16T-V01D,MYH16A-K2900-20K,1,1,14:40,15:00,"20 min"
2025-10-30,CXS10S3-V02D,CXS10A-R6001-20K,1,11,15:05,15:50,"45 min"
2025-10-30,MY1H10T-V01D,MYH10A-R3360-20K,1,1,15:10,15:30,"20 min"
2025-10-30,CXS10S3-V02D,CXS10A-R6001-20K,12,16,15:52,16:20,"28 min"
2025-10-29,MGPL16B2-V02D,MGP16A-AC902-30K,1,8,07:50,08:30,"40 min"
2025-10-29,MGPM20B2-V02D,MGP20A-AC893-30K,1,7,07:50,08:30,"40 min"
2025-10-29,MSQ50B2-V03D,P6260401-D,1,2,08:15,08:45,"30 min"
2025-10-29,MGPL16B2-V02D,MGP16A-AC902-30K,9,14,08:31,08:50,"19 min"
2025-10-29,CXS06S2-V01D,CXS06A-AS986-20K,1,4,08:32,08:55,"23 min"
2025-10-29,MGPM50B2-V02D,MGP50A-AC897-20K,1,4,08:45,11:12,"147 min"
2025-10-29,CQS16T2-V01D,CQS16-04-F6465-K,1,8,09:03,09:40,"37 min"
2025-10-29,CXS32S2-V01E,CXS32A-AS991-20K,1,5,10:35,11:30,"55 min"
2025-10-29,CXS32S2-V01E,CXS32A-AS991-20K,6,7,11:30,12:05,"35 min"
2025-10-29,MXQ12B-V02D,P3802501B-M,1,3,12:15,12:49,"34 min"
2025-10-29,CXS16S2-V01D,CXS16A-AS988-20K,1,10,12:50,13:28,"38 min"
2025-10-29,MGPM50B2-V02D,MGP50A-AC897-20K,5,8,13:03,13:50,"47 min"
2025-10-29,CXS16S2-V01D,CXS16A-AS988-20K,11,14,13:30,13:54,"24 min"
2025-10-29,MGPM50B2-V02D,MGP50A-AC897-20K,9,10,13:54,14:30,"36 min"
2025-10-29,CQ50T3-V02B-ZZZ,C2Q50A-AD140A30K,1,7,14:00,14:30,"30 min"
2025-10-29,CQ50T3-V02B-ZZZ,C2Q50A-AD140A30K,8,14,14:32,15:05,"33 min"
2025-10-29,MHZ20B2-V01D,P4811351-MH1,1,9,15:25,15:58,"33 min"
2025-10-29,MSQ30B2-V01S,P6260301-D,1,1,15:35,16:00,"25 min"
2025-10-29,MYH16AJ1-V01E,MYH16-38AK2900-K,1,1,16:00,16:20,"20 min"
2025-10-28,CQS16T-V01B,CQS16-04-F6463-K,1,14,07:50,08:18,"28 min"
2025-10-28,MYB20AJ3-V01D,MYB20-38AA7164-K,1,3,08:00,09:20,"80 min"
2025-10-28,CQS16T-V01B,CQS16-04-F6463-K,15,17,08:20,08:46,"26 min"
2025-10-28,XLA25B2-V04B,XLA25-1B-S,1,5,08:48,09:26,"38 min"
2025-10-28,LEF32MC3A-V01D,LEF32-64AYA121-20-K,1,1,09:30,10:00,"30 min"
2025-10-28,PS63-V03D,S500A61T63X14X20,1,4,09:33,10:20,"47 min"
2025-10-28,LEF32MC4-V01D,LEF32-64-YA119-20-K,1,1,10:20,10:50,"30 min"
2025-10-28,PS63-V03D,S500A61T63X14X20,5,8,10:35,11:00,"25 min"
2025-10-28,MHZ20B2-V01D,P4811351-MH1,1,5,11:35,11:55,"20 min"
2025-10-28,CXS25S2-V01E,CXS25A-AS990-20K,1,7,12:50,13:30,"40 min"
2025-10-28,LEY32B2-V01D,EQY32A-YA096-30-K,1,5,13:10,13:50,"40 min"
2025-10-28,CXS25S2-V01E,CXS25A-AS990-20K,8,14,13:33,14:10,"37 min"
2025-10-28,MLU25LB-V01E,MLU25-27-Z0411-K,1,1,13:53,14:25,"32 min"
2025-10-28,MYH20AJ1-V01E,MYH20-38AK2901-K,1,1,14:25,14:50,"25 min"
2025-10-28,CQ16T3L-V02B-ZZZ,C2Q16A-AD368-30K,1,13,14:38,15:20,"42 min"
2025-10-28,MYB16SP-V01D,MYB16-46AA7163-K,1,8,14:50,15:30,"40 min"
2025-10-27,APT6-V01B,APTE00-96000150-D,1,3,07:50,08:19,"29 min"
2025-10-27,MYB16BH-V01D,MYB16-42-A7163-20K,1,36,08:00,09:20,"80 min"
2025-10-27,CQS12T2-V01D,CQS12-04-F6464-K,1,18,08:20,08:53,"33 min"
2025-10-27,APT4-V01B,APTE00-98000565-D,1,11,08:55,09:28,"33 min"
2025-10-27,APT4-V01B,APTE00-98000565-D,12,21,09:30,09:58,"28 min"
2025-10-27,CXS20S2-V01E,CXS20A-AS989-20K,1,5,09:30,10:15,"45 min"
2025-10-27,MXQ12B-V02D,P3802501B-M,1,4,10:02,10:28,"26 min"
2025-10-27,MSQ10BB3-V01D,P8910183-D,1,3,10:25,11:10,"45 min"
2025-10-27,MXQ12B-V01D,P3802501B-M,1,3,10:30,11:00,"30 min"
2025-10-27,XGTP300L-V01D,XGTP300-3-6M-1,1,2,11:01,13:26,"145 min"
2025-10-27,MSQ10B2-V03D,P6260101-D,1,3,11:15,12:40,"85 min"
2025-10-27,MXS25B-V02D,P3800601B-M,1,6,11:38,12:19,"41 min"
2025-10-27,MXS25B-V02D,P3800601B-M,7,13,12:19,13:40,"81 min"
2025-10-27,LEY25B2-V01D,EQY25A-YA096-30-K,1,5,12:40,13:25,"45 min"
2025-10-27,CQMA0P0-V01E,CQMA0J-AA075-20K,1,1,13:27,14:48,"81 min"
2025-10-27,MYB16AJ3-V01D,MYB16-38-A7163-K,1,6,13:30,14:10,"40 min"
2025-10-27,MXQ16B-V02D,P3802601B-M,1,9,13:48,14:25,"37 min"
2025-10-27,MXQ16B-V02D,P3802601B-M,10,13,14:27,14:53,"26 min"
2025-10-27,APT4-V02B,APTE00-98000565-D,1,14,14:55,15:30,"35 min"
2025-10-27,MYB20BH-V01D,MYB20-42AA7164-20K,1,24,15:10,16:15,"65 min"
2025-10-27,APT4-V02B,APTE00-98000565-D,15,17,15:32,15:55,"23 min"
2025-10-24,CQ20T-V01D,C2Q020K04-49998,1,11,07:55,08:28,"33 min"
2025-10-24,CQ20T-V01D,C2Q020K04-49998,12,16,08:30,08:57,"27 min"
2025-10-24,CGA0R2-V01D,C1GA0K02-AH118,1,1,08:45,09:15,"30 min"
2025-10-24,VV13M1-V01D,DXT192-11-44,1,9,09:00,09:40,"40 min"
2025-10-24,LEYA0B-V01B,LEYA0A-YA012-30-K,1,3,09:21,10:02,"41 min"
2025-10-24,CKZ50T4-V01D,CKZ50ABAT389-30K,1,3,09:30,10:30,"60 min"
2025-10-24,VV13M1-V01D,DXT192-11-44,10,12,09:40,10:45,"65 min"
2025-10-24,NCA150R-V01D,NCA150-02-AV286-20K,1,2,10:25,11:00,"35 min"
2025-10-24,CKZ63T4-V01D,CKZ63ABAT390-30K,1,3,10:50,11:20,"30 min"
2025-10-24,PS63-V03D,S500A61T63X14X20,1,8,11:02,11:55,"53 min"
2025-10-24,MYM63P-V01B,MYM63-55-K0503-K,1,3,12:30,13:40,"70 min"
2025-10-24,CXS15S3-V03D,CXS15A-BA022-20K,1,10,13:10,13:50,"40 min"
2025-10-24,LEY16B2-V01D,EQY16A-YA096-30-K,1,5,13:45,14:20,"35 min"
2025-10-24,CXS15S3-V03D,CXS15A-BA022-20K,11,14,13:52,14:27,"35 min"
2025-10-24,MGPM20B2-V02D,MGP20A-AC893-30K,1,6,14:55,15:35,"40 min"
2025-10-24,LEF16MC1-V01D,LEF16-9D,1,4,15:10,15:50,"40 min"
2025-10-24,MGPM20B2-V02D,MGP20A-AC893-30K,7,11,15:46,16:20,"34 min"
2025-10-23,XLA40B2-V04B,XLA40-1B-S,1,2,07:45,08:39,"54 min"
2025-10-23,CQ16T3L-V02B-ZZZ,C2Q16A-AD368-30K,1,12,07:55,08:28,"33 min"
2025-10-23,MYM16P-V01D,MYM16-55-K0500-K,1,12,08:00,09:20,"80 min"
2025-10-23,CQ16T3L-V02B-ZZZ,C2Q16A-AD368-30K,13,15,08:30,08:53,"23 min"
2025-10-23,MXQ20B-V01D,P3802701B-M,1,8,08:55,09:28,"33 min"
2025-10-23,CQ32T3-V02B-ZZZ,C2Q32A-AD138A30K,1,5,09:20,10:30,"70 min"
2025-10-23,CA63T-V03C,S370A63T72X63X30,1,5,09:40,10:16,"36 min"
2025-10-23,CQ32T3-V02B-ZZZ,C2Q32A-AD138A30K,1,9,10:35,11:20,"45 min"
2025-10-23,CQ25T3-V02B-ZZZ,C2Q25A-AD137A30K,1,5,10:45,11:05,"20 min"
2025-10-23,CYB25B-V01D,CYB25K-AS379-20K,1,2,11:06,11:45,"39 min"
2025-10-23,CQ40T3-V02B-ZZZ,C2Q40A-AD139A30K,1,5,11:45,12:10,"25 min"
2025-10-23,CXS16S2-V01D,CXS16A-AS988-20K,1,9,12:45,13:24,"39 min"
2025-10-23,CXS16S2-V01D,CXS16A-AS988-20K,10,14,13:26,13:52,"26 min"
2025-10-23,MGPM12B2-V01D,MGP12A-AC891-30K,1,8,14:13,14:48,"35 min"
2025-10-23,MGPM12B2-V01D,MGP12A-AC891-30K,9,16,14:50,15:00,"10 min"
2025-10-23,MGPM12B2-V01D,MGP12A-AC891-30K,17,18,15:00,15:55,"55 min"
2025-10-23,MYM20P-V01D,MYM20-55-K0501-K,1,12,15:10,16:15,"65 min"
2025-10-23,MYB32P2-V01D,MYB32-55-AS551-20-K,1,8,15:58,16:27,"29 min"
2025-10-22,CXS15S3-V03D,CXS15A-BA022-20K,11,15,08:00,08:25,"25 min"
2025-10-22,MSQ10B2-V03D,P6260101-D,1,2,08:00,08:25,"25 min"
2025-10-22,CU32B-V01D,CU-032K27-57160A,1,1,08:02,08:21,"19 min"
2025-10-22,MSQ10B2-V04D,P6260101-D,1,2,08:25,08:55,"30 min"
2025-10-22,MHZ20B2-V01D,P4811351-MH1,1,10,08:42,09:20,"38 min"
2025-10-22,CXS20S2-V01E,CXS20A-AS989-20K,1,1,08:55,09:20,"25 min"
2025-10-22,MHZ20B2-V01D,P4811351-MH1,11,18,09:22,09:50,"28 min"
2025-10-22,MSQ50B2-V03D,P6260401-D,1,3,09:30,10:30,"60 min"
2025-10-22,CQS12T2-V01D,CQS12-04-F6464-K,1,10,09:52,10:15,"23 min"
2025-10-22,CG50H2-V01E,C1G50K02-AM409,1,3,10:31,11:01,"30 min"
2025-10-22,CYB10B-V01D,CYB10K-AS376-20K,1,10,10:34,11:00,"26 min"
2025-10-22,CG63H2-V01E,C1G63K02-AM410,1,3,11:01,11:36,"35 min"
2025-10-22,APT6-V01B,APTE00-96000150-D,1,2,11:04,11:20,"16 min"
2025-10-22,MB50T-V03C,S369A63T55X50X30,1,12,11:22,11:55,"33 min"
2025-10-22,CQS16T-V01B,CQS16-04-F6463-K,1,14,12:43,13:20,"37 min"
2025-10-22,CXS10C-V01E,CXS10L-R6001-20K,1,3,13:30,14:30,"60 min"
2025-10-22,MGPM16B2-V01D,MGP16A-AC892-30K,1,8,13:52,14:25,"33 min"
2025-10-22,MGPM16B2-V01D,MGP16A-AC892-30K,9,16,14:27,14:55,"28 min"
2025-10-22,CQA0T-V01C,C2QA0-04-J0784-K,1,1,14:32,14:51,"19 min"
2025-10-22,MXS20B-V01D,P3800501B-M,1,7,15:17,15:50,"33 min"
2025-10-22,MXS20B-V01D,P3800501B-M,8,13,15:55,16:23,"28 min"
2025-10-21,CQM80P0-V01E,CQM80J-AA074-20K,1,2,00:10,11:36,"685 min"
2025-10-21,MSQ10B2-V02D,P6260101-D,1,1,08:00,08:30,"30 min"
2025-10-21,CXS16S2-V01D,CXS16A-AS988-20K,1,10,08:55,09:23,"28 min"
2025-10-21,CXS16S2-V01D,CXS16A-AS988-20K,11,14,09:25,09:50,"25 min"
2025-10-21,MXQ12B-V02D,P3802501B-M,1,11,09:52,10:35,"43 min"
2025-10-21,CXS32S3-V02D,CXS32A-BA025-20K,1,3,10:30,11:15,"45 min"
2025-10-21,MXQ12B-V02D,P3802501B-M,12,16,10:37,11:05,"28 min"
2025-10-21,MXQ16B-V02D,P3802601B-M,1,10,11:12,11:45,"33 min"
2025-10-21,CXS25LB-V01E,CXR025-32-29954,1,3,11:20,12:00,"40 min"
2025-10-21,MXQ16B-V02D,P3802601B-M,11,20,11:45,12:45,"60 min"
2025-10-21,NCA150H-V01D,NCA150-03-AV286-20K,1,4,12:20,12:50,"30 min"
2025-10-21,PS50-V01D,S500A61T50X14X30,1,5,12:52,13:30,"38 min"
2025-10-21,CQMA0P0-V01E,CQMA0J-AA075-20K,1,2,13:13,14:46,"93 min"
2025-10-21,MXQ25B-V02D,P3802801B-M,1,7,13:32,14:05,"33 min"
2025-10-21,MXQ25B-V02D,P3802801B-M,8,14,14:07,14:38,"31 min"
2025-10-21,MXQ25B-V02D,P3802801B-M,15,20,14:40,15:15,"35 min"
2025-10-21,MXQ25B-V02D,P3802801B-M,21,26,15:25,16:00,"35 min"
2025-10-21,CXS10S2-V01E,CXS10A-AS987-20K,1,1,15:30,15:55,"25 min"
2025-10-21,CXS15S3-V03D,CXS15A-BA022-20K,1,10,16:03,16:28,"25 min"
2025-10-20,MGPM20B2-V02D,MGP20A-AC893-30K,8,14,07:50,08:50,"60 min"
2025-10-20,MHZ20B-V01B,P4811301-M-1,1,5,08:00,08:35,"35 min"
2025-10-20,MHL32B2-V02D,P3315561-M,1,4,08:00,10:59,"179 min"
2025-10-20,CQ40T3-V02B-ZZZ,C2Q40A-AD139A30K,1,10,08:40,09:20,"40 min"
2025-10-20,CQ40T3-V02B-ZZZ,C2Q40A-AD139A30K,11,15,09:23,09:50,"27 min"
2025-10-20,MXQ25B-V02D,P3802801B-M,1,2,09:53,10:33,"40 min"
2025-10-20,XLA25B2-V04B,XLA25-1B-S,1,4,10:45,11:55,"70 min"
2025-10-20,NCA325H-V01D,NCA325-03-AV289-20K,1,2,10:59,11:21,"22 min"
2025-10-20,CQM63P0-V01E,CQM63J-AA073-20K,1,3,11:21,14:09,"168 min"
2025-10-20,CQ25T3-V02B-ZZZ,C2Q25A-AD137A30K,1,11,12:35,13:05,"30 min"
2025-10-20,CQ25T3-V02B-ZZZ,C2Q25A-AD137A30K,12,17,13:07,13:32,"25 min"
2025-10-20,MYB32P2-V01D,MYB32-55-AS551-20-K,1,3,13:35,14:15,"40 min"
2025-10-20,MHZ10B2-V02E,P4811151-MH1,1,16,14:17,15:15,"58 min"
2025-10-20,CQ12T3L-V01B-ZZZ,C2Q12A-AD367-30K,1,3,15:30,16:25,"55 min"
2025-10-20,MGPM20B2-V02D,MGP20A-AC893-30K,1,7,15:47,16:22,"35 min"
2025-10-17,MXQ20B-V01D,P3802701B-M,8,14,07:50,08:15,"25 min"
2025-10-17,MGPM63B2-V01D,MGP63A-AC898-20K,4,5,08:00,09:27,"87 min"
2025-10-17,MXS25B-V02D,P3800601B-M,1,6,08:47,09:50,"63 min"
2025-10-17,CQA0T-V01C,C2QA0-04-J0784-K,1,2,09:01,09:26,"25 min"
2025-10-17,CQ80T3-V02C-ZZZ,C2Q80A-AD142-30K,1,1,09:20,10:00,"40 min"
2025-10-17,MXS25B-V02D,P3800601B-M,7,12,10:06,10:52,"46 min"
2025-10-17,CG63H2-V01E,C1G63K02-AM410,1,3,10:51,11:36,"45 min"
2025-10-17,MYB25P2-V01D,MYB25-55-AS550-20-K,1,10,11:04,11:30,"26 min"
2025-10-17,MYB25P2-V01D,MYB25-55-AS550-20-K,11,14,11:37,12:30,"53 min"
2025-10-17,CSA6S-V01D,C1SA6E-AA750-15K,1,6,12:30,13:40,"70 min"
2025-10-17,CG50H2-V01E,C1G50K02-AM409,1,3,14:02,14:46,"44 min"
2025-10-17,CQ16T3L-V02B-ZZZ,C2Q16A-AD368-30K,1,5,14:16,14:40,"24 min"
2025-10-17,CXS32S2-V01E,CXS32A-AS991-20K,1,3,14:45,15:20,"35 min"
2025-10-17,MB50T-V01C,S369A63T55X50X30,1,10,15:28,15:53,"25 min"
2025-10-17,MB50T-V01C,S369A63T55X50X30,11,14,15:54,16:08,"14 min"
2025-10-16,MGPM20B2-V01D,MGP20A-AC893-30K,1,5,07:50,08:40,"50 min"
2025-10-16,MSQ30BB2-V01E,P8910380-D,1,1,08:00,08:25,"25 min"
2025-10-16,MXQ12B-V02D,P3802501B-M,1,3,08:40,08:53,"13 min"
2025-10-16,CXS25S2-V01E,CXS25A-AS990-20K,1,7,08:55,09:32,"37 min"
2025-10-16,CXS25S2-V01E,CXS25A-AS990-20K,8,14,09:35,10:05,"30 min"
2025-10-16,MGPM50B2-V02D,MGP50A-AC897-20K,1,4,10:15,11:30,"75 min"
2025-10-16,CXS16LB-V01E,CXR016-32-29953,1,3,10:45,11:15,"30 min"
2025-10-16,CA32T-V02C,S370A63T38X32X30,1,14,10:50,11:25,"35 min"
2025-10-16,MSQ10B2-V03D,P6260101-D,1,1,11:20,11:45,"25 min"
2025-10-16,MSQ30B2-V04D,P6260301-D,1,3,11:30,12:15,"45 min"
2025-10-16,CA50T-V03C,S370A63T58X50X30,1,6,12:17,12:55,"38 min"
2025-10-16,APT6-V01B,APTE00-96000150-D,1,2,12:50,13:30,"40 min"
2025-10-16,APT4-V02B,APTE00-98000565-D,1,11,13:05,13:34,"29 min"
2025-10-16,MSQ30TB-V01E,P8910370-D,1,1,13:09,13:31,"22 min"
2025-10-16,MSQ20TB-V01E,P8910270-D,1,1,13:31,14:00,"29 min"
2025-10-16,MHZ16B2-V01E,P4811251-MH1,1,2,13:33,13:55,"22 min"
2025-10-16,APT4-V02B,APTE00-98000565-D,12,21,13:36,14:05,"29 min"
2025-10-16,APT4-V02B,APTE00-98000565-D,22,25,13:49,14:04,"15 min"
2025-10-16,MGPM63B2-V01D,MGP63A-AC898-20K,1,3,14:00,14:58,"58 min"
2025-10-16,CQS12T-V01D,CQS12-04-F6462-K,1,9,14:47,15:20,"33 min"
2025-10-16,CXS32LB-V01E,CXR32-32-A2226-K,1,3,15:30,16:10,"40 min"
2025-10-16,MXQ20B-V01D,P3802701B-M,1,7,15:36,16:10,"34 min"
2025-10-15,CQ20T-V01D,C2Q020K04-49998,1,12,07:50,08:26,"36 min"
2025-10-15,CQ20T-V01D,C2Q020K04-49998,13,17,08:26,08:50,"24 min"
2025-10-15,CK50H-V01D,C1K50L-AS975-30K,1,3,08:30,09:10,"40 min"
2025-10-15,MXS20B-V01D,P3800501B-M,1,7,08:50,09:23,"33 min"
2025-10-15,MXS20B-V01D,P3800501B-M,8,14,09:25,09:57,"32 min"
2025-10-15,MB63TD-V02C,S409A63T68X63X30,1,4,09:58,10:25,"27 min"
2025-10-15,VV13M1-V01D,DXT192-11-44,1,9,10:55,11:29,"34 min"
2025-10-15,VV13M1-V01D,DXT192-11-44,10,12,11:30,12:00,"30 min"
2025-10-15,MGPM50B2-V01D,MGP50A-AC897-20K,5,8,11:30,12:15,"45 min"
2025-10-15,CM25AH-V02D,C2M025K02-68715B,1,16,12:03,12:38,"35 min"
2025-10-15,XLA25B2-V04B,XLA25-1B-S,1,7,12:43,13:40,"57 min"
2025-10-15,MSQ50B2-V03D,P6260401-D,1,5,12:50,13:40,"50 min"
2025-10-15,MGPM50B2-V01D,MGP50A-AC897-20K,9,10,13:01,13:46,"45 min"
2025-10-15,MB50T-V03C,S369A63T55X50X30,1,10,13:40,14:16,"36 min"
2025-10-15,CXS06C-V01E,CXS06L-R6000-20K,1,6,14:00,14:40,"40 min"
2025-10-15,MB50T-V03C,S369A63T55X50X30,11,20,14:17,14:35,"18 min"
2025-10-15,MB50T-V03C,S369A63T55X50X30,21,28,14:37,15:05,"28 min"
2025-10-14,MGPMA0B2-V01D,MGPA0A-AC900-20K,1,2,07:45,08:31,"46 min"
2025-10-14,MXQ16B-V02D,P3802601B-M,1,8,07:50,08:20,"30 min"
2025-10-14,CQ32T3-V02B-ZZZ,C2Q32A-AD138A30K,1,2,08:15,08:40,"25 min"
2025-10-14,MXQ16B-V02D,P3802601B-M,9,17,08:21,08:50,"29 min"
2025-10-14,MGPMA0B2-V01D,MGPA0A-AC900-20K,3,3,08:31,08:54,"23 min"
2025-10-14,CKZ40T4-V01D,CKZ40ABAT388-30K,1,7,08:52,09:23,"31 min"
2025-10-14,CG50H2-V01E,C1G50K02-AM409,1,1,08:54,09:11,"17 min"
2025-10-14,CXS10S2-V01E,CXS10A-AS987-20K,1,7,09:25,10:00,"35 min"
2025-10-14,CK63H-V01D,C1K63L-AS976-30K,1,3,09:36,09:59,"23 min"
2025-10-14,CYB06B-V01D,CYB06K-AS375-20K,1,18,10:03,10:38,"35 min"
2025-10-14,MK63RC-V01E,MK-63L-AF612-20K,1,3,10:12,10:52,"40 min"
2025-10-14,CQ12T3L-V01B-ZZZ,C2Q12A-AD367-30K,1,3,10:30,11:00,"30 min"
2025-10-14,CYB06B-V01D,CYB06K-AS375-20K,19,28,10:40,11:00,"20 min"
2025-10-14,MHZ16B2-V01D,P4811251-MH1,1,2,11:00,11:25,"25 min"
2025-10-14,APT6-V01B,APTE00-96000150-D,1,5,11:15,11:30,"15 min"
2025-10-14,MHZ16B2-V01E,P4811251-MH1,1,2,11:25,11:45,"20 min"
2025-10-14,APT6-V01B,APTE00-96000150-D,6,6,11:30,12:12,"42 min"
2025-10-14,APT6-V01B,APTE00-96000150-D,7,9,12:15,12:40,"25 min"
2025-10-14,CQ32G-V01C,C2Q32G-P1284-30K,1,12,12:50,13:25,"35 min"
2025-10-14,CQ32G-V01C,C2Q32G-P1284-30K,13,24,13:27,14:00,"33 min"
2025-10-14,MGPM50B2-V01D,MGP50A-AC897-20K,1,4,13:32,14:18,"46 min"
2025-10-14,CQS16T-V01B,CQS16-04-F6463-K,1,5,14:00,14:35,"35 min"
2025-10-14,CXS16S2-V01D,CXS16A-AS988-20K,1,3,14:42,15:07,"25 min"
2025-10-14,CA32T-V01C,S370A63T38X32X30,1,10,15:25,16:00,"35 min"
2025-10-13,MXS25TB-V01D,P3800602-M-2,1,4,08:20,08:56,"36 min"
2025-10-13,CYB32B-V01D,CYB32K-AS380-20K,1,4,08:54,09:44,"50 min"
2025-10-13,MYB40P2-V01D,MYB40-55-AS552-20-K,1,6,09:00,09:25,"25 min"
2025-10-13,CA50T-V02C,S370A63T58X50X30,1,10,09:27,10:15,"48 min"
2025-10-13,MHZ25B2-V01D,P4811451-MH1,1,6,10:48,11:27,"39 min"
2025-10-13,MHL32B2-V01D,P3315561-M,1,7,11:01,13:05,"124 min"
2025-10-13,PS50-V01D,S500A61T50X14X30,1,8,11:30,12:03,"33 min"
2025-10-13,PS50-V01D,S500A61T50X14X30,9,16,12:05,12:40,"35 min"
2025-10-13,CA32T-V02C,S370A63T38X32X30,1,16,12:55,13:58,"63 min"
2025-10-13,MHL32B2-V01D,P3315561-M,8,14,13:05,14:00,"55 min"
2025-10-13,MHL32B2-V01D,P3315561-M,15,15,14:39,15:05,"26 min"
2025-10-13,CA32T-V02C,S370A63T38X32X30,17,24,15:00,15:30,"30 min"
2025-10-13,MHZ10B2-V02E,P4811151-MH1,1,6,15:15,16:00,"45 min"
2025-10-13,CXS32S3-V02D,CXS32A-BA025-20K,1,2,16:00,16:25,"25 min"
2025-10-13,CGA0R2-V01D,C1GA0K02-AH118,1,1,16:01,16:30,"29 min"
2025-10-11,MGPM50B2-V02D,MGP50A-AC897-20K,5,5,07:45,08:54,"69 min"
2025-10-10,MGPM50B2-V01D,MGP50A-AC897-20K,1,4,07:45,09:01,"76 min"
2025-10-10,MXQ25B-V01D,P3802801B-M,8,14,07:50,08:15,"25 min"
2025-10-10,XLA25B2-V04B,XLA25-1B-S,1,6,07:55,08:45,"50 min"
2025-10-10,MXQ06B-V02D,P3802301B-M,1,14,08:50,09:32,"42 min"
2025-10-10,MGPM50B2-V01D,MGP50A-AC897-20K,5,8,09:01,09:53,"52 min"
2025-10-10,MB50T-V01C,S369A63T55X50X30,1,11,09:35,10:10,"35 min"
2025-10-10,MGPM50B2-V01D,MGP50A-AC897-20K,9,10,09:53,10:48,"55 min"
2025-10-10,MB50T-V01C,S369A63T55X50X30,12,14,10:20,10:40,"20 min"
2025-10-10,CM20AH-V02D,C2M020K02-68714B,1,7,10:55,11:28,"33 min"
2025-10-10,CM25AS-V02D,C2M025K03-68715B,1,14,11:30,12:02,"32 min"
2025-10-10,CM25AS-V02D,C2M025K03-68715B,15,21,12:05,12:30,"25 min"
2025-10-10,CA80T-V01C,S370A63T89X80X30,1,5,12:35,13:05,"30 min"
2025-10-10,CA80T-V01C,S370A63T89X80X30,6,10,13:06,13:30,"24 min"
2025-10-10,CA32T-V01C,S370A63T38X32X30,1,12,13:40,14:30,"50 min"
2025-10-10,CXS06S3-V03D,CXS06A-R6000-20K,1,12,14:30,15:10,"40 min"
2025-10-10,MGPM50B2-V02D,MGP50A-AC897-20K,1,4,15:01,16:30,"89 min"
2025-10-10,CA32T-V01C,S370A63T38X32X30,13,16,15:15,16:00,"45 min"
2025-10-10,MXQ25B-V01D,P3802801B-M,1,7,15:25,16:05,"40 min"
2025-10-09,SY70M-V01B,SY7000-20-1,1,4,07:50,08:25,"35 min"
2025-10-09,CU25B2-V01D,CU-025K27-57159A,1,2,08:15,08:30,"15 min"
2025-10-09,MGPM63B2-V02D,MGP63A-AC898-20K,4,6,08:18,08:59,"41 min"
2025-10-09,CKZ40T4-V01D,CKZ40ABAT388-30K,1,8,08:27,08:55,"28 min"
2025-10-09,SY50M-V02B,SY5000-20-1,1,8,08:40,09:30,"50 min"
2025-10-09,MGPM63B2-V02D,MGP63A-AC898-20K,7,9,08:59,09:46,"47 min"
2025-10-09,MGPL12B2-V01D,MGP12A-AC901-30K,1,8,09:07,09:38,"31 min"
2025-10-09,SY50M-V02B,SY5000-20-1,9,16,09:38,10:30,"52 min"
2025-10-09,MGPL12B2-V01D,MGP12A-AC901-30K,9,16,09:40,10:05,"25 min"
2025-10-09,MGPM63B2-V02D,MGP63A-AC898-20K,10,10,10:12,10:39,"27 min"
2025-10-09,CQ16T3L-V02B-ZZZ,C2Q16A-AD368-30K,1,12,10:30,11:00,"30 min"
2025-10-09,CQ32T3-V02B-ZZZ,C2Q32A-AD138A30K,1,1,10:33,10:55,"22 min"
2025-10-09,MSQ10B2-V04D,P6260101-D,1,1,10:57,11:15,"18 min"
2025-10-09,CQ16T3L-V02B-ZZZ,C2Q16A-AD368-30K,13,24,11:02,11:30,"28 min"
2025-10-09,XLA40B2-V04B,XLA40-1B-S,1,2,11:12,13:30,"138 min"
2025-10-09,CXS32S3-V02D,CXS32A-BA025-20K,1,1,11:15,11:30,"15 min"
2025-10-09,MSQ10B2-V02D,P6260101-D,1,2,11:30,12:40,"70 min"
2025-10-09,CM40AS-V01D,C2M040K03-68717B,1,11,12:15,12:49,"34 min"
2025-10-09,CXS25S3-V02D,CXS25A-BA024-20K,1,2,12:40,13:00,"20 min"
2025-10-09,CM40AS-V01D,C2M040K03-68717B,12,21,12:53,13:28,"35 min"
2025-10-09,CP9632T-V01B,C9632ABAC958-30K,1,8,13:00,13:45,"45 min"
2025-10-09,CM40AS-V01D,C2M040K03-68717B,22,23,13:30,13:50,"20 min"
2025-10-09,CP9632T-V01B,C9632ABAC958-30K,9,10,13:50,14:25,"35 min"
2025-10-09,CA63T-V03C,S370A63T72X63X30,1,8,14:20,15:00,"40 min"
2025-10-09,PS63-V03D,S500A61T63X14X20,1,8,14:35,16:00,"85 min"
2025-10-08,CXS20S2-V01E,CXS20A-AS989-20K,1,7,09:40,10:15,"35 min"
2025-10-08,CXS32S2-V01E,CXS32A-AS991-20K,1,1,10:11,11:25,"74 min"
2025-10-08,MGPM20B2-V02D,MGP20A-AC893-30K,1,7,10:25,11:10,"45 min"
2025-10-08,NCA325H-V01D,NCA325-03-AV289-20K,1,1,11:15,13:19,"124 min"
2025-10-08,CM32AH-V01D,C2M032K02-68716B,1,8,11:27,11:59,"32 min"
2025-10-08,CM25AS-V01D,C2M025K03-68715B,1,14,12:05,12:40,"35 min"
2025-10-08,CM25AS-V01D,C2M025K03-68715B,15,22,12:42,13:03,"21 min"
2025-10-08,MGPM16B2-V01D,MGP16A-AC892-30K,1,7,13:12,13:43,"31 min"
2025-10-08,MGPM63B2-V02D,MGP63A-AC898-20K,1,3,13:21,14:26,"65 min"
2025-10-08,MHL32B2-V02D,P3315561-M,1,2,13:42,14:01,"19 min"
2025-10-08,MGPM16B2-V01D,MGP16A-AC892-30K,8,14,13:45,14:20,"35 min"
2025-10-08,CYV32C-V01D,CYV32G-R5503-20K,1,6,13:45,14:30,"45 min"
2025-10-08,CA20T-V03C,S370A63T26X20X20,1,24,14:30,15:15,"45 min"
2025-10-07,MXS06B-V01D,P3800101B-M,1,10,08:00,08:40,"40 min"
2025-10-07,CQA0T-V01C,C2QA0-04-J0784-K,1,2,08:10,08:36,"26 min"
2025-10-07,CP9663T-V02B,C9663ABAC961-30K,1,5,08:20,09:30,"70 min"
2025-10-07,APT6-V01B,APTE00-96000150-D,1,9,08:43,09:20,"37 min"
2025-10-07,APT6-V01B,APTE00-96000150-D,2,18,09:25,09:55,"30 min"
2025-10-07,CQ16T3L-V02B-ZZZ,C2Q16A-AD368-30K,1,4,09:37,10:20,"43 min"
2025-10-07,CXS20S3-V02D,CXS20A-BA023-20K,1,8,10:00,10:40,"40 min"
2025-10-07,MGPM50B2-V02D,MGP50A-AC897-20K,1,4,10:31,13:27,"176 min"
2025-10-07,CQ40K-V01D,C2Q040K31-49702A,1,4,11:05,11:38,"33 min"
2025-10-07,CQ40K-V01D,C2Q040K31-49702A,1,1,11:05,11:38,"33 min"
2025-10-07,PS50-V01D,S500A61T50X14X30,1,7,12:15,12:48,"33 min"
2025-10-07,MXS06B-V02D,P3800101B-M,1,6,13:15,13:45,"30 min"
2025-10-07,CP9632T-V01B,C9632ABAC958-30K,1,5,13:25,14:30,"65 min"
2025-10-07,MGPM50B2-V02D,MGP50A-AC897-20K,5,8,13:27,14:18,"51 min"
2025-10-07,MSQ50B2-V03D,P6260401-D,1,4,14:00,15:00,"60 min"
2025-10-07,MGPM50B2-V02D,MGP50A-AC897-20K,9,10,14:18,15:01,"43 min"
2025-10-07,CP9650T-V03B,C9650ABAC960-30K,1,7,14:35,15:20,"45 min"
2025-10-07,MK63RC-V01E,MK-63L-AF612-20K,1,3,15:24,16:30,"66 min"
2025-10-07,MHZ10B2-V02E,P4811151-MH1,1,2,15:30,16:09,"39 min"
2025-10-07,CQ12T3L-V02B-ZZZ,C2Q12A-AD367-30K,1,13,15:40,16:00,"20 min"
2025-10-07,CQ12T3L-V02B-ZZZ,C2Q12A-AD367-30K,14,20,16:02,16:25,"23 min"
2025-10-06,MGPM12B2-V01D,MGP12A-AC891-30K,1,6,07:50,08:20,"30 min"
2025-10-06,CQ20T3-V02B-ZZZ,C2Q20A-AD136A30K,1,4,08:25,08:45,"20 min"
2025-10-06,CQ80T3-V02C-ZZZ,C2Q80A-AD142-30K,1,2,08:46,09:03,"17 min"
2025-10-06,MGPM63B2-V01D,MGP63A-AC898-20K,1,3,09:12,10:16,"64 min"
2025-10-06,CXS25S3-V01D,CXS25A-BA024-20K,1,7,09:20,09:35,"15 min"
2025-10-06,CXS15S3-V02D,CXS15A-BA022-20K,1,2,09:50,10:05,"15 min"
2025-10-06,MGPM63B2-V01D,MGP63A-AC898-20K,4,6,10:16,11:30,"74 min"
2025-10-06,CM25AH-V01D,C2M025K02-68715B,1,14,12:15,12:30,"15 min"
2025-10-06,CM25AH-V01D,C2M025K02-68715B,15,21,12:35,13:05,"30 min"
2025-10-06,MGPM63B2-V01D,MGP63A-AC898-20K,7,9,13:09,14:00,"51 min"
2025-10-06,PS63-V03D,S500A61T63X14X20,1,6,13:15,13:30,"15 min"
2025-10-06,MXS25B-V02D,P3800601B-M,1,5,13:15,14:01,"46 min"
2025-10-06,CP9632T-V02B,C9632ABAC958-30K,1,1,13:55,14:12,"17 min"
2025-10-06,MGPM63B2-V01D,MGP63A-AC898-20K,10,10,14:00,14:38,"38 min"
2025-10-06,MXS25B-V02D,P3800601B-M,6,7,14:01,14:30,"29 min"
2025-10-06,VV11M1-V01D,VVZ2000-50-2D,1,1,14:20,14:35,"15 min"
2025-10-06,MSQ30B2-V04D,P6260301-D,1,7,14:36,15:45,"69 min"
2025-10-06,MHL32B2-V01D,P3315561-M,1,2,14:38,15:01,"23 min"
2025-10-06,MSQ30B2-V04D,P6260301-D,8,10,15:50,16:25,"35 min"
2025-10-03,MGPM63B2-V02D,MGP63A-AC898-20K,1,3,07:45,08:42,"57 min"
2025-10-03,CXS25S2-V01E,CXS25A-AS990-20K,1,5,08:35,09:05,"30 min"
2025-10-03,MGPM63B2-V02D,MGP63A-AC898-20K,4,6,08:42,09:33,"51 min"
2025-10-03,CYB15B-V01D,CYB15K-AS377-20K,1,7,09:07,09:43,"36 min"
2025-10-03,MGPM63B2-V02D,MGP63A-AC898-20K,7,7,09:33,09:53,"20 min"
2025-10-03,CQ32G-V01C,C2Q32G-P1284-30K,1,9,09:45,10:20,"35 min"
2025-10-03,CM20AH-V01D,C2M020K02-68714B,1,12,10:40,11:15,"35 min"
2025-10-03,CYR32E-V01D,CYR32-32-786GL,1,7,11:03,11:43,"40 min"
2025-10-03,CM20AH-V01D,C2M020K02-68714B,13,24,11:17,11:58,"41 min"
2025-10-03,CYR32E-V01D,CYR32-32-786GL,8,11,11:43,13:15,"92 min"
2025-10-03,CM20AH-V01D,C2M020K02-68714B,25,36,12:30,13:02,"32 min"
2025-10-03,CQ12T3L-V02B-ZZZ,C2Q12A-AD367-30K,1,14,13:10,13:42,"32 min"
2025-10-03,MHL32B2-V02D,P3315561-M,1,1,14:22,00:14,"-847 min"
2025-10-03,CQ12T3L-V02B-ZZZ,C2Q12A-AD367-30K,15,28,14:40,15:15,"35 min"
2025-10-03,MGPM12B2-V02D,MGP12A-AC891-30K,1,5,15:30,16:05,"35 min"
2025-10-02,VV13M1-V01D,DXT192-11-44,10,18,07:50,08:32,"42 min"
2025-10-02,MGPM63B2-V01D,MGP63A-AC898-20K,1,2,08:05,09:09,"64 min"
2025-10-02,VJ10M-V02D,VJ100-16-7,1,12,08:57,09:35,"38 min"
2025-10-02,PS50-V01D,S500A61T50X14X30,1,4,09:53,10:20,"27 min"
2025-10-02,MGPL50B2-V01D,MGP50A-AC907-20K,1,4,10:10,11:01,"51 min"
2025-10-02,PS50-V01D,S500A61T50X14X30,5,8,10:30,10:50,"20 min"
2025-10-02,PS50-V01D,S500A61T50X14X30,9,16,10:52,11:10,"18 min"
2025-10-02,MGPL50B2-V01D,MGP50A-AC907-20K,5,7,11:01,13:50,"169 min"
2025-10-02,MSQ20BB2-V01E,P8910280-D,1,2,11:05,11:35,"30 min"
2025-10-02,CM40AH-V01D,C2M040K02-68717B,1,8,11:30,11:54,"24 min"
2025-10-02,CM40AH-V01D,C2M040K02-68717B,9,11,11:54,12:22,"28 min"
2025-10-02,VV14M1-V02D,DXT199-20-23,1,7,12:45,13:26,"41 min"
2025-10-02,VV14M1-V02D,DXT199-20-23,8,14,13:35,14:07,"32 min"
2025-10-02,CYB63B-V01D,CYB63K-AS383-20K,1,3,13:50,14:26,"36 min"
2025-10-02,MXQ20B-V02D,P3802701B-M,1,4,14:28,15:04,"36 min"
2025-10-02,VV13M1-V01D,DXT192-11-44,1,9,15:35,16:10,"35 min"
2025-10-01,CXS15S3-V03D,CXS15A-BA022-20K,1,7,07:50,08:25,"35 min"
2025-10-01,CXS15S3-V03D,CXS15A-BA022-20K,8,14,08:27,08:55,"28 min"
2025-10-01,CP9632T-V01B,C9632ABAC958-30K,1,2,10:45,11:10,"25 min"
2025-10-01,CP9650T-V01B,C9650ABAC960-30K,1,2,11:15,11:45,"30 min"
2025-10-01,CG80H3-V01D,C1G80L-AX760-30K,1,2,12:40,13:00,"20 min"
2025-10-01,CP9650T-V03B,C9650ABAC960-30K,1,7,12:55,13:40,"45 min"
2025-10-01,XLA40B2-V04B,XLA40-1B-S,1,1,13:04,13:34,"30 min"
2025-10-01,MSQ10B2-V02D,P6260101-D,1,7,14:18,15:15,"57 min"
2025-10-01,MSQ10B2-V02D,P6260101-D,8,11,15:30,16:00,"30 min"
2025-09-29,XLA25B2-V04B,XLA25-1B-S,1,3,08:00,08:50,"50 min"
2025-09-29,CXS20S3-V01D,CXS20A-BA023-20K,1,3,09:10,09:26,"16 min"
2025-09-29,CQ40T3-V02B-ZZZ,C2Q40A-AD139A30K,1,3,09:23,09:53,"30 min"
2025-09-29,CXS20S3-V02D,CXS20A-BA023-20K,1,8,10:30,11:10,"40 min"
2025-09-29,MGPM50B2-V02D,MGP50A-AC897-20K,1,4,10:59,12:15,"76 min"
2025-09-29,CQ12T3L-V01B-ZZZ,C2Q12A-AD367-30K,1,4,11:25,00:11,"-673 min"
2025-09-29,CXS32S2-V01E,CXS32A-AS991-20K,1,2,12:54,13:30,"36 min"
2025-09-29,MGPM50B2-V02D,MGP50A-AC897-20K,5,5,13:00,13:29,"29 min"
2025-09-29,M1L40AJ-V01E,M1L040-32H82078,1,1,13:29,13:42,"13 min"
2025-09-29,CQ16T3L-V02B-ZZZ,C2Q16A-AD368-30K,1,8,13:33,14:05,"32 min"
2025-09-29,CP9632T-V01B,C9632ABAC958-30K,1,2,15:44,15:59,"15 min"
2025-09-26,MXS20B-V02D,P3800501B-M,15,21,08:00,08:30,"30 min"
2025-09-26,MGPM63B2-V02D,MGP63A-AC898-20K,1,3,08:00,08:39,"39 min"
2025-09-26,MXS20B-V02D,P3800501B-M,1,2,08:35,09:15,"40 min"
2025-09-26,MGPM63B2-V02D,MGP63A-AC898-20K,4,6,08:39,09:58,"79 min"
2025-09-26,MGPL50B2-V02D,MGP50A-AC907-20K,1,4,09:15,10:16,"61 min"
2025-09-26,MSQ10B2-V02D,P6260101-D,1,5,09:20,09:48,"28 min"
2025-09-26,VJ10M-V02D,VJ100-16-7,1,6,09:55,10:35,"40 min"
2025-09-26,MGPM63B2-V02D,MGP63A-AC898-20K,7,9,09:58,10:38,"40 min"
2025-09-26,MGPL50B2-V02D,MGP50A-AC907-20K,5,5,10:16,10:59,"43 min"
2025-09-26,MGPM63B2-V02D,MGP63A-AC898-20K,10,10,10:38,13:13,"155 min"
2025-09-26,CQ25T-V01D,C2Q025K04-49999,1,44,10:45,11:35,"50 min"
2025-09-26,CM25AH-V02D,C2M025K02-68715B,1,14,10:50,11:35,"45 min"
2025-09-26,CQ25T-V01D,C2Q025K04-49999,12,14,11:35,11:55,"20 min"
2025-09-26,CM25AH-V02D,C2M025K02-68715B,15,18,11:40,12:15,"35 min"
2025-09-26,CQ50T3-V02B-ZZZ,C2Q50A-AD140A30K,1,8,11:58,12:35,"37 min"
2025-09-26,CM20BH-V01E,C2M020K02-67545C,1,5,12:40,13:12,"32 min"
2025-09-26,CM25CH-V01E,C2M025K02-67550D,1,5,13:18,13:48,"30 min"
2025-09-26,CXS15S3-V02D,CXS15A-BA022-20K,1,1,13:30,13:59,"29 min"
2025-09-26,MGPM50B2-V02D,MGP50A-AC897-20K,1,4,13:46,15:30,"104 min"
2025-09-26,APT5-V01C,APTE00-96000152-D,1,3,13:53,14:15,"22 min"
2025-09-26,M1L25AJ-V01E,M1L025-32H82076,1,1,14:00,14:27,"27 min"
2025-09-26,CQ12G-V01C,C2Q12G-P1280-30K,1,12,14:10,14:45,"35 min"
2025-09-26,CM20CH-V01E,C2M020K02-67549D,1,12,14:17,14:42,"25 min"
2025-09-26,MXS20B-V01D,P3800501B-M,1,7,15:28,15:51,"23 min"
2025-09-26,MGPM50B2-V02D,MGP50A-AC897-20K,5,7,15:30,16:30,"60 min"
2025-09-25,MGPM63B2-V01D,MGP63A-AC898-20K,1,3,00:13,14:37,"863 min"
2025-09-25,CXS32S3-V02D,CXS32A-BA025-20K,1,5,08:10,08:50,"40 min"
2025-09-25,CP9650T-V03B,C9650ABAC960-30K,1,7,09:00,09:50,"50 min"
2025-09-25,MGPM80B2-V01D,MGP80A-AC899-20K,1,2,10:16,11:23,"67 min"
2025-09-25,CQ40T3-V02B-ZZZ,C2Q40A-AD139A30K,1,8,10:20,11:00,"40 min"
2025-09-25,CQ40T3-V02B-ZZZ,C2Q40A-AD139A30K,9,10,11:10,11:40,"30 min"
2025-09-25,PS50-V01D,S500A61T50X14X30,1,12,12:00,12:55,"55 min"
2025-09-25,CQ12T3L-V01B,C2Q12A-AD367-20K,1,6,13:00,13:30,"30 min"
2025-09-25,MSQ30B2-V04D,P6260301-D,1,5,13:15,14:00,"45 min"
2025-09-25,CQ12T3L-V01B-ZZZ,C2Q12A-AD367-30K,1,10,13:35,14:10,"35 min"
2025-09-25,CQ12T0-V01E,C2Q12-04-F6455-K,1,2,14:13,14:30,"17 min"
2025-09-25,MHZ16B2-V01D,P4811251-MH1,1,2,14:35,15:00,"25 min"
2025-09-25,XLA63B2-V02D,XLA63-1B,1,1,14:50,15:10,"20 min"
2025-09-25,MGZ63H-V02D,MGZ63LBQ5434-20K,1,1,15:29,15:40,"11 min"
2025-09-25,CP9632R-V01D,C9632LBAZ033-30K,1,1,15:30,15:50,"20 min"
2025-09-25,MXS20B-V02D,P3800501B-M,1,7,15:35,15:57,"22 min"
2025-09-25,MGZ80H-V02D,MGZ80LBY0501-20K,1,1,15:41,15:59,"18 min"
2025-09-25,MXS20B-V02D,P3800501B-M,8,14,16:00,16:25,"25 min"
2025-09-24,CP9663T-V03B,C9663ABAC961-30K,1,6,07:50,08:20,"30 min"
2025-09-24,CP9663T-V03B,C9663ABAC961-30K,7,11,08:22,08:45,"23 min"
2025-09-24,MSQ10B2-V02D,P6260101-D,1,3,08:48,09:13,"25 min"
2025-09-24,MGPM50B2-V02D,MGP50A-AC897-20K,1,2,09:11,09:54,"43 min"
2025-09-24,CQ50T3-V02B-ZZZ,C2Q50A-AD140A30K,1,7,09:15,09:47,"32 min"
2025-09-24,CQ50T3-V02B-ZZZ,C2Q50A-AD140A30K,8,9,09:50,10:13,"23 min"
2025-09-24,CP9663H-V01D,C9663LCAZ036-30K,1,1,10:10,10:21,"11 min"
2025-09-24,CXS10S3-V02D,CXS10A-R6001-20K,1,12,10:16,10:40,"24 min"
2025-09-24,MGPLA0B2-V01D,MGPA0A-AC910-20K,1,1,10:21,11:16,"55 min"
2025-09-24,MHZ10B2-V02E,P4811151-MH1,1,2,10:30,10:50,"20 min"
2025-09-24,CXS10S3-V02D,CXS10A-R6001-20K,13,24,10:43,11:13,"30 min"
2025-09-24,CXS10S3-V02D,CXS10A-R6001-20K,25,36,11:17,11:50,"33 min"
2025-09-24,CM32CH-V01E,C2M032K02-69578B,1,7,11:50,12:15,"25 min"
2025-09-24,CM25AS-V01D,C2M025K03-68715B,1,14,12:30,13:00,"30 min"
2025-09-24,VV14M1-V02D,DXT199-20-23,1,7,13:00,14:50,"110 min"
2025-09-24,MGPM63B2-V02D,MGP63A-AC898-20K,1,2,13:01,13:31,"30 min"
2025-09-24,CM25AS-V01D,C2M025K03-68715B,15,21,13:05,13:30,"25 min"
2025-09-24,CXS15S3-V03D,CXS15A-BA022-20K,1,10,13:35,14:30,"55 min"
2025-09-24,MGPL50B2-V02D,MGP50A-AC907-20K,1,3,13:50,14:55,"65 min"
2025-09-24,CXS15S3-V03D,CXS15A-BA022-20K,11,15,14:40,15:05,"25 min"
2025-09-24,VV14M1-V02D,DXT199-20-23,8,14,14:50,15:55,"65 min"
2025-09-24,CQ16T3L-V02B-ZZZ,C2Q16A-AD368-30K,1,6,15:15,15:35,"20 min"
2025-09-24,MGPL50B2-V02D,MGP50A-AC907-20K,4,5,15:20,15:45,"25 min"
2025-09-24,XLA40B2-V04B,XLA40-1B-S,1,1,15:45,16:00,"15 min"
2025-09-24,CGA0R2-V01D,C1GA0K02-AH118,1,1,16:03,16:22,"19 min"
2025-09-24,CXS20S3-V02D,CXS20A-BA023-20K,1,5,16:05,08:00,"-485 min"
2025-09-23,MGPM50B2-V01D,MGP50A-AC897-20K,1,3,08:00,08:55,"55 min"
2025-09-23,CQ16TH-V01D,C2Q016K04-56564,1,11,08:00,09:30,"90 min"
2025-09-23,MGPM50B2-V01D,MGP50A-AC897-20K,4,6,08:55,10:03,"68 min"
2025-09-23,CQ16TH-V01D,C2Q016K04-56564,12,14,09:30,09:53,"23 min"
2025-09-23,CQ40T3-V01B-ZZZ,C2Q40A-AD139A30K,1,1,09:55,10:15,"20 min"
2025-09-23,MGPM50B2-V01D,MGP50A-AC897-20K,7,9,10:03,11:13,"70 min"
2025-09-23,VV13M1-V01D,DXT192-11-44,1,9,10:30,11:23,"53 min"
2025-09-23,MGPM50B2-V01D,MGP50A-AC897-20K,10,10,11:13,11:34,"21 min"
2025-09-23,VV13M1-V01D,DXT192-11-44,9,12,11:25,12:00,"35 min"
2025-09-23,CQ20T-V01D,C2Q020K04-49998,1,9,12:25,14:00,"95 min"
2025-09-23,CLK63R-V01D,CLK63L-AC511-20K,1,1,13:01,13:16,"15 min"
2025-09-23,CLK50R-V01D,CLK50L-AC510-20K,1,1,13:16,13:35,"19 min"
2025-09-23,MGPMA0B2-V01D,MGPA0A-AC900-20K,1,1,13:35,13:51,"16 min"
2025-09-23,CP9663R-V01D,C9663LBAZ036-30K,1,1,13:51,14:26,"35 min"
2025-09-23,CQ20T-V01D,C2Q020K04-49998,10,18,14:00,15:25,"85 min"
2025-09-23,APT5-V01C,APTE00-96000152-D,1,14,15:30,15:55,"25 min"
2025-09-23,CQ40G-V01C,C2Q40G-P1285-30K,1,3,16:00,16:20,"20 min"
2025-09-22,CQ63T-V02C,C2Q63-04-J0782AK,1,6,08:05,08:57,"52 min"
2025-09-22,MYM20S-V01B,MYM20-27AK0501AK,1,3,08:15,09:10,"55 min"
2025-09-22,CXS20S3-V02D,CXS20A-BA023-20K,1,5,09:08,09:40,"32 min"
2025-09-22,CXS32S2-V01E,CXS32A-AS991-20K,1,2,09:42,10:15,"33 min"
2025-09-22,MHZ10B2-V02E,P4811151-MH1,1,2,10:40,10:57,"17 min"
2025-09-22,XGTP300L-V01D,XGTP300-3-6M-1,1,3,10:42,13:01,"139 min"
2025-09-22,MXS25B-V02D,P3800601B-M,1,5,10:45,12:00,"75 min"
2025-09-22,MXS25B-V02D,P3800601B-M,6,7,12:45,13:35,"50 min"
2025-09-22,XGTP300L-V01D,XGTP300-3-6M-1,4,5,13:01,14:08,"67 min"
2025-09-22,SY50M-V02B,SY5000-20-1,1,7,13:50,14:18,"28 min"
2025-09-22,MYM16S-V01B,MYM16-27AK0500AK,1,3,14:10,14:30,"20 min"
2025-09-22,SY50M-V02B,SY5000-20-1,8,14,14:33,15:05,"32 min"
2025-09-22,MYM40P-V01D,CYP040-32D29451,1,3,15:15,15:38,"23 min"
2025-09-22,PS50-V01D,S500A61T50X14X30,1,2,15:40,15:58,"18 min"
2025-09-22,MHZ16B2-V01D,P4811251-MH1,1,2,15:40,15:58,"18 min"
2025-09-19,MGPM12B2-V01D,MGP12A-AC891-30K,9,14,07:55,08:33,"38 min"
2025-09-19,MYB25P2-V01D,MYB25-55-AS550-20-K,1,5,08:35,09:00,"25 min"
2025-09-19,MGPM80B2-V01D,MGP80A-AC899-20K,1,2,09:04,10:15,"71 min"
2025-09-19,CXS25S3-V02D,CXS25A-BA024-20K,1,7,09:05,09:50,"45 min"
2025-09-19,MYB40P2-V01D,MYB40-55-AS552-20-K,1,4,09:52,10:15,"23 min"
2025-09-19,CXS20S2-V01E,CXS20A-AS989-20K,1,6,10:10,11:00,"50 min"
2025-09-19,MGPL50B2-V02D,MGP50A-AC907-20K,1,1,10:25,10:36,"11 min"
2025-09-19,MHZ20B2-V01D,P4811351-MH1,1,9,10:25,10:58,"33 min"
2025-09-19,M1L32AJ-V01E,M1L032-32H82077,1,1,10:32,11:01,"29 min"
2025-09-19,CP96A0R-V01D,C96A0LBAZ038-20K,1,1,10:53,11:17,"24 min"
2025-09-19,LEY16B2-V01D,EQY16A-YA096-30-K,1,3,11:00,12:45,"105 min"
2025-09-19,MHZ20B2-V01D,P4811351-MH1,10,18,11:20,11:50,"30 min"
2025-09-19,CYV32K-V01D-ZZZ-DUN,CYV32C-R5503A30K,1,4,11:52,13:05,"73 min"
2025-09-19,LEY32B2-V01D,EQY32A-YA096-30-K,1,3,12:45,13:50,"65 min"
2025-09-19,MGPM63B2-V01D,MGP63A-AC898-20K,1,3,13:04,13:58,"54 min"
2025-09-19,CQ20C-V01D,S501A61T23X10X30,1,22,13:10,14:03,"53 min"
2025-09-19,MGPM63B2-V01D,MGP63A-AC898-20K,4,6,13:58,14:37,"39 min"
2025-09-19,CQ12T0-V01E,C2Q12-04-F6455-K,1,2,14:00,14:25,"25 min"
2025-09-19,CQ20C-V01D,S501A61T23X10X30,23,32,14:05,14:40,"35 min"
2025-09-19,MGPM63B2-V01D,MGP63A-AC898-20K,7,8,14:37,15:31,"54 min"
2025-09-19,CA40T-V01C,S370A63T47X40X30,1,3,14:41,15:15,"34 min"
2025-09-19,CXS15S3-V03D,CXS15A-BA022-20K,1,5,15:26,15:50,"24 min"
2025-09-18,MXS20B-V02D,P3800501B-M,1,7,07:55,08:30,"35 min"
2025-09-18,CSB0S-V01D,C1SB0E-AA752-15K,1,2,08:00,08:29,"29 min"
2025-09-18,MXS20B-V02D,P3800501B-M,8,14,08:32,09:10,"38 min"
2025-09-18,CQ40T3-V02B-ZZZ,C2Q40A-AD139A30K,1,9,09:42,10:15,"33 min"
2025-09-18,MGPM50B2-V01D,MGP50A-AC897-20K,1,3,10:10,13:16,"186 min"
2025-09-18,CQ40T3-V02B-ZZZ,C2Q40A-AD139A30K,10,14,10:20,10:47,"27 min"
2025-09-18,CXS10S3-V02D,CXS10A-R6001-20K,1,10,10:50,11:20,"30 min"
2025-09-18,CQ16T3L-V02B-ZZZ,C2Q16A-AD368-30K,1,6,11:23,11:41,"18 min"
2025-09-18,CXS25S2-V01E,CXS25A-AS990-20K,1,2,11:41,12:14,"33 min"
2025-09-18,CM32BH-V01E,C2M032K02-69576B,1,7,12:16,12:42,"26 min"
2025-09-18,CQ12C-V01D,S501A61T14X06X30,1,28,13:05,13:48,"43 min"
2025-09-18,MGPL50B2-V01D,MGP50A-AC907-20K,1,3,13:31,15:01,"90 min"
2025-09-18,CQ12C-V01D,S501A61T14X06X30,29,40,13:50,14:25,"35 min"
2025-09-18,CXS10S2-V01E,CXS10A-AS987-20K,1,5,14:00,14:50,"50 min"
2025-09-18,CP9663T-V02B,C9663ABAC961-30K,1,4,14:30,15:15,"45 min"
2025-09-18,LEY25B2-V01D,EQY25A-YA096-30-K,1,3,14:50,15:50,"60 min"
2025-09-18,MGPM12B2-V01D,MGP12A-AC891-30K,1,8,15:42,16:20,"38 min"
2025-09-17,MXS25B-V01D,P3800601B-M,1,5,08:03,09:00,"57 min"
2025-09-17,MXS25B-V01D,P3800601B-M,6,7,09:20,09:52,"32 min"
2025-09-17,APT6-V01B,APTE00-96000150-D,1,9,09:55,10:23,"28 min"
2025-09-17,APT6-V01B,APTE00-96000150-D,10,18,10:32,11:05,"33 min"
2025-09-17,APT6-V01B,APTE00-96000150-D,19,21,11:10,11:40,"30 min"
2025-09-17,PS63-V03D,S500A61T63X14X20,1,6,11:40,13:02,"82 min"
2025-09-17,MGPM63B2-V02D,MGP63A-AC898-20K,1,3,11:45,13:14,"89 min"
2025-09-17,CQ12G-V01C,C2Q12G-P1280-30K,1,40,13:10,14:20,"70 min"
2025-09-17,CP9650H-V01D,C9650LCAZ035-30K,1,1,13:14,14:02,"48 min"
2025-09-17,MGPM63B2-V01D,MGP63A-AC898-20K,1,2,14:02,14:39,"37 min"
2025-09-17,CP9650T-V03B,C9650ABAC960-30K,1,7,14:25,15:15,"50 min"
2025-09-17,CQ16T3L-V01B-ZZZ,C2Q16A-AD368-30K,1,2,14:35,15:15,"40 min"
2025-09-17,CM40BH-V01E,C2M040K02-69577B,1,3,14:43,15:30,"47 min"
2025-09-17,VV11M1-V01D,VVZ2000-50-2D,1,1,15:15,15:50,"35 min"
2025-09-17,CAA0T-V03C,S370A63T110X100X30,1,5,15:25,16:00,"35 min"
2025-09-17,MSQ50B2-V03D,P6260401-D,1,2,16:15,16:30,"15 min"
2025-09-16,CQ50T3-V02B-ZZZ,C2Q50A-AD140A30K,1,8,08:05,08:40,"35 min"
2025-09-16,CQ63T3-V02C-ZZZ,C2Q63A-AD141A30K,1,6,08:21,09:26,"65 min"
2025-09-16,CQ50T3-V02B-ZZZ,C2Q50A-AD140A30K,9,16,08:42,09:10,"28 min"
2025-09-16,CG40H3-V02D,C1G40L-AT034-30K,1,10,09:25,10:00,"35 min"
2025-09-16,CQ63T3-V02C-ZZZ,C2Q63A-AD141A30K,7,12,09:26,10:13,"47 min"
2025-09-16,CG40H3-V02D,C1G40L-AT034-30K,11,15,10:02,10:30,"28 min"
2025-09-16,CQ63T3-V02C-ZZZ,C2Q63A-AD141A30K,13,18,10:13,11:31,"78 min"
2025-09-16,CQ25G-V01C,C2Q25G-P1283-30K,1,12,10:55,11:35,"40 min"
2025-09-16,CQ63T3-V02C-ZZZ,C2Q63A-AD141A30K,19,20,11:31,13:16,"105 min"
2025-09-16,CQ40G-V01C,C2Q40G-P1285-30K,1,5,11:35,12:15,"40 min"
2025-09-16,CP9632T-V03B,C9632ABAC958-30K,1,9,12:17,12:55,"38 min"
2025-09-16,CP9632T-V03B,C9632ABAC958-30K,10,14,12:56,13:29,"33 min"
2025-09-16,CA40T-V01C,S370A63T47X40X30,1,5,13:30,13:55,"25 min"
2025-09-16,CXS32S2-V01E,CXS32A-AS991-20K,1,2,14:15,15:03,"48 min"
2025-09-16,CQ12T3L-V01B,C2Q12A-AD367-20K,1,10,15:05,15:45,"40 min"
2025-09-16,CXS15S3-V03D,CXS15A-BA022-20K,1,5,15:50,16:20,"30 min"
2025-09-15,MYB32P2-V01D,MYB32-55-AS551-20-K,1,3,07:55,08:15,"20 min"
2025-09-15,XLA25B2-V01B,XLA25-1B-S,1,1,08:15,08:39,"24 min"
2025-09-15,CXS25P-V01E,CXS25J-28750-20K,1,15,08:41,09:17,"36 min"
2025-09-15,CXS25P-V01E,CXS25J-28750-20K,16,20,09:20,09:45,"25 min"
2025-09-15,XLA25B2-V03B,XLA25-1B-S,1,1,09:46,10:15,"29 min"
2025-09-15,APT4-V01B,APTE00-98000565-D,1,14,10:25,11:05,"40 min"
2025-09-15,APT4-V01B,APTE00-98000565-D,15,28,11:10,11:36,"26 min"
2025-09-15,APT5-V01C,APTE00-96000152-D,1,14,11:46,12:30,"44 min"
2025-09-15,CQ16C-V01D,S501A61T19X08X30,1,30,12:40,13:30,"50 min"
2025-09-15,CP9632H-V01D,C9632LCAZ033-30K,1,3,12:50,13:30,"40 min"
2025-09-15,CP9663T-V03B,C9663ABAC961-30K,1,7,13:40,14:20,"40 min"
2025-09-15,CP9663T-V03B,C9663ABAC961-30K,8,14,14:43,15:15,"32 min"
2025-09-15,CA80T-V01C,S370A63T89X80X30,1,5,15:25,16:10,"45 min"
2025-09-12,CAA0T-V02C,S370A63T110X100X30,6,7,07:55,08:15,"20 min"
2025-09-12,CUJ10A-V01D,CUJ10A-P7103A20K,1,2,08:15,08:47,"32 min"
2025-09-12,CXS16S2-V01D,CXS16A-AS988-20K,1,5,08:17,08:45,"28 min"
2025-09-12,CQ25T-V01D,C2Q025K04-49999,1,11,08:48,09:18,"30 min"
2025-09-12,MSQ10B5-V01D,P8910102-D,1,2,08:50,09:24,"34 min"
2025-09-12,CQ25T-V01D,C2Q025K04-49999,12,16,09:20,09:40,"20 min"
2025-09-12,XLA25B2-V04B,XLA25-1B-S,1,2,09:42,10:20,"38 min"
2025-09-12,MSQ50B5-V01D,P8910402-D,1,2,10:21,10:59,"38 min"
2025-09-12,CXS15P-V01D,CXS15J-28748-20K,1,18,10:25,10:56,"31 min"
2025-09-12,CXS15P-V01D,CXS15J-28748-20K,19,36,11:00,11:30,"30 min"
2025-09-12,APT6-V01B,APTE00-96000150-D,1,5,11:32,12:00,"28 min"
2025-09-12,CM25AH-V01D,C2M025K02-68715B,1,14,12:03,12:33,"30 min"
2025-09-12,CM25AH-V01D,C2M025K02-68715B,15,21,12:35,13:02,"27 min"
2025-09-12,CP9680T4-V01D,C9680ABAZ037-30K,1,1,13:16,13:37,"21 min"
2025-09-12,CQ12C-V01D,S501A61T14X06X30,1,20,13:30,14:15,"45 min"
2025-09-12,CP9632T-V02B,C9632ABAC958-30K,1,3,14:15,14:35,"20 min"
2025-09-12,MB32T-V01C,S369A63T36X32X30,1,4,14:37,15:15,"38 min"
2025-09-12,MHZ20B2-V01D,P4811351-MH1,1,7,15:25,15:50,"25 min"
2025-09-12,MYB32P2-V01D,MYB32-55-AS551-20-K,1,3,15:53,16:05,"12 min"
2025-09-11,MXS25B-V02D,P3800601B-M,1,5,07:50,08:33,"43 min"
2025-09-11,MXS25B-V02D,P3800601B-M,6,7,08:25,09:12,"47 min"
2025-09-11,VJ10M-V02D,VJ100-16-7,1,14,09:16,10:00,"44 min"
2025-09-11,M1B63T-V01D,MB-63ABL8512-30K,1,7,09:41,10:03,"22 min"
2025-09-11,VJ10M-V02D,VJ100-16-7,15,20,10:02,10:50,"48 min"
2025-09-11,M1B63T-V01D,MB-63ABL8512-30K,8,10,10:03,10:21,"18 min"
2025-09-11,CXS20P-V01E,CXS20J-28749-20K,1,14,10:53,11:31,"38 min"
2025-09-11,CXS20P-V01E,CXS20J-28749-20K,15,18,11:31,12:10,"39 min"
2025-09-11,CQ63T3-V02C-ZZZ,C2Q63A-AD141A30K,1,6,11:52,13:21,"89 min"
2025-09-11,CM20AS-V01D,C2M020K03-68714B,1,14,12:13,12:47,"34 min"
2025-09-11,CM20AS-V01D,C2M020K03-68714B,15,25,12:49,13:20,"31 min"
2025-09-11,CQ63T3-V02C-ZZZ,C2Q63A-AD141A30K,7,12,13:21,14:09,"48 min"
2025-09-11,CQ25G-V01C,C2Q25G-P1283-30K,1,10,13:28,14:15,"47 min"
2025-09-11,CQ63T3-V02C-ZZZ,C2Q63A-AD141A30K,13,18,14:09,14:51,"42 min"
2025-09-11,CP9650T-V02B,C9650ABAC960-30K,1,7,14:17,15:15,"58 min"
2025-09-11,CQ63T3-V02C-ZZZ,C2Q63A-AD141A30K,19,20,14:51,16:01,"70 min"
2025-09-11,CAA0T-V02C,S370A63T110X100X30,1,5,15:25,15:51,"26 min"
2025-09-10,CXS06S3-V03D,CXS06A-R6000-20K,1,12,07:55,08:38,"43 min"
2025-09-10,CP9640H-V01D,C9640LCAZ034-30K,1,1,08:20,09:01,"41 min"
2025-09-10,CXS06S3-V03D,CXS06A-R6000-20K,13,18,08:40,08:45,"5 min"
2025-09-10,CQ63T3-V02C-ZZZ,C2Q63A-AD141A30K,1,6,09:10,10:02,"52 min"
2025-09-10,CQ20T-V01D,C2Q020K04-49998,1,12,09:43,10:13,"30 min"
2025-09-10,CQ63T3-V02C-ZZZ,C2Q63A-AD141A30K,7,12,10:02,11:30,"88 min"
2025-09-10,CQ20T-V01D,C2Q020K04-49998,13,18,10:15,10:48,"33 min"
2025-09-10,CM20AH-V01D,C2M020K02-68714B,1,16,10:50,11:24,"34 min"
2025-09-10,MXS12E-V02D,P3800303-MH1,1,1,11:10,11:45,"35 min"
2025-09-10,CM20AH-V01D,C2M020K02-68714B,17,23,11:24,11:51,"27 min"
2025-09-10,CQ63T3-V02C-ZZZ,C2Q63A-AD141A30K,13,15,11:30,12:05,"35 min"
2025-09-10,CQ12G-V01C,C2Q12G-P1280-30K,1,20,11:51,12:30,"39 min"
2025-09-10,CP9663T-V02B,C9663ABAC961-30K,1,4,12:35,13:15,"40 min"
2025-09-10,VJ30M-V02D,VJ300-8-5,1,2,12:35,13:10,"35 min"
2025-09-10,VP300M-V02D,VP300-22,1,1,13:10,13:37,"27 min"
2025-09-10,CP9663T-V03B,C9663ABAC961-30K,1,7,13:34,14:03,"29 min"
2025-09-10,MHL20B2-V02D,P3315361-M,1,1,13:45,14:22,"37 min"
2025-09-10,CP9663T-V03B,C9663ABAC961-30K,8,10,14:04,14:30,"26 min"
2025-09-10,MHL25B2-V02D,P3315461-M,1,1,14:25,14:53,"28 min"
2025-09-10,CXS32S2-V01E,CXS32A-AS991-20K,1,6,14:35,15:15,"40 min"
2025-09-10,CXS32S2-V01E,CXS32A-AS991-20K,7,9,15:25,15:45,"20 min"
2025-09-10,CQ12T3L-V02B-ZZZ,C2Q12A-AD367-30K,1,4,15:49,16:15,"26 min"
2025-09-10,CXS20S2-V01E,CXS20A-AS989-20K,1,2,16:07,16:30,"23 min"
2025-09-09,MHZ25B2-V01D,P4811451-MH1,1,8,07:52,08:30,"38 min"
2025-09-09,CQ63T3-V02C-ZZZ,C2Q63A-AD141A30K,1,6,08:28,09:28,"60 min"
2025-09-09,MHZ25B2-V01D,P4811451-MH1,9,15,08:32,09:07,"35 min"
2025-09-09,CQ12T3L-V01B-ZZZ,C2Q12A-AD367-30K,1,10,09:08,09:38,"30 min"
2025-09-09,CQ63T3-V02C-ZZZ,C2Q63A-AD141A30K,7,7,09:30,09:55,"25 min"
2025-09-09,CQ40T3-V02B-ZZZ,C2Q40A-AD139A30K,1,8,09:43,10:15,"32 min"
2025-09-09,MHZ32B-V02D,P4811501-M-1,1,1,10:10,10:44,"34 min"
2025-09-09,CQ40T3-V02B-ZZZ,C2Q40A-AD139A30K,9,11,10:25,10:46,"21 min"
2025-09-09,MXS06E-V02D,P3800103-MH1,1,2,10:44,11:20,"36 min"
2025-09-09,CUJ06A-V01D,CUJ06A-P7101A20K,1,3,10:47,11:03,"16 min"
2025-09-09,CQ40C-V01D,S501A61T43X16X30,1,8,11:05,11:55,"50 min"
2025-09-09,MXS08E-V02D,P3800203-MH1,1,1,11:30,12:52,"82 min"
2025-09-09,APT5-V01C,APTE00-96000152-D,1,15,12:00,12:50,"50 min"
2025-09-09,MSQ10B2-V02D,P6260101-D,1,8,12:50,13:32,"42 min"
2025-09-09,CXS16S2-V01E,CXS16A-AS988-20K,1,1,12:55,13:29,"34 min"
2025-09-09,CP9632T4-V01D,C9632ABAZ033-30K,1,1,13:30,14:05,"35 min"
2025-09-09,MSQ10B2-V02D,P6260101-D,9,16,13:35,14:06,"31 min"
2025-09-09,CP9640T4-V01D,C9640ABAZ034-30K,1,1,14:05,14:30,"25 min"
2025-09-09,CXS15S3-V03D,CXS15A-BA022-20K,1,3,14:07,14:32,"25 min"
2025-09-09,CQ50T3-V02B-ZZZ,C2Q50A-AD140A30K,1,8,14:35,15:15,"40 min"
2025-09-09,CQ50T3-V02B-ZZZ,C2Q50A-AD140A30K,9,16,15:25,15:57,"32 min"
2025-09-09,CQ16T3L-V01B-ZZZ,C2Q16A-AD368-30K,1,4,16:00,16:15,"15 min"
2025-09-08,CXS06S2-V01D,CXS06A-AS986-20K,1,4,08:32,08:55,"23 min"
2025-09-08,M1L40AJ-V01E,M1L040-32H82078,1,2,08:51,09:16,"25 min"
2025-09-08,CJ06C2-V01D,C2J06LAAH080-30K,1,28,09:45,10:20,"35 min"
2025-09-08,CQ12T3L-V02B,C2Q12A-AD367-20K,1,2,10:57,11:25,"28 min"
2025-09-08,CK63H-V01D,C1K63L-AS976-30K,1,1,11:03,11:31,"28 min"
2025-09-08,CJ06C2-V01D,C2J06LAAH080-30K,29,56,11:20,12:00,"40 min"
2025-09-08,CQ16T3L-V02B,C2Q16A-AD368-20K,1,2,11:25,12:45,"80 min"
2025-09-08,CJ06C2-V02D,C2J06LAAH080-30K,1,28,12:05,12:40,"35 min"
2025-09-08,MHL10B2-V02D,P3315161-M,1,1,12:50,13:23,"33 min"
2025-09-08,MHZ20B-V02B,P4811301-M-1,1,1,13:25,13:58,"33 min"
2025-09-08,MSQ30B2-V04D,P6260301-D,1,6,13:53,14:52,"59 min"
2025-09-08,CK50H-V01D,C1K50L-AS975-30K,1,1,14:00,14:34,"34 min"
2025-09-08,CYR25SR-V01D,CYR25E-AX664-30K,1,2,14:34,15:20,"46 min"
2025-09-08,MSQ30B2-V04D,P6260301-D,1,2,14:58,16:20,"82 min"
2025-09-05,CQ32T3-V03B-ZZZ,C2Q32A-AD138A30K,1,5,09:30,10:15,"45 min"
2025-09-05,CQ40G-V01C,C2Q40G-P1285-30K,1,5,10:52,11:20,"28 min"
2025-09-05,CM25BH-V01E,C2M025K02-67546C,1,7,12:10,12:45,"35 min"
2025-09-05,CG63R3-V01D,C3G63K02-AG006,1,1,12:46,13:21,"35 min"
2025-09-05,MSQ50B2-V03D,P6260401-D,1,3,13:23,14:05,"42 min"
2025-09-05,CXS16S2-V01D,CXS16A-AS988-20K,1,3,14:06,14:28,"22 min"
2025-09-05,CXS06S2-V01D,CXS06A-AS986-20K,1,6,14:30,14:57,"27 min"
2025-09-05,CQ40G-V01C,C2Q40G-P1285-30K,1,11,15:15,15:40,"25 min"
2025-09-05,CQ40G-V01C,C2Q40G-P1285-30K,12,16,15:42,16:05,"23 min"
2025-09-04,MSQ10B5-V01D,P8910102-D,1,1,08:20,08:50,"30 min"
2025-09-04,CQ12T0-V01E,C2Q12-04-F6455-K,1,2,08:50,09:25,"35 min"
2025-08-29,CQ32T3-V02B-ZZZ,C2Q32A-AD138A30K,1,9,07:50,08:16,"26 min"
2025-08-29,CQ32T3-V02B-ZZZ,C2Q32A-AD138A30K,10,17,08:18,08:45,"27 min"
2025-08-29,CQ20T3-V02B-ZZZ,C2Q20A-AD136A30K,1,10,08:48,09:10,"22 min"
2025-08-29,CQ20T3-V02B-ZZZ,C2Q20A-AD136A30K,11,14,09:11,09:38,"27 min"
2025-08-29,CQ63T3-V02C-ZZZ,C2Q63A-AD141A30K,1,6,09:27,11:00,"93 min"
2025-08-29,CQ20T3-V03B-ZZZ,C2Q20A-AD136A30K,1,5,09:40,10:10,"30 min"
2025-08-29,CYV32C-V01D,CYV32G-R5503-20K,1,6,10:10,10:30,"20 min"
2025-08-29,CP9632H-V01D,C9632LCAZ033-30K,1,1,10:20,10:48,"28 min"
2025-08-29,CM32AH-V01D,C2M032K02-68716B,1,7,10:32,11:15,"43 min"
2025-08-29,CP9663SG-V01D,C9663LAAZ036-30K,1,1,10:48,11:25,"37 min"
2025-08-29,CQ63T3-V02C-ZZZ,C2Q63A-AD141A30K,7,12,11:09,13:10,"121 min"
2025-08-29,CM32AS-V02D,C2M032K03-68716B,1,7,11:16,11:42,"26 min"
2025-08-29,CP9680SG-V01D,C9680LAAZ037-30K,1,1,11:25,13:10,"105 min"
2025-08-29,CJ16C-V01D,C2J16L-AH081-30K,1,20,12:32,13:07,"35 min"
2025-08-29,CP96A0SG-V01D,C96A0LAAZ038-30K,1,1,13:10,13:53,"43 min"
2025-08-29,CQ63T3-V02C-ZZZ,C2Q63A-AD141A30K,13,15,13:15,13:40,"25 min"
2025-08-29,CP96A2SG-V01D,C96A2LAAZ039-30K,1,1,13:53,14:38,"45 min"
2025-08-29,CG80R2-V01D,C1G80K02-AH117,1,2,14:18,14:45,"27 min"
2025-08-29,CP9650H-V01D,C9650LCAZ035-30K,1,1,15:40,15:49,"9 min"
2025-08-28,CXS15S3-V02D,CXS15A-BA022-20K,1,3,07:50,08:15,"25 min"
2025-08-28,CP9663H-V01D,C9663LCAZ036-30K,1,1,08:16,08:25,"9 min"
2025-08-28,CXS15S3-V03D,CXS15A-BA022-20K,1,3,08:16,08:43,"27 min"
2025-08-28,CP9663R-V01D,C9663LBAZ036-30K,1,1,08:26,08:37,"11 min"
2025-08-28,CQ25T3-V03B-ZZZ,C2Q25A-AD137A30K,1,7,08:45,09:05,"20 min"
2025-08-28,CXS20P-V01E,CXS20J-28749-20K,1,12,09:12,09:55,"43 min"
2025-08-28,CQ40T-V02B,C2Q40-04-J0780-K,1,8,09:57,10:50,"53 min"
2025-08-28,PS63-V03D,S500A61T63X14X20,1,4,10:50,11:30,"40 min"
2025-08-28,PS50-V01D,S500A61T50X14X30,1,7,11:30,12:10,"40 min"
2025-08-28,CQ32C-V02D,S501A61T35X16X30,1,10,12:13,12:40,"27 min"
2025-08-28,CQ32C-V02D,S501A61T35X16X30,11,15,12:40,13:02,"22 min"
2025-08-28,VJ10M-V02D,VJ100-16-7,1,14,13:22,13:57,"35 min"
2025-08-28,VJ10M-V02D,VJ100-16-7,15,20,14:00,14:31,"31 min"
2025-08-28,CXS15P-V01D,CXS15J-28748-20K,1,18,14:35,15:15,"40 min"
2025-08-28,MSQ30B5-V01D,P8910302-D,1,1,14:37,15:00,"23 min"
2025-08-28,CXS15P-V01D,CXS15J-28748-20K,19,28,15:35,16:13,"38 min"
2025-08-27,CXS10P-V01D,CXS10J-28747-20K,31,44,08:00,08:50,"50 min"
2025-08-27,CQ25T3-V02B-ZZZ,C2Q25A-AD137A30K,1,6,08:50,09:15,"25 min"
2025-08-27,CP9680H-V01D,C9680LCAZ037-30K,1,1,08:50,08:59,"9 min"
2025-08-27,CP9650R-V01D,C9650LBAZ035-30K,1,1,09:00,09:13,"13 min"
2025-08-27,CA80T-V02C,S370A63T89X80X30,1,1,09:10,09:32,"22 min"
2025-08-27,CQ32T3-V02B-ZZZ,C2Q32A-AD138A30K,1,10,09:17,09:52,"35 min"
2025-08-27,VV11M1-V01D,VVZ2000-50-2D,1,1,09:32,09:51,"19 min"
2025-08-27,CXS16S2-V01E,CXS16A-AS988-20K,1,1,09:51,10:25,"34 min"
2025-08-27,CXS16S2-V01D,CXS16A-AS988-20K,1,1,09:51,10:25,"34 min"
2025-08-27,CQ32T3-V02B-ZZZ,C2Q32A-AD138A30K,11,20,09:54,10:15,"21 min"
2025-08-27,CQ32T3-V02B-ZZZ,C2Q32A-AD138A30K,21,30,10:25,10:52,"27 min"
2025-08-27,CQ32T3-V02B-ZZZ,C2Q32A-AD138A30K,31,35,10:53,11:10,"17 min"
2025-08-27,CYB10C-V01D,CYB10L-AS376-30K,1,20,11:12,11:35,"23 min"
2025-08-27,CYB10C-V01D,CYB10L-AS376-30K,21,32,11:37,12:13,"36 min"
2025-08-27,MHY16B-V02D,P3319201-M,1,11,12:15,12:50,"35 min"
2025-08-27,CP9632SG-V01D,C9632LAAZ033-30K,1,2,12:50,13:18,"28 min"
2025-08-27,CQ63T3-V02C-ZZZ,C2Q63A-AD141A30K,1,2,12:51,13:20,"29 min"
2025-08-27,MHY16B-V02D,P3319201-M,12,16,12:56,13:29,"33 min"
2025-08-27,CP9640SG-V01D,C9640LAAZ034-30K,1,2,13:20,13:52,"32 min"
2025-08-27,CQ63T3-V02C-ZZZ,C2Q63A-AD141A30K,3,8,13:25,13:55,"30 min"
2025-08-27,CUJ10A-V01D,CUJ10A-P7103A20K,1,18,13:52,15:00,"68 min"
2025-08-27,CP9650SG-V01D,C9650LAAZ035-30K,1,1,13:55,14:35,"40 min"
2025-08-27,MSQ50B5-V01D,P8910402-D,1,2,14:01,14:32,"31 min"
2025-08-27,CUJ10A-V01D,CUJ10A-P7103A20K,19,36,15:02,16:10,"68 min"
2025-08-26,VJ10M-V02D,VJ100-16-7,1,0,00:00,07:57,"476 min"
2025-08-26,VJ10M-V02D,VJ100-16-7,14,0,00:00,08:41,"520 min"
2025-08-26,DXT155M-V01D,DXT155-38-1,1,8,09:20,09:55,"35 min"
2025-08-26,DXT155M-V01D,DXT155-38-1,9,16,09:57,10:35,"38 min"
2025-08-26,DXT155M-V01D,DXT155-38-1,17,20,10:37,10:53,"16 min"
2025-08-26,MHZ16B2-V01D,P4811251-MH1,1,4,10:54,11:10,"16 min"
2025-08-26,CQ40T-V01B,C2Q40-04-J0780-K,1,9,11:13,11:59,"46 min"
2025-08-26,CJ06RT-V02D,C2J06Y-AH080-30K,1,6,11:20,13:25,"125 min"
2025-08-26,CQ40T-V01B,C2Q40-04-J0780-K,10,11,11:59,12:28,"29 min"
2025-08-26,CYB32C-V01D,CYB32L-AS380-30K,1,5,12:31,12:55,"24 min"
2025-08-26,CQ32C-V02D,S501A61T35X16X30,1,16,12:58,13:40,"42 min"
2025-08-26,CQ16TH-V01D,C2Q016K04-56564,1,8,13:41,14:10,"29 min"
2025-08-26,CQ20T3-V02B-ZZZ,C2Q20A-AD136A30K,1,5,14:12,14:35,"23 min"
2025-08-26,CQ20T3-V03B-ZZZ,C2Q20A-AD136A30K,1,3,14:37,15:00,"23 min"
2025-08-26,CJ16P-V01D,C2J16M-AF113-25K,1,20,15:05,15:40,"35 min"
2025-08-26,MSQ10B5-V01D,P8910102-D,1,1,15:35,16:10,"35 min"
2025-08-26,CXS10P-V01D,CXS10J-28747-20K,1,30,15:42,16:27,"45 min"
2025-08-26,CP9640H-V01D,C9640LCAZ034-30K,1,1,15:45,16:00,"15 min"
2025-08-25,CXS25P-V01E,CXS25J-28750-20K,1,0,00:00,15:30,"929 min"
2025-08-25,CXS25P-V01E,CXS25J-28750-20K,15,0,00:00,16:05,"964 min"
2025-08-25,CQ63T3-V02C-ZZZ,C2Q63A-AD141A30K,1,6,08:16,08:16,"0 min"
2025-08-25,CQ63T3-V02C-ZZZ,C2Q63A-AD141A30K,7,12,09:21,09:21,"0 min"
2025-08-25,CXS15P-V01D,CXS15J-28748-20K,1,17,11:04,11:28,"24 min"
2025-08-25,CXS15P-V01D,CXS15J-28748-20K,18,28,11:28,12:10,"42 min"
2025-08-25,MK40RC-V01E,MK-40L-AF610-20K,1,8,12:17,13:10,"53 min"
2025-08-25,CQ63T3-V02C-ZZZ,C2Q63A-AD141A30K,13,15,13:01,13:01,"0 min"
2025-08-25,CYB15C-V01D,CYB15L-AS377-30K,1,14,13:20,13:51,"31 min"
2025-08-25,CUJ06A-V01D,CUJ06A-P7101A20K,1,3,13:54,14:20,"26 min"
2025-08-25,MSQ50B2-V03D,P6260401-D,1,6,14:23,15:15,"52 min"
2025-08-22,M1L40AJ-V01E,M1L040-32H82078,1,1,00:00,14:10,"849 min"
2025-08-22,MSQ50B5-V01D,P8910402-D,1,0,00:00,11:25,"684 min"
2025-08-22,SY50M-V02B,SY5000-20-1,1,7,11:14,11:50,"36 min"
2025-08-22,SY50M-V02B,SY5000-20-1,8,10,11:55,12:13,"18 min"
2025-08-22,CXS25P-V01E,CXS25J-28750-20K,1,8,12:16,12:50,"34 min"
2025-08-22,MHZ16B2-V01D,P4811251-MH1,1,2,12:30,13:05,"35 min"
2025-08-22,PS50-V01D,S500A61T50X14X30,1,7,12:57,13:27,"30 min"
2025-08-22,PS50-V01D,S500A61T50X14X30,8,14,13:28,13:56,"28 min"
2025-08-22,CJ10C-V01D,C2J10L-AH082-30K,1,16,13:58,14:32,"34 min"
2025-08-22,CQ20T3-V03B-ZZZ,C2Q20A-AD136A30K,1,10,14:35,15:02,"27 min"
2025-08-22,CQ20T3-V03B-ZZZ,C2Q20A-AD136A30K,11,16,15:04,15:40,"36 min"
2025-08-22,CP9632T-V03B,C9632ABAC958-30K,1,7,15:42,16:12,"30 min"
2025-08-21,CP9650T-V02B,C9650ABAC960-30K,6,11,07:55,08:15,"20 min"
2025-08-21,MXQ16B-V02D,P3802601B-M,1,8,08:20,08:48,"28 min"
2025-08-21,MXQ16B-V02D,P3802601B-M,9,16,08:50,09:18,"28 min"
2025-08-21,CXS20P-V01E,CXS20J-28749-20K,1,14,09:20,10:15,"55 min"
2025-08-21,MSQ10B5-V01D,P8910102-D,1,1,10:10,10:50,"40 min"
2025-08-21,CQ32T-V02B,C2Q32-04-J0779-K,1,11,10:25,11:03,"38 min"
2025-08-21,MHZ16B2-V01E,P4811251-MH1,1,4,10:50,11:33,"43 min"
2025-08-21,CQ32T3-V02B-ZZZ,C2Q32A-AD138A30K,1,9,11:05,11:30,"25 min"
2025-08-21,CQ32T3-V02B-ZZZ,C2Q32A-AD138A30K,10,19,11:31,12:00,"29 min"
2025-08-21,PS63-V03D,S500A61T63X14X20,1,3,12:40,13:20,"40 min"
2025-08-21,CQ16C-V01D,S501A61T19X08X30,1,23,13:23,14:07,"44 min"
2025-08-21,CP96A2T4-V01D,C96A2ABAZ039-30K,1,1,13:55,14:03,"8 min"
2025-08-21,CQ16C-V01D,S501A61T19X08X30,24,34,14:10,14:45,"35 min"
2025-08-21,CQ63T3-V02C,C2Q63A-AD141A20K,1,2,14:33,15:04,"31 min"
2025-08-21,CQ63T3-V02C-ZZZ,C2Q63A-AD141A30K,1,3,14:33,15:04,"31 min"
2025-08-21,MSQ30B2-V04D,P6260301-D,1,6,14:49,15:50,"61 min"
2025-08-21,MSQ30B2-V04D,P6260301-D,7,8,15:54,16:25,"31 min"
2025-08-20,CXS32P-V01E,CXS32J-28751-20K,12,16,07:55,08:35,"40 min"
2025-08-20,MXQ25B-V02D,P3802801B-M,1,5,08:37,09:06,"29 min"
2025-08-20,VJ10M-V02D,VJ100-16-7,1,14,09:08,09:53,"45 min"
2025-08-20,VJ10M-V02D,VJ100-16-7,15,20,09:58,10:40,"42 min"
2025-08-20,CXS06P-V01D,CXS06J-A5157-20K,1,32,10:48,11:41,"53 min"
2025-08-20,CXS06P-V01D,CXS06J-A5157-20K,33,56,11:41,12:58,"77 min"
2025-08-20,CUJ06A-V01D,CUJ06A-P7101A20K,1,3,13:00,13:20,"20 min"
2025-08-20,PS63B-V01D,S502A61T63X13X20,1,4,13:20,14:00,"40 min"
2025-08-20,PS63B-V01D,S502A61T63X13X20,5,8,14:01,14:38,"37 min"
2025-08-20,CQ25C-V01D,S501A61T27X12X30,1,17,14:40,15:15,"35 min"
2025-08-20,CQ25C-V01D,S501A61T27X12X30,18,34,15:25,15:54,"29 min"
2025-08-20,CP9650T-V02B,C9650ABAC960-30K,1,5,16:00,16:20,"20 min"
2025-08-19,MGPM20B2-V02D,MGP20A-AC893-30K,1,4,00:10,11:00,"649 min"
2025-08-19,VV14M1-V02D,DXT199-20-23,9,16,07:55,08:30,"35 min"
2025-08-19,CQ50T3-V02B-ZZZ,C2Q50A-AD140A30K,1,8,08:15,08:47,"32 min"
2025-08-19,CQ50T3-V02B-ZZZ,C2Q50A-AD140A30K,7,13,08:48,09:08,"20 min"
2025-08-19,CQ20T3-V02B-ZZZ,C2Q20A-AD136A30K,1,5,09:10,09:15,"5 min"
2025-08-19,MB32T-V02C,S369A63T36X32X30,1,9,11:04,11:30,"26 min"
2025-08-19,CQ32C-V02D,S501A61T35X16X30,1,5,11:30,11:59,"29 min"
2025-08-19,APT5-V01C,APTE00-96000152-D,1,16,12:00,12:39,"39 min"
2025-08-19,MGPM16B2-V02D,MGP16A-AC892-30K,1,7,12:43,13:19,"36 min"
2025-08-19,LEF32MC4-V01D,LEF32-64-YA119-20-K,1,1,12:50,13:17,"27 min"
2025-08-19,CP9632T-V01B,C9632ABAC958-30K,1,1,13:20,13:58,"38 min"
2025-08-19,MGPM16B2-V02D,MGP16A-AC892-30K,8,14,13:26,14:02,"36 min"
2025-08-19,CA50T-V03C,S370A63T58X50X30,1,9,14:15,14:47,"32 min"
2025-08-19,CA50T-V03C,S370A63T58X50X30,10,12,14:48,15:15,"27 min"
2025-08-19,CXS32P-V01E,CXS32J-28751-20K,1,11,15:30,16:20,"50 min"
2025-08-18,MHZ20B-V01B,P4811301-M-1,1,2,08:33,09:04,"31 min"
2025-08-18,CP9650T-V02B,C9650ABAC960-30K,1,7,09:08,10:15,"67 min"
2025-08-18,CA50T-V02C,S370A63T58X50X30,1,9,10:25,10:47,"22 min"
2025-08-18,CA50T-V02C,S370A63T58X50X30,10,12,10:48,11:18,"30 min"
2025-08-18,CQ32T3-V02B-ZZZ,C2Q32A-AD138A30K,1,10,11:25,11:59,"34 min"
2025-08-18,CQ32T3-V02B-ZZZ,C2Q32A-AD138A30K,11,20,11:59,12:30,"31 min"
2025-08-18,CQ32T3-V02B-ZZZ,C2Q32A-AD138A30K,21,25,12:38,13:07,"29 min"
2025-08-18,MK32RC-V01E,MK-32L-AF609-20K,1,16,13:08,13:48,"40 min"
2025-08-18,CYB15C-V01D,CYB15L-AS377-30K,1,14,13:50,14:36,"46 min"
2025-08-18,CAA0T-V02C,S370A63T110X100X30,1,5,14:40,15:15,"35 min"
2025-08-18,CXS15S3-V02D,CXS15A-BA022-20K,1,6,15:56,16:25,"29 min"
2025-08-15,CP9650T-V03B,C9650ABAC960-30K,1,3,09:15,09:42,"27 min"
2025-08-15,CP9632T-V03B,C9632ABAC958-30K,1,5,09:45,10:14,"29 min"
2025-08-15,MHZ10B2-V01E,P4811151-MH1,1,2,13:20,13:57,"37 min"
2025-08-15,CYB10C-V01D,CYB10L-AS376-30K,1,32,13:32,14:10,"38 min"
2025-08-15,MHZ16B2-V01D,P4811251-MH1,1,2,14:00,14:33,"33 min"
2025-08-15,CAA0T-V03C,S370A63T110X100X30,1,5,14:23,14:46,"23 min"
2025-08-15,VV14M1-V02D,DXT199-20-23,1,8,15:15,16:05,"50 min"
2025-08-14,MSQ30B2-V04D,P6260301-D,1,7,08:48,09:55,"67 min"
2025-08-14,CA63T-V02C,S370A63T72X63X30,1,5,09:55,10:40,"45 min"
2025-08-14,CQ32T3-V03B-ZZZ,C2Q32A-AD138A30K,1,2,10:40,11:00,"20 min"
2025-08-14,XLA25B2-V04B,XLA25-1B-S,1,1,13:35,14:15,"40 min"
2025-08-13,CXS20P-V01E,CXS20J-28749-20K,1,10,07:55,08:24,"29 min"
2025-08-13,CYR10E-V01D,CYR10J-AX661-20K,1,3,08:25,08:50,"25 min"
2025-08-13,MHZ16B2-V01D,P4811251-MH1,1,10,08:52,09:22,"30 min"
2025-08-13,CQ63T3-V02C,C2Q63A-AD141A20K,7,10,09:01,09:51,"50 min"
2025-08-13,CXS25P-V01E,CXS25J-28750-20K,1,10,11:20,12:13,"53 min"
2025-08-13,MK50RC-V01E,MK-50L-AF611-20K,1,10,12:17,12:52,"35 min"
2025-08-13,CP9650T4-V01D,C9650ABAZ035-30K,1,1,13:10,13:35,"25 min"
2025-08-13,NCA150H-V01D,NCA150-03-AV286-20K,1,2,13:16,13:54,"38 min"
2025-08-13,XLA25B2-V03B,XLA25-1B-S,1,1,13:20,14:15,"55 min"
2025-08-13,XLA25B2-V01B,XLA25-1B-S,1,1,13:20,14:15,"55 min"
2025-08-13,CQ63T3-V02C,C2Q63A-AD141A20K,1,3,14:01,15:06,"65 min"
2025-08-13,CP9632T-V03B,C9632ABAC958-30K,1,9,14:20,14:56,"36 min"
2025-08-13,CP9632T-V03B,C9632ABAC958-30K,10,13,15:10,15:47,"37 min"
2025-08-13,CUJ08A-V01D,CUJ08A-P7102A20K,1,6,16:00,16:20,"20 min"
2025-08-12,VJ10M-V02D,VJ100-16-7,1,13,08:00,08:47,"47 min"
2025-08-12,VJ10M-V02D,VJ100-16-7,14,20,08:55,09:22,"27 min"
2025-08-12,CQ63T3-V02C,C2Q63A-AD141A20K,1,5,09:01,10:21,"80 min"
2025-08-12,CXS32P-V01E,CXS32J-28751-20K,1,6,09:30,10:15,"45 min"
2025-08-12,MGPM12B2-V01D,MGP12A-AC891-30K,1,8,10:30,11:25,"55 min"
2025-08-12,MGPM12B2-V01D,MGP12A-AC891-30K,9,13,11:25,12:10,"45 min"
2025-08-12,CKZ40T4-V01D,CKZ40ABAT388-30K,1,2,12:20,12:47,"27 min"
2025-08-12,MHY16B-V02D,P3319201-M,1,2,12:20,12:47,"27 min"
2025-08-12,CJ10C-V02D,C2J10L-AH082-30K,1,20,13:15,13:48,"33 min"
2025-08-12,MXS25B-V01D,P3800601B-M,1,6,13:50,14:50,"60 min"
2025-08-12,CQ63T3-V02C,C2Q63A-AD141A20K,6,6,13:55,14:21,"26 min"
2025-08-12,CQ25T3-V02B-ZZZ,C2Q25A-AD137A30K,1,9,14:50,15:00,"10 min"
2025-08-12,CQ25T3-V02B-ZZZ,C2Q25A-AD137A30K,10,14,15:30,15:50,"20 min"
2025-08-12,MHZ20B2-V01D,P4811351-MH1,1,3,15:52,16:13,"21 min"
2025-08-12,CP9650T-V02B,C9650ABAC960-30K,1,2,16:14,16:28,"14 min"
2025-08-11,MHZ10B2-V01E,P4811151-MH1,1,14,08:20,09:10,"50 min"
2025-08-11,MXS20B-V02D,P3800501B-M,1,7,09:14,09:50,"36 min"
2025-08-11,CQ40T-V02B,C2Q40-04-J0780-K,1,5,09:53,10:15,"22 min"
2025-08-11,CQ40T-V02B,C2Q40-04-J0780-K,1,5,10:25,10:35,"10 min"
2025-08-11,CUJ06A-V01D,CUJ06A-P7101A20K,1,6,10:37,11:36,"59 min"
2025-08-11,CQ12T0-V01E,C2Q12-04-F6455-K,1,2,10:45,11:15,"30 min"
2025-08-11,NCA200R-V01D,NCA200-02-AV287-20K,1,1,10:58,11:23,"25 min"
2025-08-11,NCA325R-V01D,NCA325-02-AV289-20K,1,1,11:28,11:40,"12 min"
2025-08-11,MGPM20B2-V01D,MGP20A-AC893-30K,1,6,11:36,12:38,"62 min"
2025-08-11,CQ20T-V01D,C2Q020K04-49998,1,3,12:40,13:10,"30 min"
2025-08-11,CQ20T3-V03B-ZZZ,C2Q20A-AD136A30K,1,7,13:10,13:40,"30 min"
2025-08-11,NCA150H-V01D,NCA150-03-AV286-20K,1,2,13:39,14:14,"35 min"
2025-08-11,MHY16B-V02D,P3319201-M,1,4,13:41,14:09,"28 min"
2025-08-11,MGPM16B2-V01D,MGP16A-AC892-30K,1,7,14:11,14:53,"42 min"
2025-08-11,MGPM16B2-V01D,MGP16A-AC892-30K,8,14,14:55,15:00,"5 min"
2025-08-11,MGPM16B2-V01D,MGP16A-AC892-30K,8,14,15:10,15:35,"25 min"
2025-08-11,XLA16BN-V01B,XLA16-3-1B,1,7,15:45,16:18,"33 min"
2025-08-08,LEF40MC2-V02D,LEF40-9D-HF,1,5,08:35,09:10,"35 min"
2025-08-08,LEF40MC2-V02D,LEF40-9D-HF,6,10,09:27,10:10,"43 min"
2025-08-08,LEF40MC2-V02D,LEF40-9D-HF,11,14,10:20,11:00,"40 min"
2025-08-08,MXQ16B-V02D,P3802601B-M,1,8,11:06,11:34,"28 min"
2025-08-08,MXQ16B-V02D,P3802601B-M,9,16,11:37,12:00,"23 min"
2025-08-08,CQ25T3-V03B-ZZZ,C2Q25A-AD137A30K,1,5,12:35,13:00,"25 min"
2025-08-08,CYB15C-V01D,CYB15L-AS377-30K,1,5,13:05,13:35,"30 min"
2025-08-08,NCA325H-V01D,NCA325-03-AV289-20K,1,1,13:20,13:50,"30 min"
2025-08-08,XLS25B-V02B,XLS25-1-1B,1,4,13:45,14:32,"47 min"
2025-08-08,MSQ30B2-V04D,P6260301-D,1,7,14:34,15:00,"26 min"
2025-08-08,MSQ30B2-V04D,P6260301-D,1,7,15:10,15:50,"40 min"
2025-08-07,CQ32T3-V02B,C2Q32A-AD138A20K,1,9,07:55,08:35,"40 min"
2025-08-07,CQ32T3-V02B,C2Q32A-AD138A20K,10,17,08:37,09:18,"41 min"
2025-08-07,LEF25MC2-V01D,LEF25-9D-HF,1,5,09:20,10:15,"55 min"
2025-08-07,CU16B-V01D,CU-016K27-57157A,1,9,10:25,11:07,"42 min"
2025-08-07,CYB32C-V01D,CYB32L-AS380-30K,1,5,12:20,12:50,"30 min"
2025-08-07,CXS15P-V01D,CXS15J-28748-20K,1,15,12:56,13:33,"37 min"
2025-08-07,CQ63T3-V01C,C2Q63A-AD141A20K,1,2,13:06,13:41,"35 min"
2025-08-07,MSQ50B2-V03D,P6260401-D,1,6,14:00,15:00,"60 min"
2025-08-07,MSQ50B2-V03D,P6260401-D,7,8,15:00,15:35,"35 min"
2025-08-06,MGPM40B2-V01D,MGP40A-AC896-30K,1,3,10:41,11:30,"49 min"
2025-08-06,CXS06C-V01E,CXS06L-R6000-20K,1,1,11:20,11:45,"25 min"
2025-08-06,CM32AS-V02D,C2M032K03-68716B,1,10,11:45,12:40,"55 min"
2025-08-06,CM32AS-V02D,C2M032K03-68716B,12,14,12:40,13:05,"25 min"
2025-08-06,APT5-V01C,APTE00-96000152-D,1,5,13:05,13:35,"30 min"
2025-08-06,CYB10C-V01D,CYB10L-AS376-30K,1,20,13:38,14:20,"42 min"
2025-08-06,CXS32S3-V02D,CXS32A-BA025-20K,1,3,14:21,14:50,"29 min"
2025-08-01,MSQ10B5-V01D,P8910102-D,1,2,11:50,13:05,"75 min"
2025-07-29,CQ25T3-V02B-ZZZ,C2Q25A-AD137A30K,1,5,11:20,11:50,"30 min"
2025-03-16,CYB20B-V01D,CYB20K-AS378-20K,1,3,10:07,10:45,"38 min"
