ngay_dun,ma_khuon,ma_san_pham,kieu_dun,may_dun,code,thoi_gian_bat_dau,thoi_gian_ket_thuc,"khoang_thoi_gian (min)",so_thanh,"khoi_luong_1_thanh (kg)","tong_khoi_luong (kg)","nang_suat (ton/h)","cycletime_thuc_te (s)"
2026-03-18,XLA25B2-V01B,XLA25-1B-S,〇,1,700,08:00,08:20,20,1,14.56,14.56,0.04,1200.00
2026-03-18,CP9640T-V03B,C9640ABAC959-30K,●,3,700,08:00,09:25,85,149,4.188,58.63,0.04,364.29
2026-03-18,XLA25B2-V01B,XLA25-1B-S,〇,1,300,08:00,08:07,7,,,,,
2026-03-18,CP9640T-V03B,C9640ABAC959-30K,●,3,300,08:00,08:05,5,,,,,
2026-03-17,CG63R3-V01D,C3G63K02-AG006,●,1,700,07:55,09:00,65,44,31.164,249.31,0.23,487.50
2026-03-17,CG63R3-V01D,C3G63K02-AG006,●,1,300,07:55,08:02,7,,,,,
2026-03-17,CYR15AR-V01E,CYR15L-AX662-20K,◎,1,700,09:00,10:16,76,148,1.768,26.52,0.02,304.00
2026-03-17,CYR15AR-V01E,CYR15L-AX662-20K,◎,1,300,09:00,09:06,6,,,,,
2026-03-17,CG25R3-V01D,C3G25K02-AG002,●,1,700,10:16,11:32,76,159,5.655,50.89,0.04,506.67
2026-03-17,CG25R3-V01D,C3G25K02-AG002,●,1,300,10:16,10:22,6,,,,,
2026-03-17,CM40AS-V01D,C2M040K03-68717B,●,1,700,11:32,12:37,65,144,12.933,103.46,0.1,487.50
2026-03-17,CM40AS-V01D,C2M040K03-68717B,●,1,300,11:32,11:36,4,,,,,
2026-03-17,CYB20B-V01D,CYB20K-AS378-20K,●,1,700,12:37,13:10,33,104,2.6,52,0.09,99.00
2026-03-17,CYB20B-V01D,CYB20K-AS378-20K,●,1,300,12:37,12:43,6,,,,,
2026-03-17,VV14M1-V01D-ZZZ,DXT199-20-23-30,●,1,700,13:10,16:15,185,374,7.74,108.36,0.04,792.86
2026-03-17,VV14M1-V01D-ZZZ,DXT199-20-23-30,●,1,300,13:10,13:16,6,,,,,
2026-03-17,CYV15K-V01D,CYV15C-R5502-20K,〇,3,700,13:20,13:37,17,1,4.8,4.8,0.02,1020.00
2026-03-17,CYV15K-V01D,CYV15C-R5502-20K,〇,3,300,13:20,13:25,5,,,,,
2026-03-17,CP9640T4-V02D,C9640ABAZ034-30K,〇,3,700,13:37,13:48,11,1,7.377,7.38,0.04,660.00
2026-03-17,CP9640T4-V02D,C9640ABAZ034-30K,〇,3,300,13:37,13:41,4,,,,,
2026-03-17,CA25T-V03C,S370A63T31X25X30,●,3,700,13:48,14:35,47,147,2.106,25.27,0.03,235.00
2026-03-17,CA25T-V03C,S370A63T31X25X30,●,3,300,13:48,13:51,3,,,,,
2026-03-17,CQ32T3-V04B,C2Q32A-AD138A20K,〇,3,700,14:35,14:49,14,1,4.62,4.62,0.02,840.00
2026-03-17,CQ32T3-V04B,C2Q32A-AD138A20K,〇,3,300,14:35,14:40,5,,,,,
2026-03-17,CQ32T3-V05B,C2Q32A-AD138A20K,〇,3,700,14:49,15:00,11,1,4.62,4.62,0.03,660.00
2026-03-17,CQ32T3-V05B,C2Q32A-AD138A20K,〇,3,300,14:49,14:53,4,,,,,
2026-03-17,MB40TD-V01H,S409A63T45X40X30,〇,3,700,15:09,15:25,16,1,6.698,6.7,0.03,960.00
2026-03-17,MB40TD-V01H,S409A63T45X40X30,〇,3,300,15:09,15:14,5,,,,,
2026-03-17,MB50TD-V01H,S409A63T55X50X30,〇,3,700,15:25,15:40,15,1,8.279,8.28,0.03,900.00
2026-03-17,MB50TD-V01H,S409A63T55X50X30,〇,3,300,15:25,15:30,5,,,,,
2026-03-17,CXS32S3-V02D,CXS32A-BA025-20K,〇,3,700,15:40,15:58,18,1,8.934,8.93,0.03,1080.00
2026-03-17,CXS32S3-V02D,CXS32A-BA025-20K,〇,3,300,15:40,15:45,5,,,,,
2026-03-17,CP9640T-V03B,C9640ABAC959-30K,●,3,700,15:58,16:30,32,58,4.188,54.44,0.1,147.69
2026-03-17,CP9640T-V03B,C9640ABAC959-30K,●,3,300,15:58,16:03,5,,,,,
2026-03-16,CXS10S3-V02D,CXS10A-R6001-20K,〇,1,700,08:00,08:15,15,1,2.24,2.24,0.01,900.00
2026-03-16,CXS10S3-V02D,CXS10A-R6001-20K,〇,1,300,08:00,08:06,6,,,,,
2026-03-16,CXS06S3-V03D,CXS06A-R6000-20K,〇,1,700,08:15,08:40,25,1,1.652,1.65,0,1500.00
2026-03-16,CXS06S3-V03D,CXS06A-R6000-20K,〇,1,300,08:15,08:20,5,,,,,
2026-03-16,LEY63B-V01B,LEY63-1D-30,●,2,700,08:34,09:40,66,58,17.472,174.72,0.16,396.00
2026-03-16,LEY63B-V01B,LEY63-1D-30,●,2,300,08:34,08:40,6,,,,,
2026-03-16,CG50R3-V01D,C3G50K02-AG005,●,1,700,08:40,09:50,70,80,19.431,194.31,0.17,420.00
2026-03-16,CG50R3-V01D,C3G50K02-AG005,●,1,300,08:40,08:46,6,,,,,
2026-03-16,CQ63T3-V01C-ZZZ,C2Q63A-AD141A30K,◎,2,700,09:40,10:10,30,39,14.947,194.31,0.39,138.46
2026-03-16,CQ63T3-V01C-ZZZ,C2Q63A-AD141A30K,◎,2,300,09:40,09:45,5,,,,,
2026-03-16,CG40R-V01D,CG-040K02-35903A,●,1,700,09:50,11:29,99,233,8.452,101.42,0.06,495.00
2026-03-16,CG40R-V01D,CG-040K02-35903A,●,1,300,09:50,09:58,8,,,,,
2026-03-16,CM32AS-V02D,C2M032K03-68716B,●,1,700,11:29,12:48,79,286,8.466,110.06,0.08,364.62
2026-03-16,CM32AS-V02D,C2M032K03-68716B,●,1,300,11:29,11:35,6,,,,,
2026-03-16,CSA6S-V01D,C1SA6E-AA750-15K,●,1,700,12:48,13:06,18,114,1.35,24.3,0.08,60.00
2026-03-16,CSA6S-V01D,C1SA6E-AA750-15K,●,1,300,12:48,12:52,4,,,,,
2026-03-16,CRQ15B-V02C,P4730002-D,●,1,700,13:06,14:41,95,215,4.356,47.92,0.03,518.18
2026-03-16,CRQ15B-V02C,P4730002-D,●,1,300,13:06,13:13,7,,,,,
2026-03-16,CP9640T4-V02D,C9640ABAZ034-30K,〇,3,700,13:28,13:45,17,1,7.377,7.38,0.03,1020.00
2026-03-16,CP9640T4-V02D,C9640ABAZ034-30K,〇,3,300,13:28,13:33,5,,,,,
2026-03-16,CP9640T-V02B,C9640ABAC959-30K,〇,3,700,13:45,14:16,31,1,4.188,4.19,0.01,1860.00
2026-03-16,CP9640T-V02B,C9640ABAC959-30K,〇,3,300,13:45,13:50,5,,,,,
2026-03-16,CYR25SR-V01D,CYR25E-AX664-30K,〇,3,700,14:16,14:35,19,1,2.07,2.07,0.01,1140.00
2026-03-16,CYR25SR-V01D,CYR25E-AX664-30K,〇,3,300,14:16,14:21,5,,,,,
2026-03-16,CA25T-V02C,S370A63T31X25X30,●,3,700,14:40,16:06,86,267,2.106,25.27,0.02,430.00
2026-03-16,CA25T-V02C,S370A63T31X25X30,●,3,300,14:40,14:46,6,,,,,
2026-03-16,MXS25TB-V02D,P3800602-M-2,●,1,700,14:41,16:30,109,272,8.44,101.28,0.06,545.00
2026-03-16,MXS25TB-V02D,P3800602-M-2,●,1,300,14:41,14:49,8,,,,,
2026-03-13,XLA16B2-V02B,XLA16-1B-S,〇,1,700,08:00,08:22,22,1,9.7,9.7,0.03,1320.00
2026-03-13,XLA16B2-V02B,XLA16-1B-S,〇,1,300,08:00,08:08,8,,,,,
2026-03-13,PS63-V03D,S500A61T63X14X20,●,1,700,08:22,10:29,127,109,16.092,144.83,0.07,846.67
2026-03-13,PS63-V03D,S500A61T63X14X20,●,1,300,08:22,08:29,7,,,,,
2026-03-13,MSQ50B5-V02D,P8910402-D,〇,2,700,08:35,08:54,19,27,13.735,178.55,0.56,87.69
2026-03-13,MSQ50B5-V02D,P8910402-D,〇,2,300,08:35,08:40,5,,,,,
2026-03-13,MLU50LB-V01E,MLU50-27-Z0414-K,〇,2,700,08:54,09:17,23,1,20.8,20.8,0.05,1380.00
2026-03-13,MLU50LB-V01E,MLU50-27-Z0414-K,〇,2,300,08:54,09:01,7,,,,,
2026-03-13,MGPM40B2-V01D,MGP40A-AC896-30K,●,2,700,09:17,10:15,58,69,29.04,377.52,0.39,267.69
2026-03-13,MGPM40B2-V01D,MGP40A-AC896-30K,●,2,300,09:17,09:21,4,,,,,
2026-03-13,CG25H2-V01D,C1G25K02-AM406,●,1,700,10:29,12:02,93,168,6.426,51.41,0.03,697.50
2026-03-13,CG25H2-V01D,C1G25K02-AM406,●,1,300,10:29,10:35,6,,,,,
2026-03-13,CJ16C-V01D,C2J16L-AH081-30K,●,1,700,12:02,12:59,57,310,2.375,26.12,0.03,310.91
2026-03-13,CJ16C-V01D,C2J16L-AH081-30K,●,1,300,12:02,12:10,8,,,,,
2026-03-13,CP9663T-V01B,C9663ABAC961-30K,●,1,700,12:59,14:07,68,97,7.582,98.56,0.09,313.85
2026-03-13,CP9663T-V01B,C9663ABAC961-30K,●,1,300,12:59,13:06,7,,,,,
2026-03-13,CA32T-V01C,S370A63T38X32X30,●,3,700,13:30,14:38,68,237,2.631,31.57,0.03,340.00
2026-03-13,CA32T-V01C,S370A63T38X32X30,●,3,300,13:30,13:36,6,,,,,
2026-03-13,CRQ15B-V01D,P4730002-D,●,1,700,14:07,16:00,113,263,4.356,47.92,0.03,616.36
2026-03-13,CRQ15B-V01D,P4730002-D,●,1,300,14:07,14:13,6,,,,,
2026-03-13,CYV32K-V01D-ZZZ-DUN,CYV32C-R5503A30K,〇,3,700,14:38,15:08,30,1,18.425,18.43,0.04,1800.00
2026-03-13,CYV32K-V01D-ZZZ-DUN,CYV32C-R5503A30K,〇,3,300,14:38,14:44,6,,,,,
2026-03-13,CQ50G-V01D,C2Q50G-F2256-30K,〇,3,700,15:08,15:44,36,1,17.526,17.53,0.03,2160.00
2026-03-13,CQ50G-V01D,C2Q50G-F2256-30K,〇,3,300,15:08,15:15,7,,,,,
2026-03-13,LEY63B-V02B,LEY63-1D-30,◎,2,700,15:35,16:30,55,46,17.472,174.72,0.19,330.00
2026-03-13,LEY63B-V02B,LEY63-1D-30,◎,2,300,15:35,15:41,6,,,,,
2026-03-13,MSQ10B2-V05D,P6260101-D,◎,3,700,15:44,16:06,22,50,6.667,106.67,0.29,82.50
2026-03-13,MSQ10B2-V05D,P6260101-D,◎,3,300,15:44,15:49,5,,,,,
2026-03-12,CQ40G-V01C,C2Q40G-P1285-30K,●,1,700,08:00,09:44,104,162,11.49,103.41,0.06,693.33
2026-03-12,CQ40G-V01C,C2Q40G-P1285-30K,●,1,300,08:00,08:05,5,,,,,
2026-03-12,CP9650H-V01D,C9650LCAZ035-30K,◎,2,700,08:30,08:59,29,11,30.483,152.42,0.32,348.00
2026-03-12,CP9650H-V01D,C9650LCAZ035-30K,◎,2,300,08:30,08:36,6,,,,,
2026-03-12,CY1S40PA-V01D,CYS40JAAJ030A-20K,〇,2,700,08:59,09:23,24,1,14.786,14.79,0.04,1440.00
2026-03-12,CY1S40PA-V01D,CYS40JAAJ030A-20K,〇,2,300,08:59,09:05,6,,,,,
2026-03-12,CQ63T3-V04C,C2Q63A-AD141A20K,〇,2,700,09:23,09:50,27,1,9.965,9.96,0.02,1620.00
2026-03-12,CQ63T3-V04C,C2Q63A-AD141A20K,〇,2,300,09:23,09:29,6,,,,,
2026-03-12,CG25R3-V01D,C3G25K02-AG002,●,1,700,09:44,11:12,88,179,5.655,50.89,0.03,586.67
2026-03-12,CG25R3-V01D,C3G25K02-AG002,●,1,300,09:44,09:50,6,,,,,
2026-03-12,MGPM32B2-V01D,MGP32A-AC895-30K,◎,2,700,10:10,11:32,82,103,24.45,171.15,0.13,702.86
2026-03-12,MGPM32B2-V01D,MGP32A-AC895-30K,◎,2,300,10:10,10:16,6,,,,,
2026-03-12,MSQ30B2-V01S,P6260301-D,◎,1,700,11:12,12:06,54,79,10.743,204.12,0.23,170.53
2026-03-12,MSQ30B2-V01S,P6260301-D,◎,1,300,11:12,11:20,8,,,,,
2026-03-12,MXS25TB-V01D,P3800602-M-2,●,1,700,12:06,13:01,55,181,8.44,101.28,0.11,275.00
2026-03-12,MXS25TB-V01D,P3800602-M-2,●,1,300,12:06,12:12,6,,,,,
2026-03-12,MXS16B-V03D,P3800401B-M,●,1,700,13:01,14:41,100,307,5.2,109.2,0.07,285.71
2026-03-12,MXS16B-V03D,P3800401B-M,●,1,300,13:01,13:06,5,,,,,
2026-03-12,CA25T-V01C,S370A63T31X25X30,●,3,700,13:30,14:35,65,164,2.106,29.48,0.03,278.57
2026-03-12,CA25T-V01C,S370A63T31X25X30,●,3,300,13:30,13:35,5,,,,,
2026-03-12,CA25T-V03C,S370A63T31X25X30,◎,3,700,14:35,15:08,33,104,2.106,29.48,0.05,141.43
2026-03-12,CA25T-V03C,S370A63T31X25X30,◎,3,300,14:35,14:40,5,,,,,
2026-03-12,CXS06S3-V03D,CXS06A-R6000-20K,◎,1,700,14:41,15:27,46,190,1.652,24.78,0.03,184.00
2026-03-12,CXS06S3-V03D,CXS06A-R6000-20K,◎,1,300,14:41,14:46,5,,,,,
2026-03-12,MXQ06B-V03D,P3802301B-M,〇,3,700,15:08,15:30,22,1,1.4,1.4,0,1320.00
2026-03-12,MXQ06B-V03D,P3802301B-M,〇,3,300,15:08,15:14,6,,,,,
2026-03-12,MXQ08B-V03D,P3802401B-M,〇,3,700,15:30,15:45,15,1,1.86,1.86,0.01,900.00
2026-03-12,MXQ08B-V03D,P3802401B-M,〇,3,300,15:30,15:37,7,,,,,
2026-03-12,VV14M1-V02D-ZZZ,DXT199-20-23-30,●,1,700,15:37,16:12,35,74,7.74,108.36,0.19,150.00
2026-03-12,VV14M1-V02D-ZZZ,DXT199-20-23-30,●,1,300,15:37,15:42,5,,,,,
2026-03-12,MXQ12B-V03D,P3802501B-M,〇,3,700,15:45,16:00,15,1,2.72,2.72,0.01,900.00
2026-03-12,MXQ12B-V03D,P3802501B-M,〇,3,300,15:45,15:50,5,,,,,
2026-03-12,CXS15S3-V03D,CXS15A-BA022-20K,〇,3,700,16:00,16:13,13,1,3.224,3.22,0.01,780.00
2026-03-12,CXS15S3-V03D,CXS15A-BA022-20K,〇,3,300,16:00,16:05,5,,,,,
2026-03-12,CYV32K-V02D,CYV32C-R5503A20K,〇,3,700,16:13,16:24,11,1,12.283,12.28,0.07,660.00
2026-03-12,CYV32K-V02D,CYV32C-R5503A20K,〇,3,300,16:13,16:18,5,,,,,
2026-03-12,CU25B2-V01D,CU-025K27-57159A,〇,3,700,16:24,16:30,6,1,8.2,8.2,0.08,360.00
2026-03-12,CU25B2-V01D,CU-025K27-57159A,〇,3,300,16:24,16:26,2,,,,,
2026-03-11,CQ32G-V01C,C2Q32G-P1284-30K,●,1,700,07:55,09:35,100,270,7.572,113.58,0.07,400.00
2026-03-11,CQ32G-V01C,C2Q32G-P1284-30K,●,1,300,07:55,08:03,8,,,,,
2026-03-11,MHZ16B2-V01E,P4811251-MH1,●,3,700,08:30,11:30,180,354,2.2,24.2,0.01,981.82
2026-03-11,MHZ16B2-V01E,P4811251-MH1,●,3,300,08:30,08:37,7,,,,,
2026-03-11,CM40AH-V01D,C2M040K02-68717B,●,1,700,09:35,11:46,131,189,11.79,106.11,0.05,873.33
2026-03-11,CM40AH-V01D,C2M040K02-68717B,●,1,300,09:35,09:42,7,,,,,
2026-03-11,MHZ16B2-V01E,P4811251-MH1,●,3,708,10:41,10:48,7,,,,,
2026-03-11,CA80T-V01C,S370A63T89X80X30,●,1,700,11:46,13:15,89,167,9.549,105.04,0.07,485.45
2026-03-11,CA80T-V01C,S370A63T89X80X30,●,1,300,11:46,11:51,5,,,,,
2026-03-11,VV13M1-V01D-ZZZ,DXT192-11-44-30,●,1,700,13:15,14:42,87,293,4.2,54.6,0.04,401.54
2026-03-11,VV13M1-V01D-ZZZ,DXT192-11-44-30,●,1,300,13:15,13:22,7,,,,,
2026-03-11,MSQ30B5-V02D,P8910302-D,〇,3,700,13:22,13:45,23,1,10.302,10.3,0.03,1380.00
2026-03-11,MSQ30B5-V02D,P8910302-D,〇,3,300,13:22,13:28,6,,,,,
2026-03-11,CXS32S3-V02D,CXS32A-BA025-20K,〇,3,700,13:45,14:07,22,1,8.934,8.93,0.02,1320.00
2026-03-11,CXS32S3-V02D,CXS32A-BA025-20K,〇,3,300,13:45,13:51,6,,,,,
2026-03-11,CP9640T-V02B,C9640ABAC959-30K,〇,3,700,14:07,14:45,38,1,4.188,4.19,0.01,2280.00
2026-03-11,CP9640T-V02B,C9640ABAC959-30K,〇,3,300,14:07,14:11,4,,,,,
2026-03-11,CQ25T3-V03B-ZZZ,C2Q25A-AD137A30K,●,1,700,14:42,15:35,53,87,6.475,45.33,0.05,454.29
2026-03-11,CQ25T3-V03B-ZZZ,C2Q25A-AD137A30K,●,1,300,14:42,14:46,4,,,,,
2026-03-11,CP9632T4-V02D,C9632ABAZ033-30K,◎,3,700,14:45,15:15,30,26,6.06,48.48,0.1,225.00
2026-03-11,CP9632T4-V02D,C9632ABAZ033-30K,◎,3,300,14:45,14:52,7,,,,,
2026-03-11,CQ63T3-V01C-ZZZ,C2Q63A-AD141A30K,〇,2,700,15:14,15:28,14,1,14.947,14.95,0.06,840.00
2026-03-11,CQ63T3-V01C-ZZZ,C2Q63A-AD141A30K,〇,2,300,15:14,15:19,5,,,,,
2026-03-11,MSQ10B2-V05D,P6260101-D,〇,3,700,15:15,15:30,15,1,6.667,6.67,0.03,900.00
2026-03-11,MSQ10B2-V05D,P6260101-D,〇,3,300,15:15,15:21,6,,,,,
2026-03-11,CQ63T3-V03C,C2Q63A-AD141A20K,〇,2,700,15:28,15:40,12,1,9.965,9.96,0.05,720.00
2026-03-11,CQ63T3-V03C,C2Q63A-AD141A20K,〇,2,300,15:28,15:36,8,,,,,
2026-03-11,CYR25SR-V01D,CYR25E-AX664-30K,〇,3,700,15:30,15:53,23,1,2.07,2.07,0.01,1380.00
2026-03-11,CYR25SR-V01D,CYR25E-AX664-30K,〇,3,300,15:30,15:35,5,,,,,
2026-03-11,CQ25T3-V02B-ZZZ,C2Q25A-AD137A30K,●,1,700,15:35,16:30,55,63,6.475,45.33,0.05,471.43
2026-03-11,CQ25T3-V02B-ZZZ,C2Q25A-AD137A30K,●,1,300,15:35,15:41,6,,,,,
2026-03-10,XLA16B2-V02B,XLA16-1B-S,〇,1,700,07:55,08:20,25,1,9.7,9.7,0.02,1500.00
2026-03-10,XLA16B2-V02B,XLA16-1B-S,〇,1,300,07:55,08:02,7,,,,,
2026-03-10,CQS16R-V01E,CQS16-02-J4467-K,◎,1,700,08:20,09:01,41,89,3.854,53.96,0.08,175.71
2026-03-10,CQS16R-V01E,CQS16-02-J4467-K,◎,1,300,08:20,08:27,7,,,,,
2026-03-10,CP9663T-V03B,C9663ABAC961-30K,●,1,700,09:11,11:22,131,195,7.582,98.56,0.05,604.62
2026-03-10,CP9663T-V03B,C9663ABAC961-30K,●,1,300,09:11,09:18,7,,,,,
2026-03-10,CG40R3-V01D,C3G40K02-AG004,●,1,700,11:22,12:26,64,88,12.939,103.51,0.1,480.00
2026-03-10,CG40R3-V01D,C3G40K02-AG004,●,1,300,11:22,11:28,6,,,,,
2026-03-10,CXS15S3-V02D,CXS15A-BA022-20K,◎,1,700,12:26,13:28,62,118,3.224,51.58,0.05,232.50
2026-03-10,CXS15S3-V02D,CXS15A-BA022-20K,◎,1,300,12:26,12:32,6,,,,,
2026-03-10,CA50T-V01C,S370A63T58X50X30,●,3,700,13:25,14:40,75,149,5.433,76.06,0.06,321.43
2026-03-10,CA50T-V01C,S370A63T58X50X30,●,3,300,13:25,13:31,6,,,,,
2026-03-10,MSQ50B2-V04D,P6260401-D,●,1,700,13:28,14:36,68,98,13.723,192.12,0.17,291.43
2026-03-10,MSQ50B2-V04D,P6260401-D,●,1,300,13:28,13:35,7,,,,,
2026-03-10,CQS12T-V01D,CQS12-04-F6462-K,●,1,700,14:36,14:57,21,59,2.83,53.77,0.15,66.32
2026-03-10,CQS12T-V01D,CQS12-04-F6462-K,●,1,300,14:36,14:43,7,,,,,
2026-03-10,CA50T-V03C,S370A63T58X50X30,●,3,700,14:40,15:25,45,59,5.433,76.06,0.1,192.86
2026-03-10,CA50T-V03C,S370A63T58X50X30,●,3,300,14:40,14:45,5,,,,,
2026-03-10,VV14M1-V01D-ZZZ,DXT199-20-23-30,●,1,700,14:57,16:30,93,164,7.74,108.36,0.07,398.57
2026-03-10,VV14M1-V01D-ZZZ,DXT199-20-23-30,●,1,300,14:57,15:05,8,,,,,
2026-03-10,CA32T-V02C,S370A63T38X32X30,●,3,700,15:25,16:30,65,179,2.631,36.83,0.03,278.57
2026-03-10,CA32T-V02C,S370A63T38X32X30,●,3,300,15:25,15:30,5,,,,,
2026-03-09,CP9663T-V01B,C9663ABAC961-30K,●,1,700,08:03,10:53,170,195,7.582,98.56,0.03,784.62
2026-03-09,CP9663T-V01B,C9663ABAC961-30K,●,1,300,08:03,08:08,5,,,,,
2026-03-09,CP9663H-V01D,C9663LCAZ036-30K,◎,2,700,08:50,09:14,24,11,42.3,465.3,1.16,130.91
2026-03-09,CP9663H-V01D,C9663LCAZ036-30K,◎,2,300,08:50,08:55,5,,,,,
2026-03-09,CP96A0H-V01D,C96A0LCAZ038-30K,◎,2,700,09:14,10:00,46,9,102.168,919.51,1.2,306.67
2026-03-09,CP96A0H-V01D,C96A0LCAZ038-30K,◎,2,300,09:14,09:19,5,,,,,
2026-03-09,CP96A2H-V01D,C96A2LCAZ039-30K,〇,2,700,10:00,11:10,70,7,154.863,464.59,0.4,1400.00
2026-03-09,CP96A2H-V01D,C96A2LCAZ039-30K,〇,2,300,10:00,10:05,5,,,,,
2026-03-09,CP96A0T-V01B,C96A0ABAC963A30K,〇,2,700,11:10,11:26,16,1,15.123,15.12,0.06,960.00
2026-03-09,CP96A0T-V01B,C96A0ABAC963A30K,〇,2,300,11:10,11:15,5,,,,,
2026-03-09,XLS25B-V01B,XLS25-1-1B,◎,1,700,11:20,12:07,47,18,15.622,281.2,0.36,156.67
2026-03-09,XLS25B-V01B,XLS25-1-1B,◎,1,300,11:20,11:25,5,,,,,
2026-03-09,CP96A2T-V01B,C96A2ABAC964A30K,〇,2,700,11:26,11:47,21,1,23.157,23.16,0.07,1260.00
2026-03-09,CP96A2T-V01B,C96A2ABAC964A30K,〇,2,300,11:26,11:32,6,,,,,
2026-03-09,MGPLA0B2-V01D,MGPA0A-AC910-20K,◎,2,700,11:47,12:35,48,23,53.978,377.85,0.47,411.43
2026-03-09,MGPLA0B2-V01D,MGPA0A-AC910-20K,◎,2,300,11:47,11:55,8,,,,,
2026-03-09,XLA16B2-V02B,XLA16-1B-S,〇,1,700,12:15,12:30,15,1,9.7,9.7,0.04,900.00
2026-03-09,XLA16B2-V02B,XLA16-1B-S,〇,1,300,12:15,12:21,6,,,,,
2026-03-09,XLA25B2-V04B,XLA25-1B-S,〇,1,700,12:33,12:55,22,1,14.56,14.56,0.04,1320.00
2026-03-09,XLA25B2-V04B,XLA25-1B-S,〇,1,300,12:33,12:38,5,,,,,
2026-03-09,VV13M1-V01D-ZZZ,DXT192-11-44-30,●,1,700,12:55,14:01,66,292,4.2,50.4,0.05,330.00
2026-03-09,VV13M1-V01D-ZZZ,DXT192-11-44-30,●,1,300,12:55,12:58,3,,,,,
2026-03-09,CA25T-V01C,S370A63T31X25X30,●,3,700,13:40,15:22,102,266,2.106,23.16,0.01,556.36
2026-03-09,CA25T-V01C,S370A63T31X25X30,●,3,300,13:40,13:45,5,,,,,
2026-03-09,XT790C-V01E,P79001005-M,●,1,700,14:01,14:46,45,334,1.08,11.88,0.02,245.45
2026-03-09,XT790C-V01E,P79001005-M,●,1,300,14:01,14:06,5,,,,,
2026-03-09,MGPL16B2-V02D,MGP16A-AC902-30K,●,1,700,14:46,16:30,104,155,9.12,109.44,0.06,520.00
2026-03-09,MGPL16B2-V02D,MGP16A-AC902-30K,●,1,300,14:46,14:51,5,,,,,
2026-03-09,CA50T-V03C,S370A63T58X50X30,●,3,700,15:22,16:30,68,143,5.433,70.63,0.06,313.85
2026-03-09,CA50T-V03C,S370A63T58X50X30,●,3,300,15:22,15:27,5,,,,,
2026-03-06,CA63T-V02C,S370A63T72X63X30,●,1,700,09:22,10:08,46,74,7.641,106.98,0.14,197.14
2026-03-06,CA63T-V02C,S370A63T72X63X30,●,1,300,09:22,09:30,8,,,,,
2026-03-06,CP9640H-V01D,C9640LCAZ034-30K,◎,2,700,09:45,10:06,21,12,21,252,0.72,105.00
2026-03-06,CP9640H-V01D,C9640LCAZ034-30K,◎,2,300,09:45,09:50,5,,,,,
2026-03-06,CP9680T-V01B,C9680ABAC962A30K,◎,2,700,10:06,11:32,86,138,11.412,136.94,0.1,430.00
2026-03-06,CP9680T-V01B,C9680ABAC962A30K,◎,2,300,10:06,10:11,5,,,,,
2026-03-06,CA80T-V02C,S370A63T89X80X30,〇,1,700,10:08,10:40,32,1,9.549,9.55,0.02,1920.00
2026-03-06,CA80T-V02C,S370A63T89X80X30,〇,1,300,10:08,10:15,7,,,,,
2026-03-06,CA80T-V01C,S370A63T89X80X30,●,1,700,10:40,11:50,70,119,9.549,105.04,0.09,381.82
2026-03-06,CA80T-V01C,S370A63T89X80X30,●,1,300,10:40,10:46,6,,,,,
2026-03-06,CP96A2T4-V01D,C96A2ABAZ039-30K,〇,2,700,11:32,11:47,15,1,32.331,32.33,0.13,900.00
2026-03-06,CP96A2T4-V01D,C96A2ABAZ039-30K,〇,2,300,11:32,11:37,5,,,,,
2026-03-06,CXS20S2-V01E,CXS20A-AS989-20K,●,1,700,11:50,16:00,250,152,4.8,43.2,0.01,1666.67
2026-03-06,CXS20S2-V01E,CXS20A-AS989-20K,●,1,300,11:50,11:56,6,,,,,
2026-03-06,MXS08B-V03D,P3800201B-M,●,1,700,13:07,14:20,73,258,2,24,0.02,365.00
2026-03-06,MXS08B-V03D,P3800201B-M,●,1,300,13:07,13:13,6,,,,,
2026-03-06,CP9632SG-V01D,C9632LAAZ033-30K,◎,3,700,13:50,14:15,25,18,5.7,51.3,0.12,166.67
2026-03-06,CP9632SG-V01D,C9632LAAZ033-30K,◎,3,300,13:50,13:55,5,,,,,
2026-03-06,CA25T-V02C,S370A63T31X25X30,●,3,700,14:15,15:45,90,248,2.106,27.37,0.02,415.38
2026-03-06,CA25T-V02C,S370A63T31X25X30,●,3,300,14:15,14:20,5,,,,,
2026-03-06,MGPL25B2-V01D,MGP25A-AC904-30K,●,1,700,14:20,15:56,96,139,16.53,214.89,0.13,443.08
2026-03-06,MGPL25B2-V01D,MGP25A-AC904-30K,●,1,300,14:20,14:27,7,,,,,
2026-03-06,MHZ16B2-V01E,P4811251-MH1,●,3,700,15:45,16:27,42,93,2.2,22,0.03,252.00
2026-03-06,MHZ16B2-V01E,P4811251-MH1,●,3,300,15:45,15:50,5,,,,,
2026-03-05,CP9663T-V03B,C9663ABAC961-30K,●,3,700,08:25,09:15,50,64,7.582,90.98,0.11,250.00
2026-03-05,CP9663T-V03B,C9663ABAC961-30K,●,3,300,08:25,08:31,6,,,,,
2026-03-05,CP9680H-V01D,C9680LCAZ037-30K,◎,2,700,08:35,09:00,25,8,70.791,566.33,1.36,187.50
2026-03-05,CP9680H-V01D,C9680LCAZ037-30K,◎,2,300,08:35,08:41,6,,,,,
2026-03-05,XLA80B2-V01D,XLA80-1B,◎,2,700,09:00,09:28,28,14,61.3,858.2,1.84,120.00
2026-03-05,XLA80B2-V01D,XLA80-1B,◎,2,300,09:00,09:06,6,,,,,
2026-03-05,MSQB0C-V01D,P3910018,◎,2,700,09:28,10:00,32,29,45.265,633.71,1.19,137.14
2026-03-05,MSQB0C-V01D,P3910018,◎,2,300,09:28,09:34,6,,,,,
2026-03-05,CA80T-V01C,S370A63T89X80X30,●,1,700,10:00,11:09,69,119,9.549,95.49,0.08,414.00
2026-03-05,CA80T-V01C,S370A63T89X80X30,●,1,300,10:00,10:08,8,,,,,
2026-03-05,CXS15S3-V02D,CXS15A-BA022-20K,〇,1,700,11:09,11:26,17,1,3.224,3.22,0.01,1020.00
2026-03-05,CXS15S3-V02D,CXS15A-BA022-20K,〇,1,300,11:09,11:16,7,,,,,
2026-03-05,CG32R3-V01D,C3G32K02-AG003,●,1,700,11:26,13:03,97,139,8.472,110.14,0.07,447.69
2026-03-05,CG32R3-V01D,C3G32K02-AG003,●,1,300,11:26,11:33,7,,,,,
2026-03-05,CJ06C2-V01D,C2J06LAAH080-30K,●,1,700,13:03,14:39,96,478,1.068,12.82,0.01,480.00
2026-03-05,CJ06C2-V01D,C2J06LAAH080-30K,●,1,300,13:03,13:08,5,,,,,
2026-03-05,CA32T-V01C,S370A63T38X32X30,◎,3,700,13:45,14:35,50,69,2.631,34.2,0.04,230.77
2026-03-05,CA32T-V01C,S370A63T38X32X30,◎,3,300,13:45,13:50,5,,,,,
2026-03-05,CXS16S2-V01D,CXS16A-AS988-20K,●,1,700,14:26,15:05,39,97,3.74,48.62,0.07,180.00
2026-03-05,CXS16S2-V01D,CXS16A-AS988-20K,●,1,300,14:26,14:31,5,,,,,
2026-03-05,CA32T-V02C,S370A63T38X32X30,●,3,700,14:35,15:20,45,164,2.631,36.83,0.05,192.86
2026-03-05,CA32T-V02C,S370A63T38X32X30,●,3,300,14:35,14:39,4,,,,,
2026-03-05,MXQ16B-V02D,P3802601B-M,●,1,700,15:05,16:00,55,131,4.3,47.3,0.05,300.00
2026-03-05,MXQ16B-V02D,P3802601B-M,●,1,300,15:05,15:12,7,,,,,
2026-03-05,MSQ30B5-V02D,P8910302-D,〇,3,700,15:20,15:36,16,1,10.302,10.3,0.04,960.00
2026-03-05,MSQ30B5-V02D,P8910302-D,〇,3,300,15:20,15:25,5,,,,,
2026-03-05,CYV32K-V01D-ZZZ-DUN,CYV32C-R5503A30K,〇,3,700,15:36,15:56,20,1,18.425,18.43,0.06,1200.00
2026-03-05,CYV32K-V01D-ZZZ-DUN,CYV32C-R5503A30K,〇,3,300,15:36,15:41,5,,,,,
2026-03-05,CP9632T4-V01D,C9632ABAZ033-30K,◎,3,700,15:56,16:19,23,20,6.06,36.36,0.09,230.00
2026-03-05,CP9632T4-V01D,C9632ABAZ033-30K,◎,3,300,15:56,16:00,4,,,,,
2026-03-05,CQ25T-V01D,C2Q025K04-49999,◎,1,700,16:00,16:30,30,82,4.056,48.67,0.1,150.00
2026-03-05,CQ25T-V01D,C2Q025K04-49999,◎,1,300,16:00,16:06,6,,,,,
2026-03-04,CQ50G-V01C,C2Q50G-F2256-30K,●,1,700,08:07,09:38,91,131,17.526,192.79,0.13,496.36
2026-03-04,CQ50G-V01C,C2Q50G-F2256-30K,●,1,300,08:07,08:11,4,,,,,
2026-03-04,CP9650T-V03B,C9650ABAC960-30K,●,3,700,08:16,09:58,102,149,7.039,98.54,0.06,437.14
2026-03-04,CP9650T-V03B,C9650ABAC960-30K,●,3,300,08:16,08:21,5,,,,,
2026-03-04,CG20R3-V01D,C3G20K02-AG001,●,1,700,09:38,11:13,95,251,4.032,52.42,0.03,438.46
2026-03-04,CG20R3-V01D,C3G20K02-AG001,●,1,300,09:38,09:45,7,,,,,
2026-03-04,CP9640T-V02B,C9640ABAC959-30K,●,3,700,09:58,10:35,37,74,4.188,58.63,0.1,158.57
2026-03-04,CP9640T-V02B,C9640ABAC959-30K,●,3,300,09:58,10:03,5,,,,,
2026-03-04,CP9640T-V03B,C9640ABAC959-30K,●,3,700,10:35,11:40,65,134,4.188,58.63,0.05,278.57
2026-03-04,CP9640T-V03B,C9640ABAC959-30K,●,3,300,10:35,10:39,4,,,,,
2026-03-04,CXS06S3-V03D,CXS06A-R6000-20K,●,1,700,11:13,11:38,25,95,1.652,24.78,0.06,100.00
2026-03-04,CXS06S3-V03D,CXS06A-R6000-20K,●,1,300,11:13,11:18,5,,,,,
2026-03-04,CQS16R-V01E,CQS16-02-J4467-K,●,3,700,12:22,12:52,30,88,3.854,50.1,0.1,138.46
2026-03-04,CQS16R-V01E,CQS16-02-J4467-K,●,3,300,12:22,12:30,8,,,,,
2026-03-04,CA20T-V03C,S370A63T26X20X20,●,3,700,13:10,15:03,113,415,1.156,17.34,0.01,452.00
2026-03-04,CA20T-V03C,S370A63T26X20X20,●,3,300,13:10,13:16,6,,,,,
2026-03-04,XLA80B2-V02D,XLA80-1B,◎,2,700,14:50,15:38,48,30,61.3,858.2,1.07,205.71
2026-03-04,XLA80B2-V02D,XLA80-1B,◎,2,300,14:50,14:57,7,,,,,
2026-03-04,VV13M1-V01D-ZZZ,DXT192-11-44-30,◎,3,700,15:03,15:40,37,59,4.2,58.8,0.1,158.57
2026-03-04,VV13M1-V01D-ZZZ,DXT192-11-44-30,◎,3,300,15:03,15:07,4,,,,,
2026-03-04,CP9663T-V03B,C9663ABAC961-30K,●,3,700,15:40,16:30,50,94,7.582,98.56,0.12,230.77
2026-03-04,CP9663T-V03B,C9663ABAC961-30K,●,3,300,15:40,15:46,6,,,,,
2026-03-04,XLA40B2-V04B,XLA40-1B-S,〇,0,700,15:55,16:25,30,1,25.112,25.11,0.05,1800.00
2026-03-04,XLA40B2-V04B,XLA40-1B-S,〇,0,300,15:55,16:00,5,,,,,
2026-03-03,CP9663T-V02B,C9663ABAC961-30K,〇,1,700,07:54,08:23,29,1,7.582,7.58,0.02,1740.00
2026-03-03,CP9663T-V02B,C9663ABAC961-30K,〇,1,300,07:54,08:01,7,,,,,
2026-03-03,CP9640T-V03B,C9640ABAC959-30K,●,3,700,08:14,09:51,97,208,4.188,54.44,0.03,447.69
2026-03-03,CP9640T-V03B,C9640ABAC959-30K,●,3,300,08:14,08:19,5,,,,,
2026-03-03,CP9663T-V03B,C9663ABAC961-30K,〇,1,700,08:23,10:12,109,195,7.582,98.56,0.05,503.08
2026-03-03,CP9663T-V03B,C9663ABAC961-30K,〇,1,300,08:23,08:30,7,,,,,
2026-03-03,CA25T-V02C,S370A63T31X25X30,●,3,700,09:51,11:15,84,249,2.106,23.16,0.02,458.18
2026-03-03,CA25T-V02C,S370A63T31X25X30,●,3,300,09:51,09:56,5,,,,,
2026-03-03,CQ32G-V01C,C2Q32G-P1284-30K,●,1,700,10:13,10:59,46,104,7.572,106.01,0.14,197.14
2026-03-03,CQ32G-V01C,C2Q32G-P1284-30K,●,1,300,10:13,10:19,6,,,,,
2026-03-03,CA80T-V02C,S370A63T89X80X30,◎,1,700,11:38,12:42,64,119,9.549,95.49,0.09,384.00
2026-03-03,CA80T-V02C,S370A63T89X80X30,◎,1,300,11:38,11:43,5,,,,,
2026-03-03,XLS25B-V02B,XLS25-1-1B,◎,1,700,12:42,13:14,32,19,15.622,296.82,0.56,101.05
2026-03-03,XLS25B-V02B,XLS25-1-1B,◎,1,300,12:42,12:47,5,,,,,
2026-03-03,MB63TD-V01C,S409A63T68X63X30,〇,1,700,13:14,13:41,27,24,9.745,38.98,0.09,405.00
2026-03-03,MB63TD-V01C,S409A63T68X63X30,〇,1,300,13:14,13:20,6,,,,,
2026-03-03,CXS10S2-V02E,CXS10A-AS987-20K,●,1,700,13:41,14:44,63,179,3.04,51.68,0.05,222.35
2026-03-03,CXS10S2-V02E,CXS10A-AS987-20K,●,1,300,13:41,13:46,5,,,,,
2026-03-03,MSQ20BB2-V01D,P8910280-D,◎,3,700,13:45,14:20,35,32,9.4,94,0.16,210.00
2026-03-03,MSQ20BB2-V01D,P8910280-D,◎,3,300,13:45,13:52,7,,,,,
2026-03-03,CRQ30B-V03D,P4730004-D,◎,3,700,14:20,15:05,45,38,8.16,97.92,0.13,225.00
2026-03-03,CRQ30B-V03D,P4730004-D,◎,3,300,14:20,14:26,6,,,,,
2026-03-03,MSQ50B2-V04D,P6260401-D,◎,1,700,14:44,15:30,46,41,13.723,178.4,0.23,212.31
2026-03-03,MSQ50B2-V04D,P6260401-D,◎,1,300,14:44,14:51,7,,,,,
2026-03-03,CXS06P-V01D,CXS06J-A5157-20K,●,1,700,15:30,16:30,60,780,0.4,5.6,0.01,257.14
2026-03-03,CXS06P-V01D,CXS06J-A5157-20K,●,1,300,15:30,15:36,6,,,,,
2026-03-03,XLA40B2-V03B,XLA40-1B-S,〇,2,700,15:46,16:30,44,1,25.112,25.11,0.03,2640.00
2026-03-03,XLA40B2-V03B,XLA40-1B-S,〇,2,300,15:46,15:52,6,,,,,
2026-03-02,CA63T-V03C,S370A63T72X63X30,●,1,100,07:45,08:00,15,,,,,
2026-03-02,CA63T-V03C,S370A63T72X63X30,●,1,700,08:00,09:10,70,179,7.641,106.98,0.09,300.00
2026-03-02,CA63T-V03C,S370A63T72X63X30,●,1,300,08:00,08:06,6,,,,,
2026-03-02,CP9650T-V02B,C9650ABAC960-30K,●,3,700,08:50,10:33,103,139,7.039,91.51,0.05,475.38
2026-03-02,CP9650T-V02B,C9650ABAC960-30K,●,3,300,08:50,08:54,4,,,,,
2026-03-02,PS50B-V01D,S502A61T50X13X27,●,1,700,09:10,10:26,76,87,12.888,90.22,0.07,651.43
2026-03-02,PS50B-V01D,S502A61T50X13X27,●,1,300,09:10,09:16,6,,,,,
2026-03-02,CYR15AR-V01E,CYR15L-AX662-20K,◎,1,700,10:26,10:55,29,57,1.768,26.52,0.05,116.00
2026-03-02,CYR15AR-V01E,CYR15L-AX662-20K,◎,1,300,10:26,10:32,6,,,,,
2026-03-02,CA32T-V02C,S370A63T38X32X30,●,3,700,10:38,11:54,76,235,2.631,26.31,0.02,456.00
2026-03-02,CA32T-V02C,S370A63T38X32X30,●,3,300,10:38,10:40,2,,,,,
2026-03-02,CYR15AR-V01E,CYR15L-AX662-20K,◎,1,604,10:55,11:05,10,,,,,
2026-03-02,VV14M1-V02D-ZZZ,DXT199-20-23-30,●,1,700,11:05,13:15,130,223,7.74,108.36,0.05,557.14
2026-03-02,VV14M1-V02D-ZZZ,DXT199-20-23-30,●,1,300,11:05,11:12,7,,,,,
2026-03-02,CA32T-V02C,S370A63T38X32X30,●,3,708,11:38,11:43,5,,,,,
2026-03-02,CP9640T4-V02D,C9640ABAZ034-30K,〇,3,700,11:54,12:17,23,1,7.377,7.38,0.02,1380.00
2026-03-02,CP9640T4-V02D,C9640ABAZ034-30K,〇,3,300,11:54,12:00,6,,,,,
2026-03-02,XLA16B2-V02B,XLA16-1B-S,◎,1,700,13:15,13:43,28,43,9.7,97,0.21,168.00
2026-03-02,XLA16B2-V02B,XLA16-1B-S,◎,1,300,13:15,13:23,8,,,,,
2026-03-02,MGPLA0B2-V01D,MGPA0A-AC910-20K,〇,2,700,13:40,14:05,25,1,53.978,53.98,0.13,1500.00
2026-03-02,MGPLA0B2-V01D,MGPA0A-AC910-20K,〇,2,300,13:40,13:46,6,,,,,
2026-03-02,CYR10SR-V02D,CYR10E-AX661-30K,●,1,700,13:43,16:05,142,476,1.146,13.75,0.01,710.00
2026-03-02,CYR10SR-V02D,CYR10E-AX661-30K,●,1,300,13:43,13:51,8,,,,,
2026-03-02,MLU40LB-V01E,MLU40-27-Z0413-K,〇,2,700,14:05,14:24,19,1,14.2,14.2,0.04,1140.00
2026-03-02,MLU40LB-V01E,MLU40-27-Z0413-K,〇,2,300,14:05,14:10,5,,,,,
2026-03-02,MSQ70C-V02D,P3910016,〇,2,700,14:24,14:40,16,1,24.241,24.24,0.09,960.00
2026-03-02,MSQ70C-V02D,P3910016,〇,2,300,14:24,14:29,5,,,,,
2026-03-02,MSQB0C-V01D,P3910018,◎,2,601,14:40,15:02,22,,,,,
2026-03-02,MSQB0C-V01D,P3910018,◎,2,700,15:02,15:45,43,29,45.265,633.71,0.88,184.29
2026-03-02,MSQB0C-V01D,P3910018,◎,2,300,15:02,15:06,4,,,,,
2026-03-02,XLA25B2-V04B,XLA25-1B-S,〇,1,700,16:05,16:30,25,1,14.56,14.56,0.03,1500.00
2026-03-02,XLA25B2-V04B,XLA25-1B-S,〇,1,300,16:05,16:09,4,,,,,
2026-02-27,MB50T-V03C,S369A63T55X50X30,●,3,700,09:30,10:55,85,267,3.338,40.06,0.03,425.00
2026-02-27,MB50T-V03C,S369A63T55X50X30,●,3,300,09:30,09:36,6,,,,,
2026-02-27,CYR50SR-V01D,CYR50E-AX667-30K,〇,3,700,10:55,11:12,17,1,4.965,4.96,0.02,1020.00
2026-02-27,CYR50SR-V01D,CYR50E-AX667-30K,〇,3,300,10:55,11:00,5,,,,,
2026-02-27,CP9640T-V02B,C9640ABAC959-30K,●,1,700,12:15,13:55,100,181,4.188,50.25,0.03,500.00
2026-02-27,CP9640T-V02B,C9640ABAC959-30K,●,1,300,12:15,12:22,7,,,,,
2026-02-27,MXS16B-V03D,P3800401B-M,●,1,700,13:55,14:58,63,153,5.2,109.2,0.1,180.00
2026-02-27,MXS16B-V03D,P3800401B-M,●,1,300,13:55,14:01,6,,,,,
2026-02-27,CP9680T-V01B,C9680ABAC962A30K,〇,2,700,14:00,14:34,34,1,11.412,11.41,0.02,2040.00
2026-02-27,CP9680T-V01B,C9680ABAC962A30K,〇,2,300,14:00,14:06,6,,,,,
2026-02-27,MGPM50B2-V01D,MGP50A-AC897-20K,●,2,700,14:34,15:45,71,107,27.48,467.16,0.39,250.59
2026-02-27,MGPM50B2-V01D,MGP50A-AC897-20K,●,2,300,14:34,14:40,6,,,,,
2026-02-27,CXS20S2-V01E,CXS20A-AS989-20K,●,1,700,14:58,16:07,69,153,4.8,48,0.04,414.00
2026-02-27,CXS20S2-V01E,CXS20A-AS989-20K,●,1,300,14:58,15:04,6,,,,,
2026-02-27,VV13M1-V01D-ZZZ,DXT192-11-44-30,●,1,700,16:07,16:21,14,41,4.2,54.6,0.23,64.62
2026-02-27,VV13M1-V01D-ZZZ,DXT192-11-44-30,●,1,300,16:07,16:12,5,,,,,
2026-02-26,CXS16S2-V01D,CXS16A-AS988-20K,〇,1,700,08:16,08:27,11,1,3.74,3.74,0.02,660.00
2026-02-26,CXS16S2-V01D,CXS16A-AS988-20K,〇,1,300,08:16,08:21,5,,,,,
2026-02-26,PS50-V01D,S500A61T50X14X30,●,1,700,08:27,08:47,20,12,14.894,178.73,0.54,100.00
2026-02-26,PS50-V01D,S500A61T50X14X30,●,1,300,08:27,08:34,7,,,,,
2026-02-26,CYR32E2-V01E,CYR32J-AX665-20K,〇,2,700,08:30,08:42,12,1,15.874,15.87,0.08,720.00
2026-02-26,CYR32E2-V01E,CYR32J-AX665-20K,〇,2,300,08:30,08:35,5,,,,,
2026-02-26,CG50H2-V01E,C1G50K02-AM409,◎,2,700,08:42,09:54,72,83,21.834,240.17,0.2,392.73
2026-02-26,CG50H2-V01E,C1G50K02-AM409,◎,2,300,08:42,08:47,5,,,,,
2026-02-26,PS63-V03D,S500A61T63X14X20,●,1,700,08:47,10:08,81,83,16.092,177.01,0.13,441.82
2026-02-26,PS63-V03D,S500A61T63X14X20,●,1,300,08:47,08:53,6,,,,,
2026-02-26,CG63H2-V01E,C1G63K02-AM410,◎,2,700,09:54,11:00,66,63,33.582,235.07,0.21,565.71
2026-02-26,CG63H2-V01E,C1G63K02-AM410,◎,2,300,09:54,10:00,6,,,,,
2026-02-26,CM32AH-V01D,C2M032K02-68716B,●,1,700,10:08,10:53,45,119,7.638,106.93,0.14,192.86
2026-02-26,CM32AH-V01D,C2M032K02-68716B,●,1,300,10:08,10:15,7,,,,,
2026-02-26,CA50T-V02C,S370A63T58X50X30,◎,1,700,10:53,11:50,57,99,5.433,48.9,0.05,380.00
2026-02-26,CA50T-V02C,S370A63T58X50X30,◎,1,300,10:53,10:59,6,,,,,
2026-02-26,MSQ50B5-V01D,P8910402-D,◎,2,700,11:00,11:40,40,79,13.735,260.96,0.39,126.32
2026-02-26,MSQ50B5-V01D,P8910402-D,◎,2,300,11:00,11:05,5,,,,,
2026-02-26,MSQ30B2-V01S,P6260301-D,●,1,700,11:50,13:03,73,139,10.743,204.12,0.17,230.53
2026-02-26,MSQ30B2-V01S,P6260301-D,●,1,300,11:50,11:55,5,,,,,
2026-02-26,MB40T-V01C,S369A63T45X40X30,◎,1,700,13:03,14:21,78,158,2.702,27.02,0.02,468.00
2026-02-26,MB40T-V01C,S369A63T45X40X30,◎,1,300,13:03,13:10,7,,,,,
2026-02-26,MSQ50B5-V01D,P8910402-D,◎,2,700,13:35,14:25,50,119,13.735,260.96,0.31,157.89
2026-02-26,MSQ50B5-V01D,P8910402-D,◎,2,300,13:35,13:40,5,,,,,
2026-02-26,CYR06B-V01D,CYR06K-AX660-20K,●,1,700,14:21,15:09,48,286,1.062,12.74,0.02,240.00
2026-02-26,CYR06B-V01D,CYR06K-AX660-20K,●,1,300,14:21,14:27,6,,,,,
2026-02-26,VV14M1-V01D-ZZZ,DXT199-20-23-30,◎,1,700,15:09,15:55,46,44,7.74,108.36,0.14,197.14
2026-02-26,VV14M1-V01D-ZZZ,DXT199-20-23-30,◎,1,300,15:09,15:17,8,,,,,
2026-02-25,MK16RC-V01E,MK-16L-AF606-20K,●,1,700,08:28,09:11,43,350,1.248,26.21,0.04,122.86
2026-02-25,MK16RC-V01E,MK-16L-AF606-20K,●,1,300,08:28,08:32,4,,,,,
2026-02-25,CQ63G-V01C,C2Q63G-F2257-20K,●,1,700,09:11,10:06,55,49,18.186,72.74,0.08,825.00
2026-02-25,CQ63G-V01C,C2Q63G-F2257-20K,●,1,300,09:11,09:18,7,,,,,
2026-02-25,CM20AH-V01D,C2M020K02-68714B,●,1,700,10:06,11:25,79,274,4.008,52.1,0.04,364.62
2026-02-25,CM20AH-V01D,C2M020K02-68714B,●,1,300,10:06,10:11,5,,,,,
2026-02-25,MSQ50B2-V04D,P6260401-D,●,1,700,11:25,11:53,28,42,13.723,192.12,0.41,120.00
2026-02-25,MSQ50B2-V04D,P6260401-D,●,1,300,11:25,11:30,5,,,,,
2026-02-25,MXS12B-V02D,P3800301B-M,●,1,700,11:53,13:16,83,223,3.32,49.8,0.04,332.00
2026-02-25,MXS12B-V02D,P3800301B-M,●,1,300,11:53,11:57,4,,,,,
2026-02-25,CXS32P-V01E,CXS32J-28751-20K,●,1,700,13:16,13:53,37,168,3.084,46.26,0.08,148.00
2026-02-25,CXS32P-V01E,CXS32J-28751-20K,●,1,300,13:16,13:21,5,,,,,
2026-02-25,VV13M1-V01D-ZZZ,DXT192-11-44-30,●,1,700,13:53,15:08,75,237,4.2,54.6,0.04,346.15
2026-02-25,VV13M1-V01D-ZZZ,DXT192-11-44-30,●,1,300,13:53,13:58,5,,,,,
2026-02-25,XLA25B2-V04B,XLA25-1B-S,〇,1,700,15:08,16:20,72,55,14.56,189.28,0.16,332.31
2026-02-25,XLA25B2-V04B,XLA25-1B-S,〇,1,300,15:08,15:15,7,,,,,
2026-02-12,CQ16C-V01D,S501A61T19X08X30,●,1,100,07:45,08:00,15,,,,,
2026-02-12,CQ16C-V01D,S501A61T19X08X30,●,1,700,08:00,09:23,83,390,1.818,23.63,0.02,383.08
2026-02-12,CQ16C-V01D,S501A61T19X08X30,●,1,300,08:00,08:05,5,,,,,
2026-02-12,CG63R3-V01D,C3G63K02-AG006,●,1,700,09:23,10:03,40,26,31.164,249.31,0.37,300.00
2026-02-12,CG63R3-V01D,C3G63K02-AG006,●,1,300,09:23,09:28,5,,,,,
2026-02-12,CA50T-V01C,S370A63T58X50X30,●,1,700,10:03,10:55,52,98,5.433,43.46,0.05,390.00
2026-02-12,CA50T-V01C,S370A63T58X50X30,●,1,300,10:03,10:08,5,,,,,
2026-02-11,PS63-V03D,S500A61T63X14X20,◎,1,700,07:58,09:20,82,58,16.092,177.01,0.13,447.27
2026-02-11,PS63-V03D,S500A61T63X14X20,◎,1,300,07:58,08:04,6,,,,,
2026-02-11,PS50B-V01D,S502A61T50X13X27,●,1,700,09:20,10:55,95,112,12.888,103.1,0.07,712.50
2026-02-11,PS50B-V01D,S502A61T50X13X27,●,1,300,09:20,09:25,5,,,,,
2026-02-11,MSQ50B2-V04D,P6260401-D,●,1,700,10:55,11:48,53,69,13.723,178.4,0.2,244.62
2026-02-11,MSQ50B2-V04D,P6260401-D,●,1,300,10:55,11:00,5,,,,,
2026-02-11,CQ25T3-V02B-ZZZ,C2Q25A-AD137A30K,●,1,700,11:48,12:37,49,95,6.475,45.33,0.06,420.00
2026-02-11,CQ25T3-V02B-ZZZ,C2Q25A-AD137A30K,●,1,300,11:48,11:53,5,,,,,
2026-02-11,CQS25T-V01D,CQS25-04-F6467-K,●,1,700,12:54,13:43,49,94,4.6,46,0.06,294.00
2026-02-11,CQS25T-V01D,CQS25-04-F6467-K,●,1,300,12:54,13:02,8,,,,,
2026-02-11,CRQ15B-V01D,P4730002-D,●,1,700,13:43,14:20,37,83,4.356,47.92,0.08,201.82
2026-02-11,CRQ15B-V01D,P4730002-D,●,1,300,13:43,13:48,5,,,,,
2026-02-11,CQ40T3-V02B-ZZZ,C2Q40A-AD139A30K,●,1,700,14:20,15:46,86,209,8.325,108.23,0.08,396.92
2026-02-11,CQ40T3-V02B-ZZZ,C2Q40A-AD139A30K,●,1,300,14:20,14:25,5,,,,,
2026-02-11,CYR10B-V01D,CYR10K-AX661-20K,●,1,700,15:46,16:30,44,214,1.552,26.38,0.04,155.29
2026-02-11,CYR10B-V01D,CYR10K-AX661-20K,●,1,300,15:46,15:51,5,,,,,
2026-02-10,CP96A2T4-V01D,C96A2ABAZ039-30K,〇,0,100,07:45,08:00,15,,,,,
2026-02-10,PS50-V01D,S500A61T50X14X30,●,1,100,07:45,08:00,15,,,,,
2026-02-10,PS50-V01D,S500A61T50X14X30,●,1,700,08:00,09:55,115,99,14.894,208.52,0.11,492.86
2026-02-10,CP96A2T4-V01D,C96A2ABAZ039-30K,〇,0,301,08:00,09:00,60,,,,,
2026-02-10,PS50-V01D,S500A61T50X14X30,●,1,300,08:00,08:08,8,,,,,
2026-02-10,CP96A2T4-V01D,C96A2ABAZ039-30K,〇,0,700,09:00,09:20,20,1,32.331,32.33,0.1,1200.00
2026-02-10,CP96A2T4-V01D,C96A2ABAZ039-30K,〇,0,300,09:00,09:06,6,,,,,
2026-02-10,CP9663H-V01D,C9663LCAZ036-30K,〇,2,700,09:20,09:35,15,1,42.3,42.3,0.17,900.00
2026-02-10,CP9663H-V01D,C9663LCAZ036-30K,〇,2,300,09:20,09:25,5,,,,,
2026-02-10,MTS40R-V01E,MTS40-02-J3855-K,●,2,700,09:35,10:20,45,153,12.62,265.02,0.35,128.57
2026-02-10,MTS40R-V01E,MTS40-02-J3855-K,●,2,300,09:35,09:40,5,,,,,
2026-02-10,CM25AH-V01D,C2M025K02-68715B,●,1,700,09:55,11:03,68,187,6.009,42.06,0.04,582.86
2026-02-10,CM25AH-V01D,C2M025K02-68715B,●,1,300,09:55,10:02,7,,,,,
2026-02-10,MSQ50B5-V01D,P8910402-D,〇,2,700,10:20,10:43,23,1,13.735,13.73,0.04,1380.00
2026-02-10,MSQ50B5-V01D,P8910402-D,〇,2,300,10:20,10:25,5,,,,,
2026-02-10,CG50R3-V01D,C3G50K02-AG005,●,1,700,11:03,11:58,55,49,19.431,174.88,0.19,366.67
2026-02-10,CG50R3-V01D,C3G50K02-AG005,●,1,300,11:03,11:10,7,,,,,
2026-02-10,CQ20T-V01D,C2Q020K04-49998,●,1,700,11:58,13:10,72,264,3.914,46.97,0.04,360.00
2026-02-10,CQ20T-V01D,C2Q020K04-49998,●,1,300,11:58,12:03,5,,,,,
2026-02-10,CQS20T-V01D,CQS20-04-F6466-K,●,1,700,13:10,13:45,35,96,3.947,47.37,0.08,175.00
2026-02-10,CQS20T-V01D,CQS20-04-F6466-K,●,1,300,13:10,13:16,6,,,,,
2026-02-10,MHZ16B2-V01E,P4811251-MH1,●,3,700,13:43,14:23,40,71,2.2,24.2,0.04,218.18
2026-02-10,MHZ16B2-V01E,P4811251-MH1,●,3,300,13:43,13:48,5,,,,,
2026-02-10,CYR25B-V01D,CYR25K-AX664-20K,●,1,700,13:45,14:06,21,95,3.536,53.04,0.15,84.00
2026-02-10,CYR25B-V01D,CYR25K-AX664-20K,●,1,300,13:45,13:51,6,,,,,
2026-02-10,RSQ12RC-V01D,RSQ12G-M2080-20K,●,1,700,14:06,15:14,68,318,2.892,54.96,0.05,214.74
2026-02-10,RSQ12RC-V01D,RSQ12G-M2080-20K,●,1,300,14:06,14:13,7,,,,,
2026-02-10,MGPM20B2-V01D,MGP20A-AC893-30K,〇,3,700,14:23,14:37,14,1,15.09,15.09,0.06,840.00
2026-02-10,MGPM20B2-V01D,MGP20A-AC893-30K,〇,3,300,14:23,14:28,5,,,,,
2026-02-10,MB50T-V02C,S369A63T55X50X30,◎,3,700,14:37,15:40,63,41,3.338,43.4,0.04,290.77
2026-02-10,MB50T-V02C,S369A63T55X50X30,◎,3,300,14:37,14:43,6,,,,,
2026-02-10,CYR15B-V01D,CYR15K-AX662-20K,●,1,700,15:14,16:30,76,321,2.55,56.1,0.04,207.27
2026-02-10,CYR15B-V01D,CYR15K-AX662-20K,●,1,300,15:14,15:23,9,,,,,
2026-02-10,MB50T-V01C,S369A63T55X50X30,●,3,700,15:40,16:03,23,69,3.338,43.4,0.11,106.15
2026-02-10,MB50T-V01C,S369A63T55X50X30,●,3,300,15:40,15:44,4,,,,,
2026-02-10,CUJ10A-V02D,CUJ10A-P7103A20K,●,3,700,16:03,16:30,27,79,1.382,26.26,0.06,85.26
2026-02-10,CUJ10A-V02D,CUJ10A-P7103A20K,●,3,300,16:03,16:09,6,,,,,
2026-02-09,CP9640T4-V02D,C9640ABAZ034-30K,〇,3,700,10:27,10:42,15,1,7.377,7.38,0.03,900.00
2026-02-09,CP9640T4-V02D,C9640ABAZ034-30K,〇,3,300,10:27,10:32,5,,,,,
2026-02-09,CXS10S2-V01E,CXS10A-AS987-20K,〇,1,700,10:30,11:12,42,87,3.04,45.6,0.07,168.00
2026-02-09,CXS10S2-V01E,CXS10A-AS987-20K,〇,1,300,10:30,10:39,9,,,,,
2026-02-09,CXS25S3-V02D,CXS25A-BA024-20K,●,1,700,11:42,12:12,30,61,5.536,105.18,0.21,94.74
2026-02-09,CXS25S3-V02D,CXS25A-BA024-20K,●,1,300,11:42,11:47,5,,,,,
2026-02-09,MXS12B-V03D,P3800301B-M,●,1,700,12:12,13:27,75,223,3.32,49.8,0.04,300.00
2026-02-09,MXS12B-V03D,P3800301B-M,●,1,300,12:12,12:20,8,,,,,
2026-02-09,CA50T-V03C,S370A63T58X50X30,●,3,700,13:20,14:35,75,107,5.433,76.06,0.06,321.43
2026-02-09,CA50T-V03C,S370A63T58X50X30,●,3,300,13:20,13:25,5,,,,,
2026-02-09,CYR40B-V01D,CYR40K-AX666-20K,●,1,700,13:27,14:07,40,74,7.538,105.53,0.16,171.43
2026-02-09,CYR40B-V01D,CYR40K-AX666-20K,●,1,300,13:27,13:34,7,,,,,
2026-02-09,VV13M1-V01D-ZZZ,DXT192-11-44-30,●,1,700,14:07,15:32,85,292,4.2,50.4,0.04,425.00
2026-02-09,VV13M1-V01D-ZZZ,DXT192-11-44-30,●,1,300,14:07,14:13,6,,,,,
2026-02-09,CA40T-V01C,S370A63T47X40X30,●,3,700,14:35,16:07,92,251,3.823,49.7,0.03,424.62
2026-02-09,CA40T-V01C,S370A63T47X40X30,●,3,300,14:35,14:42,7,,,,,
2026-02-09,CXS32P-V01E,CXS32J-28751-20K,●,1,700,15:32,16:30,58,236,3.084,46.26,0.05,232.00
2026-02-09,CXS32P-V01E,CXS32J-28751-20K,●,1,300,15:32,15:40,8,,,,,
2026-02-06,VJ10M-V02D,VJ100-16-7,〇,1,700,08:00,08:25,25,1,1.32,1.32,0,1500.00
2026-02-06,VJ10M-V02D,VJ100-16-7,〇,1,300,08:00,08:08,8,,,,,
2026-02-06,MSQ10B2-V04D,P6260101-D,〇,3,700,08:09,08:37,28,1,6.667,6.67,0.01,1680.00
2026-02-06,MSQ10B2-V04D,P6260101-D,〇,3,300,08:09,08:14,5,,,,,
2026-02-06,CM20AH-V01D,C2M020K02-68714B,●,1,700,08:25,09:38,73,272,4.008,44.09,0.04,398.18
2026-02-06,CM20AH-V01D,C2M020K02-68714B,●,1,300,08:25,08:31,6,,,,,
2026-02-06,CY1S15PB-V01D,CYS15JBAJ026A-20K,〇,3,700,08:37,09:53,76,1,5.67,5.67,0,4560.00
2026-02-06,CY1S15PB-V01D,CYS15JBAJ026A-20K,〇,3,300,08:37,08:42,5,,,,,
2026-02-06,CY1S20PB-V01D,CYS20JBAJ027A-20K,〇,3,700,08:53,09:12,19,1,8.656,8.66,0.03,1140.00
2026-02-06,CY1S20PB-V01D,CYS20JBAJ027A-20K,〇,3,300,08:53,08:57,4,,,,,
2026-02-06,MB40T-V02C,S369A63T45X40X30,●,3,700,09:22,10:20,58,138,2.702,32.43,0.03,290.00
2026-02-06,MB40T-V02C,S369A63T45X40X30,●,3,300,09:22,09:26,4,,,,,
2026-02-06,CJ06C2-V01D,C2J06LAAH080-30K,●,1,700,09:38,11:00,82,480,1.068,12.82,0.01,410.00
2026-02-06,CJ06C2-V01D,C2J06LAAH080-30K,●,1,300,09:38,09:45,7,,,,,
2026-02-06,MB50T-V01C,S369A63T55X50X30,◎,3,700,10:20,11:30,70,139,3.338,43.4,0.04,323.08
2026-02-06,MB50T-V01C,S369A63T55X50X30,◎,3,300,10:20,10:26,6,,,,,
2026-02-06,VV14M1-V01D-ZZZ,DXT199-20-23-30,●,1,700,11:00,13:07,127,224,7.74,108.36,0.05,544.29
2026-02-06,VV14M1-V01D-ZZZ,DXT199-20-23-30,●,1,300,11:00,11:07,7,,,,,
2026-02-06,MXS25TB-V01D,P3800602-M-2,●,1,700,13:07,13:25,18,25,8.44,101.28,0.34,90.00
2026-02-06,MXS25TB-V01D,P3800602-M-2,●,1,300,13:07,13:14,7,,,,,
2026-02-06,CQS16T2-V01D,CQS16-04-F6465-K,●,1,700,13:25,14:00,35,109,2.633,55.29,0.09,100.00
2026-02-06,CQS16T2-V01D,CQS16-04-F6465-K,●,1,300,13:25,13:32,7,,,,,
2026-02-06,MGPM50B2-V02D,MGP50A-AC897-20K,●,2,700,13:30,14:58,88,106,27.48,439.68,0.3,330.00
2026-02-06,MGPM50B2-V02D,MGP50A-AC897-20K,●,2,300,13:30,13:36,6,,,,,
2026-02-06,CRQ15B-V01D,P4730002-D,●,1,700,14:00,14:43,43,83,4.356,47.92,0.07,234.55
2026-02-06,CRQ15B-V01D,P4730002-D,●,1,300,14:00,14:08,8,,,,,
2026-02-06,CQ40T3-V03B-ZZZ,C2Q40A-AD139A30K,●,1,700,14:43,16:01,78,195,8.325,108.23,0.08,360.00
2026-02-06,CQ40T3-V03B-ZZZ,C2Q40A-AD139A30K,●,1,300,14:43,14:51,8,,,,,
2026-02-06,XLA40B2-V04B,XLA40-1B-S,◎,2,700,14:58,15:55,57,39,25.112,477.13,0.5,180.00
2026-02-06,XLA40B2-V04B,XLA40-1B-S,◎,2,300,14:58,15:02,4,,,,,
2026-02-06,MXS25TB-V01D,P3800602-M-2,●,1,700,16:01,16:15,14,12,8.44,101.28,0.43,70.00
2026-02-06,MXS25TB-V01D,P3800602-M-2,●,1,300,16:01,16:05,4,,,,,
2026-02-05,CXS16S2-V01D,CXS16A-AS988-20K,〇,1,100,07:45,08:00,15,,,,,
2026-02-05,CXS16S2-V01D,CXS16A-AS988-20K,〇,1,700,08:00,08:10,10,1,3.74,3.74,0.02,600.00
2026-02-05,CXS16S2-V01D,CXS16A-AS988-20K,〇,1,300,08:00,08:05,5,,,,,
2026-02-05,CQ63G-V01C,C2Q63G-F2257-20K,◎,1,700,08:10,09:38,88,69,18.186,72.74,0.05,1320.00
2026-02-05,CQ63G-V01C,C2Q63G-F2257-20K,◎,1,300,08:10,08:17,7,,,,,
2026-02-05,MSQ50B5-V01D,P8910402-D,〇,2,700,08:13,08:31,18,1,13.735,13.73,0.05,1080.00
2026-02-05,MSQ50B5-V01D,P8910402-D,〇,2,300,08:13,08:19,6,,,,,
2026-02-05,CY1S32PB-V01D,CYS32JBAJ029A-20K,〇,2,700,08:31,08:50,19,1,12.75,12.75,0.04,1140.00
2026-02-05,CY1S32PB-V01D,CYS32JBAJ029A-20K,〇,2,300,08:31,08:35,4,,,,,
2026-02-05,MGPMA0B2-V01D,MGPA0A-AC900-20K,◎,2,700,08:50,09:50,60,31,57.5,402.5,0.4,514.29
2026-02-05,MGPMA0B2-V01D,MGPA0A-AC900-20K,◎,2,300,08:50,08:57,7,,,,,
2026-02-05,MGPMA0B2-V01D,MGPA0A-AC900-20K,◎,2,200,09:22,09:30,8,,,,,
2026-02-05,XLA25B2-V04B,XLA25-1B-S,●,1,700,09:38,11:35,117,97,14.56,189.28,0.1,540.00
2026-02-05,XLA25B2-V04B,XLA25-1B-S,●,1,300,09:38,09:47,9,,,,,
2026-02-05,MXS08B-V03D,P3800201B-M,●,1,700,11:35,13:08,93,312,2,26,0.02,429.23
2026-02-05,MXS08B-V03D,P3800201B-M,●,1,300,11:35,11:43,8,,,,,
2026-02-05,CQ50T3-V03B-ZZZ,C2Q50A-AD140A30K,●,1,700,13:08,14:20,72,125,12.477,99.82,0.08,540.00
2026-02-05,CQ50T3-V03B-ZZZ,C2Q50A-AD140A30K,●,1,300,13:08,13:15,7,,,,,
2026-02-05,CP9632T4-V02D,C9632ABAZ033-30K,〇,3,700,13:15,13:35,20,1,6.06,6.06,0.02,1200.00
2026-02-05,CP9632T4-V02D,C9632ABAZ033-30K,〇,3,300,13:15,13:20,5,,,,,
2026-02-05,CP9663T4-V02D,C9663ABAZ036-30K,〇,3,700,13:35,13:48,13,1,11.454,11.45,0.05,780.00
2026-02-05,CP9663T4-V02D,C9663ABAZ036-30K,〇,3,300,13:35,13:40,5,,,,,
2026-02-05,CY1S10PB-V01D,CYS10JBAJ025A-20K,〇,3,700,13:48,14:00,12,1,4.418,4.42,0.02,720.00
2026-02-05,CY1S10PB-V01D,CYS10JBAJ025A-20K,〇,3,300,13:48,13:52,4,,,,,
2026-02-05,MHZ16B2-V01E,P4811251-MH1,〇,3,700,14:00,14:25,25,1,2.2,2.2,0.01,1500.00
2026-02-05,MHZ16B2-V01E,P4811251-MH1,〇,3,300,14:00,14:05,5,,,,,
2026-02-05,CXS06P-V01D,CXS06J-A5157-20K,●,1,700,14:20,15:25,65,896,0.4,6.4,0.01,243.75
2026-02-05,CXS06P-V01D,CXS06J-A5157-20K,●,1,300,14:20,14:26,6,,,,,
2026-02-05,CA40T-V03C,S370A63T47X40X30,●,3,700,14:25,15:42,77,251,3.823,49.7,0.04,355.38
2026-02-05,CA40T-V03C,S370A63T47X40X30,●,3,300,14:25,14:30,5,,,,,
2026-02-05,CG40H3-V02D,C1G40L-AT034-30K,◎,1,700,15:25,16:30,65,59,11.577,104.19,0.1,433.33
2026-02-05,CG40H3-V02D,C1G40L-AT034-30K,◎,1,300,15:25,15:32,7,,,,,
2026-02-04,CQ40C-V01D,S501A61T43X16X30,●,1,700,08:00,09:36,96,155,9.963,109.59,0.07,523.64
2026-02-04,CQ40C-V01D,S501A61T43X16X30,●,1,300,08:00,08:10,10,,,,,
2026-02-04,CY1S32PA-V01D,CYS32JAAJ029A-20K,〇,2,700,08:42,09:00,18,1,10.952,10.95,0.04,1080.00
2026-02-04,CY1S32PA-V01D,CYS32JAAJ029A-20K,〇,2,300,08:42,08:46,4,,,,,
2026-02-04,MSQB0C-V01D,P3910018,◎,2,700,09:22,09:50,28,29,45.265,633.71,1.36,120.00
2026-02-04,MSQB0C-V01D,P3910018,◎,2,300,09:22,09:27,5,,,,,
2026-02-04,MSQ50B2-V04D,P6260401-D,●,1,700,09:36,10:43,67,84,13.723,192.12,0.17,287.14
2026-02-04,MSQ50B2-V04D,P6260401-D,●,1,300,09:36,09:42,6,,,,,
2026-02-04,MSQ70C-V02D,P3910016,◎,2,700,09:50,10:04,14,10,24.241,242.41,1.04,84.00
2026-02-04,MSQ70C-V02D,P3910016,◎,2,300,09:50,09:56,6,,,,,
2026-02-04,CQA0T3-V02C-ZZZ,C2QA0A-AD143-30K,●,2,700,10:32,10:55,23,25,31.113,217.79,0.57,197.14
2026-02-04,CQA0T3-V02C-ZZZ,C2QA0A-AD143-30K,●,2,300,10:32,10:36,4,,,,,
2026-02-04,CYR20SR-V02D,CYR20E-AX663-30K,●,1,700,10:43,13:30,167,420,1.785,17.85,0.01,1002.00
2026-02-04,CYR20SR-V02D,CYR20E-AX663-30K,●,1,300,10:43,10:48,5,,,,,
2026-02-04,CUJ08A-V02D,CUJ08A-P7102A20K,〇,3,700,13:26,13:45,19,1,1.318,1.32,0,1140.00
2026-02-04,CUJ08A-V02D,CUJ08A-P7102A20K,〇,3,300,13:26,13:30,4,,,,,
2026-02-04,CXS32S2-V01E,CXS32A-AS991-20K,●,1,700,13:30,14:20,50,99,10.38,197.22,0.24,157.89
2026-02-04,CXS32S2-V01E,CXS32A-AS991-20K,●,1,300,13:30,13:35,5,,,,,
2026-02-04,CY1S06PA-V01D,CYS06JBAJ024A-20K,〇,3,700,13:45,14:05,20,1,2.89,2.89,0.01,1200.00
2026-02-04,CY1S06PA-V01D,CYS06JBAJ024A-20K,〇,3,300,13:45,13:50,5,,,,,
2026-02-04,CY1S10PA-V01D,CYS10JAAJ025A-20K,〇,3,700,14:05,14:22,17,1,3.7,3.7,0.01,1020.00
2026-02-04,CY1S10PA-V01D,CYS10JAAJ025A-20K,〇,3,300,14:05,14:10,5,,,,,
2026-02-04,MXS16B-V03D,P3800401B-M,◎,1,700,14:20,15:51,91,307,5.2,109.2,0.07,260.00
2026-02-04,MXS16B-V03D,P3800401B-M,◎,1,300,14:20,14:27,7,,,,,
2026-02-04,CY1S15PA-V01D,CYS15JAAJ026A-20K,〇,3,700,14:22,14:33,11,1,4.596,4.6,0.03,660.00
2026-02-04,CY1S15PA-V01D,CYS15JAAJ026A-20K,〇,3,300,14:22,14:26,4,,,,,
2026-02-04,CYR25SR-V02D,CYR25E-AX664-30K,〇,3,700,14:33,14:50,17,1,2.07,2.07,0.01,1020.00
2026-02-04,CYR25SR-V02D,CYR25E-AX664-30K,〇,3,300,14:33,14:39,6,,,,,
2026-02-04,CA50T-V02C,S370A63T58X50X30,◎,3,700,14:50,15:44,54,119,5.433,65.19,0.07,270.00
2026-02-04,CA50T-V02C,S370A63T58X50X30,◎,3,300,14:50,14:55,5,,,,,
2026-02-04,CA50T-V03C,S370A63T58X50X30,●,3,700,15:44,16:20,36,34,5.433,70.63,0.12,166.15
2026-02-04,CA50T-V03C,S370A63T58X50X30,●,3,300,15:44,15:49,5,,,,,
2026-02-04,CXS20P-V01E,CXS20J-28749-20K,●,1,700,15:51,16:30,39,302,1.474,26.53,0.04,130.00
2026-02-04,CXS20P-V01E,CXS20J-28749-20K,●,1,300,15:51,15:56,5,,,,,
2026-02-03,CG40R-V01D,CG-040K02-35903A,●,1,700,08:01,10:19,138,272,8.452,101.42,0.04,690.00
2026-02-03,CG40R-V01D,CG-040K02-35903A,●,1,300,08:01,08:06,5,,,,,
2026-02-03,SY70MP-V01D,SY70M-20-E-1,〇,2,700,08:51,09:10,19,1,17.664,17.66,0.06,1140.00
2026-02-03,SY70MP-V01D,SY70M-20-E-1,〇,2,300,08:51,08:58,7,,,,,
2026-02-03,CY1S32S-V01D,CYS32K-AJ029-20K,〇,2,700,09:10,09:24,14,1,19.576,19.58,0.08,840.00
2026-02-03,CY1S32S-V01D,CYS32K-AJ029-20K,〇,2,300,09:10,09:15,5,,,,,
2026-02-03,CY1S40S-V01D,CYS40K-AJ030-20K,〇,2,700,09:24,09:48,24,1,26.848,26.85,0.07,1440.00
2026-02-03,CY1S40S-V01D,CYS40K-AJ030-20K,〇,2,300,09:24,09:31,7,,,,,
2026-02-03,CY1S40PA-V01D,CYS40JAAJ030A-20K,〇,2,700,09:48,10:03,15,1,14.786,14.79,0.06,900.00
2026-02-03,CY1S40PA-V01D,CYS40JAAJ030A-20K,〇,2,300,09:48,09:52,4,,,,,
2026-02-03,CY1S40PB-V01D,CYS40JBAJ030A-20K,〇,2,700,10:13,10:35,22,1,16.87,16.87,0.05,1320.00
2026-02-03,CY1S40PB-V01D,CYS40JBAJ030A-20K,〇,2,300,10:13,10:18,5,,,,,
2026-02-03,CQ20K-V01D,C2Q020K31-49998A,●,1,700,10:19,11:21,62,300,1.764,24.7,0.02,265.71
2026-02-03,CQ20K-V01D,C2Q020K31-49998A,●,1,300,10:19,10:26,7,,,,,
2026-02-03,XLA80B2-V02D,XLA80-1B,◎,2,700,10:35,11:25,50,31,61.3,919.5,1.1,200.00
2026-02-03,XLA80B2-V02D,XLA80-1B,◎,2,300,10:35,10:41,6,,,,,
2026-02-03,CQ20T3-V02B-ZZZ,C2Q20A-AD136A30K,●,1,700,11:21,12:15,54,79,5.51,49.59,0.06,360.00
2026-02-03,CQ20T3-V02B-ZZZ,C2Q20A-AD136A30K,●,1,300,11:21,11:27,6,,,,,
2026-02-03,CXS25S2-V02E,CXS25A-AS990-20K,●,1,700,12:15,13:07,52,111,7.056,105.84,0.12,208.00
2026-02-03,CXS25S2-V02E,CXS25A-AS990-20K,●,1,300,12:15,12:21,6,,,,,
2026-02-03,CQ32T-V02B,C2Q32-04-J0779-K,●,1,700,13:07,13:45,38,113,5.12,107.52,0.17,108.57
2026-02-03,CQ32T-V02B,C2Q32-04-J0779-K,●,1,300,13:07,13:12,5,,,,,
2026-02-03,CUJ06A-V02D,CUJ06A-P7101A20K,〇,3,700,13:30,13:47,17,1,1.162,1.16,0,1020.00
2026-02-03,CUJ06A-V02D,CUJ06A-P7101A20K,〇,3,300,13:30,13:36,6,,,,,
2026-02-03,CXS15P-V01D,CXS15J-28748-20K,●,1,700,13:45,14:41,56,520,0.978,11.74,0.01,280.00
2026-02-03,CXS15P-V01D,CXS15J-28748-20K,●,1,300,13:45,13:51,6,,,,,
2026-02-03,CUJ10A-V02D,CUJ10A-P7103A20K,〇,3,700,13:47,14:05,18,1,1.382,1.38,0,1080.00
2026-02-03,CUJ10A-V02D,CUJ10A-P7103A20K,〇,3,300,13:47,13:50,3,,,,,
2026-02-03,CA40T-V02C,S370A63T47X40X30,●,3,700,14:05,15:28,83,221,3.823,49.7,0.04,383.08
2026-02-03,CA40T-V02C,S370A63T47X40X30,●,3,300,14:05,14:12,7,,,,,
2026-02-03,VV14M1-V01D-ZZZ,DXT199-20-23-30,●,1,700,14:41,16:30,109,164,7.74,108.36,0.06,467.14
2026-02-03,VV14M1-V01D-ZZZ,DXT199-20-23-30,●,1,300,14:41,14:47,6,,,,,
2026-02-03,CXS10S2-V01E,CXS10A-AS987-20K,〇,3,700,15:28,16:10,42,87,3.04,45.6,0.07,168.00
2026-02-03,CXS10S2-V01E,CXS10A-AS987-20K,〇,3,300,15:28,15:32,4,,,,,
2026-02-02,CYB15C-V01D,CYB15L-AS377-30K,●,1,700,08:00,08:39,39,120,2.196,24.16,0.04,212.73
2026-02-02,CYB15C-V01D,CYB15L-AS377-30K,●,1,300,08:00,08:07,7,,,,,
2026-02-02,CXS25S3-V02D,CXS25A-BA024-20K,◎,1,700,08:39,09:03,24,62,5.536,110.72,0.28,72.00
2026-02-02,CXS25S3-V02D,CXS25A-BA024-20K,◎,1,300,08:39,08:45,6,,,,,
2026-02-02,CXS20S2-V01E,CXS20A-AS989-20K,●,1,700,09:03,10:13,70,152,4.8,43.2,0.04,466.67
2026-02-02,CXS20S2-V01E,CXS20A-AS989-20K,●,1,300,09:03,09:10,7,,,,,
2026-02-02,CQ40T3-V02B-ZZZ,C2Q40A-AD139A30K,●,1,700,10:13,11:16,63,125,8.325,108.23,0.1,290.77
2026-02-02,CQ40T3-V02B-ZZZ,C2Q40A-AD139A30K,●,1,300,10:13,10:20,7,,,,,
2026-02-02,CQ12T3L-V02B-ZZZ,C2Q12A-AD367-30K,●,1,700,12:15,14:21,126,251,3.02,24.16,0.01,945.00
2026-02-02,CQ12T3L-V02B-ZZZ,C2Q12A-AD367-30K,●,1,300,12:15,12:22,7,,,,,
2026-02-02,CYR63SR-V01D,CYR63E-AX668-30K,〇,3,700,13:40,13:55,15,1,5.613,5.61,0.02,900.00
2026-02-02,CYR63SR-V01D,CYR63E-AX668-30K,〇,3,300,13:40,13:45,5,,,,,
2026-02-02,CYR20SR-V02D,CYR20E-AX663-30K,●,3,700,13:55,16:15,140,419,1.785,16.07,0.01,933.33
2026-02-02,CYR20SR-V02D,CYR20E-AX663-30K,●,3,300,13:55,14:00,5,,,,,
2026-02-02,MHZ32B-V01D,P4811501-M-1,●,1,700,14:21,14:47,26,36,11,198,0.46,86.67
2026-02-02,MHZ32B-V01D,P4811501-M-1,●,1,300,14:21,14:26,5,,,,,
2026-02-02,MLU25LB-V01E,MLU25-27-Z0411-K,●,1,700,14:47,15:48,61,152,6.6,105.6,0.1,228.75
2026-02-02,MLU25LB-V01E,MLU25-27-Z0411-K,●,1,300,14:47,14:53,6,,,,,
2026-02-02,MXS25TB-V02D,P3800602-M-2,●,1,700,15:48,16:30,42,103,8.44,101.28,0.14,210.00
2026-02-02,MXS25TB-V02D,P3800602-M-2,●,1,300,15:48,15:54,6,,,,,
2026-01-30,CYR40B-V01D,CYR40K-AX666-20K,◎,1,700,08:00,08:21,21,43,7.538,97.99,0.28,96.92
2026-01-30,CYR40B-V01D,CYR40K-AX666-20K,◎,1,300,08:00,08:05,5,,,,,
2026-01-30,PS50-V01D,S500A61T50X14X30,●,1,700,08:21,09:23,62,56,14.894,208.52,0.2,265.71
2026-01-30,PS50-V01D,S500A61T50X14X30,●,1,300,08:21,08:26,5,,,,,
2026-01-30,CYR15SR-V02D,CYR15E-AX662-30K,●,3,700,08:25,11:07,162,648,1.446,13.01,0,1080.00
2026-01-30,CYR15SR-V02D,CYR15E-AX662-30K,●,3,300,08:25,11:07,162,,,,,
2026-01-30,MGPLA0B2-V01D,MGPA0A-AC910-20K,〇,2,700,08:34,08:56,22,1,53.978,53.98,0.15,1320.00
2026-01-30,MGPLA0B2-V01D,MGPA0A-AC910-20K,〇,2,300,08:34,08:38,4,,,,,
2026-01-30,CP96A0T4-V01D,C96A0ABAZ038-30K,〇,2,700,08:56,09:31,35,1,22.887,22.89,0.04,2100.00
2026-01-30,CP96A0T4-V01D,C96A0ABAZ038-30K,〇,2,300,08:56,09:01,5,,,,,
2026-01-30,CM40AS-V01D,C2M040K03-68717B,●,1,700,09:23,10:14,51,112,12.933,103.46,0.12,382.50
2026-01-30,CM40AS-V01D,C2M040K03-68717B,●,1,300,09:23,09:28,5,,,,,
2026-01-30,CG80H3-V01D,C1G80L-AX760-30K,◎,2,700,09:31,10:10,39,30,46.5,465,0.72,234.00
2026-01-30,CG80H3-V01D,C1G80L-AX760-30K,◎,2,300,09:31,09:37,6,,,,,
2026-01-30,XLA25B2-V04B,XLA25-1B-S,●,1,700,10:14,12:27,133,97,14.56,189.28,0.09,613.85
2026-01-30,XLA25B2-V04B,XLA25-1B-S,●,1,300,10:14,10:20,6,,,,,
2026-01-30,MXS08B-V03D,P3800201B-M,●,1,700,12:58,13:52,54,181,2,26,0.03,249.23
2026-01-30,MXS08B-V03D,P3800201B-M,●,1,300,12:58,13:02,4,,,,,
2026-01-30,CY1S25PB-V01D,CYS25JBAJ028A-20K,〇,3,700,13:20,13:35,15,1,9.38,9.38,0.04,900.00
2026-01-30,CY1S25PB-V01D,CYS25JBAJ028A-20K,〇,3,300,13:20,13:35,15,,,,,
2026-01-30,CP9640T4-V02D,C9640ABAZ034-30K,〇,3,700,13:35,13:55,20,1,7.377,7.38,0.02,1200.00
2026-01-30,CP9640T4-V02D,C9640ABAZ034-30K,〇,3,300,13:35,13:41,6,,,,,
2026-01-30,MXS12B-V03D,P3800301B-M,◎,1,700,13:52,14:48,56,80,3.32,53.12,0.06,210.00
2026-01-30,MXS12B-V03D,P3800301B-M,◎,1,300,13:52,13:58,6,,,,,
2026-01-30,MSQ10B2-V04D,P6260101-D,〇,3,700,13:55,14:15,20,1,6.667,6.67,0.02,1200.00
2026-01-30,MSQ10B2-V04D,P6260101-D,〇,3,300,13:55,14:00,5,,,,,
2026-01-30,MYM16BH-V01E,MYM16-42AK0500-20K,〇,3,700,14:12,14:40,28,1,0.4,0.4,0,1680.00
2026-01-30,MYM16BH-V01E,MYM16-42AK0500-20K,〇,3,300,14:12,14:17,5,,,,,
2026-01-30,CY1S06PB-V01D,CYS06JBAJ024A-20K,〇,3,700,14:40,15:10,30,1,2.89,2.89,0.01,1800.00
2026-01-30,CY1S06PB-V01D,CYS06JBAJ024A-20K,〇,3,300,14:40,14:45,5,,,,,
2026-01-30,MGPM20B2-V02D,MGP20A-AC893-30K,●,1,700,14:48,15:28,40,41,15.09,196.17,0.29,184.62
2026-01-30,MGPM20B2-V02D,MGP20A-AC893-30K,●,1,300,14:48,14:53,5,,,,,
2026-01-30,CQ50T3-V02B-ZZZ,C2Q50A-AD140A30K,〇,3,700,15:10,15:50,40,1,12.477,12.48,0.02,2400.00
2026-01-30,CQ50T3-V02B-ZZZ,C2Q50A-AD140A30K,〇,3,300,15:10,15:14,4,,,,,
2026-01-30,MGPL20B2-V02D,MGP20A-AC903-30K,●,1,700,15:28,16:15,47,55,13.47,94.29,0.12,402.86
2026-01-30,MGPL20B2-V02D,MGP20A-AC903-30K,●,1,300,15:28,15:34,6,,,,,
2026-01-29,PS63-V03D,S500A61T63X14X20,◎,1,700,08:00,08:50,50,47,16.092,177.01,0.21,272.73
2026-01-29,PS63-V03D,S500A61T63X14X20,◎,1,300,08:00,08:07,7,,,,,
2026-01-29,MGPL63B2-V02D,MGP63A-AC908-20K,〇,2,700,08:22,08:44,22,1,32.66,32.66,0.09,1320.00
2026-01-29,MGPL63B2-V02D,MGP63A-AC908-20K,〇,2,300,08:22,08:28,6,,,,,
2026-01-29,MGPL80B2-V02D,MGP80A-AC909-20K,〇,2,700,08:44,09:00,16,1,35.92,35.92,0.13,960.00
2026-01-29,MGPL80B2-V02D,MGP80A-AC909-20K,〇,2,300,08:44,08:49,5,,,,,
2026-01-29,PS63-V03D,S500A61T63X14X20,◎,1,700,08:50,09:23,33,36,16.092,193.1,0.35,165.00
2026-01-29,MGPM80B2-V02D,MGP80A-AC899-20K,〇,2,700,09:00,09:12,12,1,39.598,39.6,0.2,720.00
2026-01-29,MGPM80B2-V02D,MGP80A-AC899-20K,〇,2,300,09:00,09:06,6,,,,,
2026-01-29,CM25AH-V01D,C2M025K02-68715B,●,1,700,09:23,10:18,55,125,6.009,48.07,0.05,412.50
2026-01-29,CM25AH-V01D,C2M025K02-68715B,●,1,300,09:23,09:30,7,,,,,
2026-01-29,CY1S20PA-V01D,CYS20JAAJ027A-20K,〇,3,700,09:33,09:47,14,1,7.484,7.48,0.03,840.00
2026-01-29,CY1S20PA-V01D,CYS20JAAJ027A-20K,〇,3,300,09:33,09:37,4,,,,,
2026-01-29,CY1S25PA-V01D,CYS25JAAJ028A-20K,〇,3,700,09:47,10:03,16,1,8.154,8.15,0.03,960.00
2026-01-29,CY1S25PA-V01D,CYS25JAAJ028A-20K,〇,3,300,09:47,09:53,6,,,,,
2026-01-29,CXS32S2-V01E,CXS32A-AS991-20K,●,1,700,10:18,10:57,39,59,10.38,197.22,0.3,123.16
2026-01-29,CXS32S2-V01E,CXS32A-AS991-20K,●,1,300,10:18,10:24,6,,,,,
2026-01-29,MGPL20B2-V01D,MGP20A-AC903-30K,●,1,700,10:57,12:30,93,111,13.47,94.29,0.06,797.14
2026-01-29,MGPL20B2-V01D,MGP20A-AC903-30K,●,1,300,10:57,11:04,7,,,,,
2026-01-29,CYR20SR-V02D,CYR20E-AX663-30K,●,3,700,13:19,15:40,141,418,1.785,16.07,0.01,940.00
2026-01-29,CYR20SR-V02D,CYR20E-AX663-30K,●,3,300,13:19,13:25,6,,,,,
2026-01-29,MXQ25B-V02D,P3802801B-M,●,1,700,13:40,14:27,47,120,8.92,107.04,0.14,235.00
2026-01-29,MXQ25B-V02D,P3802801B-M,●,1,300,13:40,13:45,5,,,,,
2026-01-29,MXQ16B-V02D,P3802601B-M,●,1,700,14:27,15:36,69,143,4.3,47.3,0.04,376.36
2026-01-29,MXQ16B-V02D,P3802601B-M,●,1,300,14:27,14:34,7,,,,,
2026-01-29,VJ10M-V02D,VJ100-16-7,◎,1,700,15:36,16:30,54,114,1.32,23.76,0.03,180.00
2026-01-29,VJ10M-V02D,VJ100-16-7,◎,1,300,15:36,15:42,6,,,,,
2026-01-29,VV14M1-V02D-ZZZ,DXT199-20-23-30,◎,1,700,16:10,16:30,20,29,7.74,108.36,0.33,85.71
2026-01-29,VV14M1-V02D-ZZZ,DXT199-20-23-30,◎,1,300,16:10,16:14,4,,,,,
2026-01-28,PS63B-V01D,S502A61T63X13X20,●,1,700,07:58,09:29,91,124,15.384,184.61,0.12,455.00
2026-01-28,PS63B-V01D,S502A61T63X13X20,●,1,300,07:58,08:04,6,,,,,
2026-01-28,MSQ50B2-V03D,P6260401-D,〇,3,700,08:22,08:35,13,1,13.723,13.72,0.06,780.00
2026-01-28,MSQ50B2-V03D,P6260401-D,〇,3,300,08:22,08:26,4,,,,,
2026-01-28,CYR32SR-V02D,CYR32E-AX665-30K,●,3,700,08:35,09:52,77,198,2.637,23.73,0.02,513.33
2026-01-28,CYR32SR-V02D,CYR32E-AX665-30K,●,3,300,08:35,08:41,6,,,,,
2026-01-28,XLA40B2-V04B,XLA40-1B-S,●,2,700,08:50,10:20,90,79,25.112,477.13,0.32,284.21
2026-01-28,XLA40B2-V04B,XLA40-1B-S,●,2,300,08:50,08:57,7,,,,,
2026-01-28,APT9-V01E,APTE00-96001042-D,◎,1,700,09:29,10:05,36,38,9.33,111.96,0.19,180.00
2026-01-28,APT9-V01E,APTE00-96001042-D,◎,1,300,09:29,09:36,7,,,,,
2026-01-28,CYR40SR-V01D,CYR40E-AX666-30K,●,3,700,09:52,11:17,85,153,3.261,22.83,0.02,728.57
2026-01-28,CYR40SR-V01D,CYR40E-AX666-30K,●,3,300,09:52,09:57,5,,,,,
2026-01-28,XLA80B2-V01D,XLA80-1B,●,2,700,10:20,11:45,85,46,61.3,858.2,0.61,364.29
2026-01-28,XLA80B2-V01D,XLA80-1B,●,2,300,10:20,10:25,5,,,,,
2026-01-28,MSQ50B2-V04D,P6260401-D,●,1,700,11:32,12:02,30,41,13.723,178.4,0.36,138.46
2026-01-28,MSQ50B2-V04D,P6260401-D,●,1,300,11:32,11:38,6,,,,,
2026-01-28,CRQ15B-V02C,P4730002-D,●,1,700,12:02,13:20,78,168,4.356,52.27,0.04,390.00
2026-01-28,CRQ15B-V02C,P4730002-D,●,1,300,12:02,12:07,5,,,,,
2026-01-28,MGPM20B2-V02D,MGP20A-AC893-30K,●,1,700,13:20,14:39,79,83,15.09,196.17,0.15,364.62
2026-01-28,MGPM20B2-V02D,MGP20A-AC893-30K,●,1,300,13:20,13:26,6,,,,,
2026-01-28,MSQ10B5-V02D,P8910102-D,◎,3,700,13:40,14:33,53,94,6.15,110.7,0.13,176.67
2026-01-28,MSQ10B5-V02D,P8910102-D,◎,3,300,13:40,13:46,6,,,,,
2026-01-28,MHZ10B2-V01E,P4811151-MH1,〇,3,700,14:33,14:49,16,1,1.264,1.26,0,960.00
2026-01-28,MHZ10B2-V01E,P4811151-MH1,〇,3,300,14:33,14:37,4,,,,,
2026-01-28,CXS10S2-V02E,CXS10A-AS987-20K,●,1,700,14:39,15:42,63,196,3.04,48.64,0.05,236.25
2026-01-28,CXS10S2-V02E,CXS10A-AS987-20K,●,1,300,14:39,14:45,6,,,,,
2026-01-28,CYR25SR-V02D,CYR25E-AX664-30K,〇,3,700,14:49,15:00,11,1,2.07,2.07,0.01,660.00
2026-01-28,CYR25SR-V02D,CYR25E-AX664-30K,〇,3,300,14:49,14:53,4,,,,,
2026-01-28,SY50M-V02B,SY5000-20-1,●,1,700,15:42,16:30,48,107,8.88,97.68,0.12,261.82
2026-01-28,SY50M-V02B,SY5000-20-1,●,1,300,15:42,15:48,6,,,,,
2026-01-27,CQ32C-V01D,S501A61T35X16X30,●,1,700,08:00,09:27,87,145,6.042,48.34,0.03,652.50
2026-01-27,CQ32C-V01D,S501A61T35X16X30,●,1,300,08:00,08:06,6,,,,,
2026-01-27,CP9632T4-V02D,C9632ABAZ033-30K,〇,3,700,08:13,08:28,15,1,6.06,6.06,0.02,900.00
2026-01-27,CP9632T4-V02D,C9632ABAZ033-30K,〇,3,300,08:13,08:16,3,,,,,
2026-01-27,CP9640T4-V02D,C9640ABAZ034-30K,〇,3,700,08:28,08:48,20,1,7.377,7.38,0.02,1200.00
2026-01-27,CP9640T4-V02D,C9640ABAZ034-30K,〇,3,300,08:28,08:32,4,,,,,
2026-01-27,CYR15SR-V02D,CYR15E-AX662-30K,●,3,700,08:48,10:47,119,396,1.446,13.01,0.01,793.33
2026-01-27,CYR15SR-V02D,CYR15E-AX662-30K,●,3,300,08:48,08:52,4,,,,,
2026-01-27,APT6-V01B,APTE00-96000150-D,●,1,700,09:27,10:30,63,72,12.93,103.44,0.1,472.50
2026-01-27,APT6-V01B,APTE00-96000150-D,●,1,300,09:27,09:33,6,,,,,
2026-01-27,MLU40LB-V01E,MLU40-27-Z0413-K,〇,2,700,09:33,09:54,21,1,14.2,14.2,0.04,1260.00
2026-01-27,MLU40LB-V01E,MLU40-27-Z0413-K,〇,2,300,09:33,09:38,5,,,,,
2026-01-27,CY1S40S-V01D,CYS40K-AJ030-20K,〇,2,700,09:54,10:11,17,1,26.848,26.85,0.09,1020.00
2026-01-27,CY1S40S-V01D,CYS40K-AJ030-20K,〇,2,300,09:54,09:59,5,,,,,
2026-01-27,MGPM25B2-V01D,MGP25A-AC894-30K,●,1,904,10:30,10:50,20,,,,,
2026-01-27,CP9680T4-V02D,C9680ABAZ037-30K,〇,2,700,10:35,10:50,15,1,18.672,18.67,0.07,900.00
2026-01-27,CP9680T4-V02D,C9680ABAZ037-30K,〇,2,300,10:35,10:40,5,,,,,
2026-01-27,MSQ30B2-V01S,P6260301-D,●,3,700,10:47,11:25,38,59,10.743,204.12,0.32,120.00
2026-01-27,MSQ30B2-V01S,P6260301-D,●,3,300,10:47,10:52,5,,,,,
2026-01-27,MGPM25B2-V01D,MGP25A-AC894-30K,●,1,700,10:50,12:40,110,106,18.57,204.27,0.11,600.00
2026-01-27,MGPM25B2-V01D,MGP25A-AC894-30K,●,1,300,10:50,10:56,6,,,,,
2026-01-27,MXS16B-V03D,P3800401B-M,●,1,700,12:40,14:40,120,307,5.2,109.2,0.05,342.86
2026-01-27,MXS16B-V03D,P3800401B-M,●,1,300,12:40,12:47,7,,,,,
2026-01-27,MYM25P-V01D,CYP025-32D29449,●,1,700,14:40,14:56,16,96,1.69,27.04,0.1,60.00
2026-01-27,MYM25P-V01D,CYP025-32D29449,●,1,300,14:40,14:45,5,,,,,
2026-01-27,XLA25B2-V04B,XLA25-1B-S,●,1,700,14:56,16:30,94,69,14.56,189.28,0.12,433.85
2026-01-27,XLA25B2-V04B,XLA25-1B-S,●,1,300,14:56,15:02,6,,,,,
2026-01-26,PS50B-V01D,S502A61T50X13X27,●,1,700,07:58,10:15,137,159,12.888,90.22,0.04,1174.29
2026-01-26,PS50B-V01D,S502A61T50X13X27,●,1,300,07:58,08:04,6,,,,,
2026-01-26,XLA63B2-V02D,XLA63-1B,◎,2,700,08:37,09:18,41,19,50.214,954.07,1.4,129.47
2026-01-26,XLA63B2-V02D,XLA63-1B,◎,2,300,08:37,08:43,6,,,,,
2026-01-26,XLA80B2-V02D,XLA80-1B,〇,2,700,09:18,09:40,22,1,61.3,61.3,0.17,1320.00
2026-01-26,XLA80B2-V02D,XLA80-1B,〇,2,300,09:18,09:22,4,,,,,
2026-01-26,CM25AH-V01D,C2M025K02-68715B,●,1,700,10:15,11:45,90,188,6.009,48.07,0.03,675.00
2026-01-26,CM25AH-V01D,C2M025K02-68715B,●,1,300,10:15,10:21,6,,,,,
2026-01-26,MXS25TB-V02D,P3800602-M-2,〇,3,700,10:42,10:55,13,1,8.44,8.44,0.04,780.00
2026-01-26,MXS25TB-V02D,P3800602-M-2,〇,3,300,10:42,10:46,4,,,,,
2026-01-26,CXS20S2-V01E,CXS20A-AS989-20K,●,1,700,11:45,12:50,65,153,4.8,48,0.04,390.00
2026-01-26,CXS20S2-V01E,CXS20A-AS989-20K,●,1,300,11:45,11:50,5,,,,,
2026-01-26,SY70M-V01B,SY7000-20-1,●,1,700,12:50,13:48,58,71,12.44,211.48,0.22,204.71
2026-01-26,SY70M-V01B,SY7000-20-1,●,1,300,12:50,12:55,5,,,,,
2026-01-26,CRQ15B-V01D,P4730002-D,●,1,700,13:48,14:20,32,48,4.356,52.27,0.1,160.00
2026-01-26,CRQ15B-V01D,P4730002-D,●,1,300,13:48,13:54,6,,,,,
2026-01-26,MSQ30B2-V01S,P6260301-D,〇,3,700,13:56,14:15,19,1,10.743,10.74,0.03,1140.00
2026-01-26,MSQ30B2-V01S,P6260301-D,〇,3,300,13:56,14:01,5,,,,,
2026-01-26,CQ50T3-V02B-ZZZ,C2Q50A-AD140A30K,●,1,700,14:20,15:08,48,62,12.477,99.82,0.12,360.00
2026-01-26,CQ50T3-V02B-ZZZ,C2Q50A-AD140A30K,●,1,300,14:20,14:27,7,,,,,
2026-01-26,CYR15SR-V02D,CYR15E-AX662-30K,◎,3,700,14:50,15:25,35,106,1.446,13.01,0.02,233.33
2026-01-26,CYR15SR-V02D,CYR15E-AX662-30K,◎,3,300,14:50,14:55,5,,,,,
2026-01-26,MXS25TB-V01D,P3800602-M-2,●,1,700,15:08,16:30,82,207,8.44,101.28,0.07,410.00
2026-01-26,MXS25TB-V01D,P3800602-M-2,●,1,300,15:08,15:14,6,,,,,
2026-01-23,PS50-V01D,S500A61T50X14X30,●,1,700,08:10,09:45,95,111,14.894,193.63,0.12,438.46
2026-01-23,PS50-V01D,S500A61T50X14X30,●,1,300,08:10,08:15,5,,,,,
2026-01-23,CYR32SR-V02D,CYR32E-AX665-30K,●,3,700,08:20,11:15,175,340,2.637,26.37,0.01,1050.00
2026-01-23,CYR32SR-V02D,CYR32E-AX665-30K,●,3,300,08:20,08:27,7,,,,,
2026-01-23,CY1S32S-V01D,CYS32K-AJ029-20K,〇,2,700,08:24,08:39,15,1,19.576,19.58,0.08,900.00
2026-01-23,CY1S32S-V01D,CYS32K-AJ029-20K,〇,2,300,08:24,08:30,6,,,,,
2026-01-23,CYR32SR-V02D,CYR32E-AX665-30K,●,3,200,08:35,08:38,3,,,,,
2026-01-23,XLA40B2-V04B,XLA40-1B-S,●,2,700,08:39,11:30,171,199,25.112,477.13,0.17,540.00
2026-01-23,XLA40B2-V04B,XLA40-1B-S,●,2,300,08:39,08:44,5,,,,,
2026-01-23,XLA25B2-V04B,XLA25-1B-S,●,1,700,09:45,11:45,120,97,14.56,189.28,0.09,553.85
2026-01-23,XLA25B2-V04B,XLA25-1B-S,●,1,300,09:45,09:51,6,,,,,
2026-01-23,CYR15SR-V02D,CYR15E-AX662-30K,●,3,700,11:15,12:45,90,358,1.446,13.01,0.01,600.00
2026-01-23,CYR15SR-V02D,CYR15E-AX662-30K,●,3,300,11:15,11:20,5,,,,,
2026-01-23,SY50M-V01B,SY5000-20-1,●,1,700,11:45,12:50,65,167,8.88,97.68,0.09,354.55
2026-01-23,SY50M-V01B,SY5000-20-1,●,1,300,11:45,11:50,5,,,,,
2026-01-23,CXS16S2-V01D,CXS16A-AS988-20K,●,1,700,13:04,13:56,52,111,3.74,48.62,0.06,240.00
2026-01-23,CXS16S2-V01D,CXS16A-AS988-20K,●,1,300,13:04,13:10,6,,,,,
2026-01-23,MXS16B-V01D,P3800401B-M,〇,3,700,13:20,13:28,8,1,5.2,5.2,0.04,480.00
2026-01-23,MXS16B-V01D,P3800401B-M,〇,3,300,13:20,13:25,5,,,,,
2026-01-23,CP9650T4-V02D,C9650ABAZ035-30K,〇,3,700,13:28,13:46,18,1,9.912,9.91,0.03,1080.00
2026-01-23,CP9650T4-V02D,C9650ABAZ035-30K,〇,3,300,13:28,13:34,6,,,,,
2026-01-23,CY1S06S-V01D,CYS06K-AJ024-20K,〇,3,700,13:46,14:03,17,1,4.05,4.05,0.01,1020.00
2026-01-23,CY1S06S-V01D,CYS06K-AJ024-20K,〇,3,300,13:46,13:52,6,,,,,
2026-01-23,CQS20T-V01D,CQS20-04-F6466-K,●,1,700,13:56,14:18,22,69,3.947,51.32,0.14,101.54
2026-01-23,CQS20T-V01D,CQS20-04-F6466-K,●,1,300,13:56,14:01,5,,,,,
2026-01-23,CY1S20S-V01D,CYS20K-AJ027-20K,〇,3,700,14:03,14:25,22,1,10.644,10.64,0.03,1320.00
2026-01-23,CY1S20S-V01D,CYS20K-AJ027-20K,〇,3,300,14:03,14:08,5,,,,,
2026-01-23,CSB0S-V01D,C1SB0E-AA752-15K,●,1,700,14:18,14:47,29,83,1.8,25.2,0.05,124.29
2026-01-23,CSB0S-V01D,C1SB0E-AA752-15K,●,1,300,14:18,14:24,6,,,,,
2026-01-23,LEF16TB0-V01D,LEF16-4D,〇,3,700,14:25,14:38,13,1,2.67,2.67,0.01,780.00
2026-01-23,LEF16TB0-V01D,LEF16-4D,〇,3,300,14:25,14:30,5,,,,,
2026-01-23,LEF32B0-V01D,LEF32-1D,〇,3,700,14:38,14:58,20,1,11.109,11.11,0.03,1200.00
2026-01-23,LEF32B0-V01D,LEF32-1D,〇,3,300,14:38,14:42,4,,,,,
2026-01-23,VJ10M-V02D,VJ100-16-7,〇,1,700,14:47,15:20,33,1,1.32,1.32,0,1980.00
2026-01-23,VJ10M-V02D,VJ100-16-7,〇,1,300,14:47,14:55,8,,,,,
2026-01-23,LEF25TB0-V01D,LEF25-4D,〇,3,700,14:58,15:09,11,1,4.152,4.15,0.02,660.00
2026-01-23,LEF25TB0-V01D,LEF25-4D,〇,3,300,14:58,15:02,4,,,,,
2026-01-23,MXW16B-V01D,P3801001-M,〇,3,700,15:09,15:25,16,1,6.62,6.62,0.02,960.00
2026-01-23,MXW16B-V01D,P3801001-M,〇,3,300,15:09,15:13,4,,,,,
2026-01-23,MSQ10B2-V04D,P6260101-D,〇,3,700,15:50,16:10,20,1,6.667,6.67,0.02,1200.00
2026-01-23,MSQ10B2-V04D,P6260101-D,〇,3,300,15:50,15:53,3,,,,,
2026-01-23,CYR25SR-V02D,CYR25E-AX664-30K,〇,3,700,16:10,16:20,10,1,2.07,2.07,0.01,600.00
2026-01-23,CYR25SR-V02D,CYR25E-AX664-30K,〇,3,300,16:10,16:14,4,,,,,
2026-01-22,PS63-V03D,S500A61T63X14X20,◎,1,700,08:05,08:38,33,35,16.092,177.01,0.32,180.00
2026-01-22,PS63-V03D,S500A61T63X14X20,◎,1,300,08:05,08:10,5,,,,,
2026-01-22,CK63H-V01D,C1K63L-AS976-30K,●,2,700,08:20,08:50,30,29,27.6,248.4,0.5,200.00
2026-01-22,CK63H-V01D,C1K63L-AS976-30K,●,2,300,08:20,08:24,4,,,,,
2026-01-22,CG50H3-V01D,C1G50L-AT035-30K,●,1,700,08:38,09:41,63,59,17.832,196.15,0.19,343.64
2026-01-22,CG50H3-V01D,C1G50L-AT035-30K,●,1,300,08:38,08:44,6,,,,,
2026-01-22,MGPM50B2-V01D,MGP50A-AC897-20K,●,2,700,08:50,10:25,95,142,27.48,439.68,0.28,356.25
2026-01-22,MGPM50B2-V01D,MGP50A-AC897-20K,●,2,300,08:50,08:56,6,,,,,
2026-01-22,MGPM50B2-V01D,MGP50A-AC897-20K,●,2,200,09:12,09:18,6,,,,,
2026-01-22,CQS25T-V01D-ZZZ,CQS25-04-F6467-30K,●,1,700,09:41,10:11,30,55,6.899,48.29,0.1,257.14
2026-01-22,CQS25T-V01D-ZZZ,CQS25-04-F6467-30K,●,1,300,09:41,09:45,4,,,,,
2026-01-22,MSQ50B2-V04D,P6260401-D,●,1,700,10:11,10:57,46,56,13.723,192.12,0.25,197.14
2026-01-22,MSQ50B2-V04D,P6260401-D,●,1,300,10:11,11:18,67,,,,,
2026-01-22,CYB40B-V01D,CYB40K-AS381-20K,●,2,700,10:25,10:50,25,43,11.8,118,0.28,150.00
2026-01-22,CYB40B-V01D,CYB40K-AS381-20K,●,2,300,10:25,10:31,6,,,,,
2026-01-22,MXQ16B-V02D,P3802601B-M,●,1,700,10:57,11:53,56,131,4.3,47.3,0.05,305.45
2026-01-22,MXQ16B-V02D,P3802601B-M,●,1,300,10:57,11:02,5,,,,,
2026-01-22,MGPM25B2-V02D,MGP25A-AC894-30K,●,1,700,12:13,13:40,87,107,18.57,204.27,0.14,474.55
2026-01-22,MGPM25B2-V02D,MGP25A-AC894-30K,●,1,300,12:13,12:18,5,,,,,
2026-01-22,CYR40SR-V01D,CYR40E-AX666-30K,●,3,700,13:38,14:00,22,46,3.261,22.83,0.06,188.57
2026-01-22,CYR40SR-V01D,CYR40E-AX666-30K,●,3,300,13:38,13:44,6,,,,,
2026-01-22,VV13M1-V01D-ZZZ,DXT192-11-44-30,●,1,700,13:40,15:02,82,222,4.2,50.4,0.04,410.00
2026-01-22,VV13M1-V01D-ZZZ,DXT192-11-44-30,●,1,300,13:40,13:46,6,,,,,
2026-01-22,CP9632T4-V02D,C9632ABAZ033-30K,〇,3,700,14:00,14:10,10,1,6.06,6.06,0.04,600.00
2026-01-22,CP9632T4-V02D,C9632ABAZ033-30K,〇,3,300,14:00,14:06,6,,,,,
2026-01-22,CP9663T4-V02D,C9663ABAZ036-30K,〇,3,700,14:10,14:23,13,1,11.454,11.45,0.05,780.00
2026-01-22,CP9663T4-V02D,C9663ABAZ036-30K,〇,3,300,14:10,14:17,7,,,,,
2026-01-22,CYR15SR-V02D,CYR15E-AX662-30K,●,3,700,14:23,15:20,57,250,1.446,13.01,0.01,380.00
2026-01-22,CYR15SR-V02D,CYR15E-AX662-30K,●,3,300,14:23,14:30,7,,,,,
2026-01-22,CXS20S2-V01E,CXS20A-AS989-20K,●,1,700,15:02,16:30,88,174,4.8,43.2,0.03,586.67
2026-01-22,CXS20S2-V01E,CXS20A-AS989-20K,●,1,300,15:02,15:08,6,,,,,
2026-01-22,CYR32SR-V02D,CYR32E-AX665-30K,〇,3,700,15:30,15:42,12,1,2.637,2.64,0.01,720.00
2026-01-22,CYR32SR-V02D,CYR32E-AX665-30K,〇,3,300,15:30,15:37,7,,,,,
2026-01-22,MYM16BH-V01E,MYM16-42AK0500-20K,〇,3,700,15:45,16:05,20,1,0.4,0.4,0,1200.00
2026-01-22,MYM16BH-V01E,MYM16-42AK0500-20K,〇,3,300,15:45,15:50,5,,,,,
2026-01-21,CYR20SR-V02D,CYR20E-AX663-30K,●,1,700,08:00,10:58,178,420,1.785,17.85,0.01,1068.00
2026-01-21,CYR20SR-V02D,CYR20E-AX663-30K,●,1,300,08:00,08:06,6,,,,,
2026-01-21,PS80B-V01D,S502A61T80X17X20,●,2,700,08:27,09:26,59,59,25.046,225.41,0.23,393.33
2026-01-21,PS80B-V01D,S502A61T80X17X20,●,2,300,08:27,08:33,6,,,,,
2026-01-21,PSA0B-V01D,S502A61TA0X20X20,◎,2,700,09:26,10:31,65,14,39.518,158.07,0.15,975.00
2026-01-21,PSA0B-V01D,S502A61TA0X20X20,◎,2,300,09:26,09:30,4,,,,,
2026-01-21,CG80H3-V01D,C1G80L-AX760-30K,◎,2,700,10:43,11:31,48,47,46.5,697.5,0.87,192.00
2026-01-21,CG80H3-V01D,C1G80L-AX760-30K,◎,2,300,10:43,10:48,5,,,,,
2026-01-21,SY70M-V01B,SY7000-20-1,◎,1,700,10:58,11:28,30,52,12.44,199.04,0.4,112.50
2026-01-21,SY70M-V01B,SY7000-20-1,◎,1,300,10:58,11:05,7,,,,,
2026-01-21,CQ25T3-V02B-ZZZ,C2Q25A-AD137A30K,●,1,700,11:28,11:58,30,40,6.475,51.8,0.1,225.00
2026-01-21,CQ25T3-V02B-ZZZ,C2Q25A-AD137A30K,●,1,300,11:28,11:34,6,,,,,
2026-01-21,CGA0H3-V01D,C1GA0L-AX761-30K,●,2,700,11:31,12:06,35,8,73.8,590.4,1.01,262.50
2026-01-21,CGA0H3-V01D,C1GA0L-AX761-30K,●,2,300,11:31,11:39,8,,,,,
2026-01-21,CQ25T-V01D-ZZZ,C2Q025K04-49999-30K,●,1,700,11:58,12:16,18,26,6.084,48.67,0.16,135.00
2026-01-21,CQ25T-V01D-ZZZ,C2Q025K04-49999-30K,●,1,300,11:58,12:05,7,,,,,
2026-01-21,MYH40K-V02D,MYH40J-R6302-30K,〇,2,700,12:06,12:17,11,1,19.416,19.42,0.11,660.00
2026-01-21,MYH40K-V02D,MYH40J-R6302-30K,〇,2,300,12:06,12:11,5,,,,,
2026-01-21,CQ25T-V01D,C2Q025K04-49999,●,1,700,12:16,13:07,51,168,4.056,56.78,0.07,218.57
2026-01-21,CQ25T-V01D,C2Q025K04-49999,●,1,300,12:16,12:20,4,,,,,
2026-01-21,CRQ15B-V01C,P4730002-D,〇,1,700,13:25,14:00,35,59,4.356,47.92,0.08,190.91
2026-01-21,CRQ15B-V01C,P4730002-D,〇,1,300,13:25,13:32,7,,,,,
2026-01-21,CXS10S2-V01E,CXS10A-AS987-20K,◎,3,700,13:35,14:40,65,82,3.04,45.6,0.04,260.00
2026-01-21,CXS10S2-V01E,CXS10A-AS987-20K,◎,3,300,13:35,13:40,5,,,,,
2026-01-21,CRQ15B-V02C,P4730002-D,●,1,700,14:00,14:31,31,59,4.356,47.92,0.09,169.09
2026-01-21,CRQ15B-V02C,P4730002-D,●,1,300,14:00,14:06,6,,,,,
2026-01-21,CXS10S2-V02E,CXS10A-AS987-20K,◎,1,700,14:31,15:08,37,52,3.04,48.64,0.08,138.75
2026-01-21,CXS10S2-V02E,CXS10A-AS987-20K,◎,1,300,14:31,14:37,6,,,,,
2026-01-21,CQ50T3-V03B-ZZZ,C2Q50A-AD140A30K,●,1,700,15:08,16:30,82,89,12.477,99.82,0.07,615.00
2026-01-21,CQ50T3-V03B-ZZZ,C2Q50A-AD140A30K,●,1,300,15:08,15:19,11,,,,,
2026-01-20,MSQ50B2-V04D,P6260401-D,●,1,700,08:01,09:30,89,139,13.723,178.4,0.12,410.77
2026-01-20,MSQ50B2-V04D,P6260401-D,●,1,300,08:01,08:07,6,,,,,
2026-01-20,MSQ50B5-V01D,P8910402-D,〇,2,700,08:57,09:12,15,1,13.735,13.73,0.05,900.00
2026-01-20,MSQ50B5-V01D,P8910402-D,〇,2,300,08:57,09:02,5,,,,,
2026-01-20,MHF08B-V04D,P4814101-MH1,〇,3,700,09:27,09:43,16,1,2.271,2.27,0.01,960.00
2026-01-20,MHF08B-V04D,P4814101-MH1,〇,3,300,09:27,09:31,4,,,,,
2026-01-20,CYR20SR-V02D,CYR20E-AX663-30K,●,1,700,09:30,12:34,184,420,1.785,17.85,0.01,1104.00
2026-01-20,CYR20SR-V02D,CYR20E-AX663-30K,●,1,300,09:30,09:36,6,,,,,
2026-01-20,MHF12B-V04D,P4814201-MH1,〇,3,700,09:43,10:00,17,1,3.011,3.01,0.01,1020.00
2026-01-20,MHF12B-V04D,P4814201-MH1,〇,3,300,09:43,09:48,5,,,,,
2026-01-20,CYR32SR-V02D,CYR32E-AX665-30K,〇,3,700,10:26,10:37,11,1,2.637,2.64,0.01,660.00
2026-01-20,CYR32SR-V02D,CYR32E-AX665-30K,〇,3,300,10:26,10:30,4,,,,,
2026-01-20,MSQ10TB-V01E,P8910170-D,●,3,700,10:46,11:10,24,38,8.6,103.2,0.26,120.00
2026-01-20,MSQ10TB-V01E,P8910170-D,●,3,300,10:46,10:51,5,,,,,
2026-01-20,CYR40SR-V01D,CYR40E-AX666-30K,●,3,700,11:47,14:20,153,266,3.261,22.83,0.01,1311.43
2026-01-20,CYR40SR-V01D,CYR40E-AX666-30K,●,3,300,11:47,11:55,8,,,,,
2026-01-20,MSQ30B5-V01D,P8910302-D,●,1,700,12:34,13:22,48,69,10.302,92.72,0.12,320.00
2026-01-20,MSQ30B5-V01D,P8910302-D,●,1,300,12:34,12:39,5,,,,,
2026-01-20,CXS10S3-V02D,CXS10A-R6001-20K,〇,1,700,13:22,13:43,21,1,2.24,2.24,0.01,1260.00
2026-01-20,CXS10S3-V02D,CXS10A-R6001-20K,〇,1,300,13:22,13:28,6,,,,,
2026-01-20,CQ20T3-V02B-ZZZ,C2Q20A-AD136A30K,●,1,700,13:43,14:02,19,29,5.51,49.59,0.16,126.67
2026-01-20,CQ20T3-V02B-ZZZ,C2Q20A-AD136A30K,●,1,300,13:43,13:49,6,,,,,
2026-01-20,CQ20T-V01D,C2Q020K04-49998,●,1,700,14:02,14:59,57,223,3.914,50.88,0.05,263.08
2026-01-20,CQ20T-V01D,C2Q020K04-49998,●,1,300,14:02,14:08,6,,,,,
2026-01-20,MSQ10B5-V02D,P8910102-D,〇,3,700,14:18,14:30,12,1,6.15,6.15,0.03,720.00
2026-01-20,MSQ10B5-V02D,P8910102-D,〇,3,300,14:18,14:23,5,,,,,
2026-01-20,CYR15SR-V02D,CYR15E-AX662-30K,●,3,700,14:47,15:22,35,108,1.446,13.01,0.02,233.33
2026-01-20,CYR15SR-V02D,CYR15E-AX662-30K,●,3,300,14:47,14:53,6,,,,,
2026-01-20,CQ20T-V01D-ZZZ,C2Q020K04-49998-30K,●,1,700,14:59,15:09,10,27,5.871,52.84,0.32,66.67
2026-01-20,CQ20T-V01D-ZZZ,C2Q020K04-49998-30K,●,1,300,14:59,15:02,3,,,,,
2026-01-20,CQS25T-V01D-ZZZ,CQS25-04-F6467-30K,●,1,700,15:09,15:56,47,86,6.899,41.4,0.05,470.00
2026-01-20,CQS25T-V01D-ZZZ,CQS25-04-F6467-30K,●,1,300,15:09,15:16,7,,,,,
2026-01-20,MXS16B-V03D,P3800401B-M,◎,1,700,15:56,16:30,34,110,5.2,114.4,0.2,92.73
2026-01-20,MXS16B-V03D,P3800401B-M,◎,1,300,15:56,16:02,6,,,,,
2026-01-19,CM25AS-V02D,C2M025K03-68715B,●,1,700,08:05,09:13,68,167,6.513,45.59,0.04,582.86
2026-01-19,CM25AS-V02D,C2M025K03-68715B,●,1,300,08:05,08:12,7,,,,,
2026-01-19,CYR25SR-V02D,CYR25E-AX664-30K,〇,3,700,08:34,08:52,18,1,2.07,2.07,0.01,1080.00
2026-01-19,CYR25SR-V02D,CYR25E-AX664-30K,〇,3,300,08:34,08:38,4,,,,,
2026-01-19,MHF08B-V03D,P4814101-MH1,〇,3,700,08:52,09:05,13,1,2.271,2.27,0.01,780.00
2026-01-19,MHF08B-V03D,P4814101-MH1,〇,3,300,08:52,08:56,4,,,,,
2026-01-19,MHF12B-V03D,P4814201-MH1,〇,3,700,09:05,09:20,15,1,3.011,3.01,0.01,900.00
2026-01-19,MHF12B-V03D,P4814201-MH1,〇,3,300,09:05,09:10,5,,,,,
2026-01-19,JSY31M2-V01D,JSY31M-20-E-3,●,1,700,09:13,09:32,19,57,3,57,0.18,60.00
2026-01-19,JSY31M2-V01D,JSY31M-20-E-3,●,1,300,09:13,09:19,6,,,,,
2026-01-19,CKZ40T4-V02D,CKZ40ABAT388-30K,〇,3,700,09:20,09:30,10,1,4.5,4.5,0.03,600.00
2026-01-19,CKZ40T4-V02D,CKZ40ABAT388-30K,〇,3,300,09:20,09:24,4,,,,,
2026-01-19,CKZ50T4-V02D,CKZ50ABAT389-30K,〇,3,700,09:30,09:45,15,1,8.7,8.7,0.03,900.00
2026-01-19,CKZ50T4-V02D,CKZ50ABAT389-30K,〇,3,300,09:30,09:35,5,,,,,
2026-01-19,CYR10SR-V02D,CYR10E-AX661-30K,●,3,700,09:45,11:35,110,308,1.146,12.61,0.01,600.00
2026-01-19,CYR10SR-V02D,CYR10E-AX661-30K,●,3,300,09:45,09:50,5,,,,,
2026-01-19,CYR20B-V01D,CYR20K-AX663-20K,●,1,700,09:58,10:20,22,118,2.894,54.99,0.15,69.47
2026-01-19,CYR20B-V01D,CYR20K-AX663-20K,●,1,300,09:58,10:05,7,,,,,
2026-01-19,CYR10SR-V02D,CYR10E-AX661-30K,●,3,200,10:05,10:10,5,,,,,
2026-01-19,CYR25B-V01D,CYR25K-AX664-20K,●,1,700,10:20,10:58,38,94,3.536,53.04,0.08,152.00
2026-01-19,CYR25B-V01D,CYR25K-AX664-20K,●,1,300,10:20,10:26,6,,,,,
2026-01-19,CYR32B-V01D,CYR32K-AX665-20K,●,1,700,10:58,11:30,32,64,5.276,105.52,0.2,96.00
2026-01-19,CYR32B-V01D,CYR32K-AX665-20K,●,1,300,10:58,11:07,9,,,,,
2026-01-19,CQS20T-V01D-ZZZ,CQS20-04-F6466-30K,●,1,700,11:30,11:54,24,44,5.921,47.37,0.12,180.00
2026-01-19,CQS20T-V01D-ZZZ,CQS20-04-F6466-30K,●,1,300,11:30,11:37,7,,,,,
2026-01-19,CYR40SR-V01D,CYR40E-AX666-30K,●,3,700,11:35,12:30,55,62,3.261,22.83,0.02,471.43
2026-01-19,CYR40SR-V01D,CYR40E-AX666-30K,●,3,300,11:35,11:40,5,,,,,
2026-01-19,CQS20T-V01D-ZZZ,CQS20-04-F6466-30K,●,1,700,11:54,12:58,64,135,5.921,53.29,0.05,426.67
2026-01-19,CQS20T-V01D,CQS20-04-F6466-K,●,1,700,12:58,13:13,15,55,3.947,51.32,0.21,69.23
2026-01-19,CQS20T-V01D,CQS20-04-F6466-K,●,1,300,12:58,13:02,4,,,,,
2026-01-19,MXS16B-V03D,P3800401B-M,●,1,700,13:13,13:48,35,65,5.2,109.2,0.19,100.00
2026-01-19,MXS16B-V03D,P3800401B-M,●,1,300,13:13,13:26,13,,,,,
2026-01-19,APT6-V01B,APTE00-96000150-D,●,1,700,13:48,14:30,42,56,12.93,103.44,0.15,315.00
2026-01-19,APT6-V01B,APTE00-96000150-D,●,1,300,13:48,13:55,7,,,,,
2026-01-19,CYR15SR-V02D,CYR15E-AX662-30K,●,1,700,14:30,15:45,75,180,1.446,13.01,0.01,500.00
2026-01-19,CYR15SR-V02D,CYR15E-AX662-30K,●,1,300,14:30,14:37,7,,,,,
2026-01-19,MSQ30B2-V01S,P6260301-D,〇,3,700,14:46,15:00,14,1,10.743,10.74,0.05,840.00
2026-01-19,MSQ30B2-V01S,P6260301-D,〇,3,300,14:46,14:50,4,,,,,
2026-01-19,CYR25SR-V02D,CYR25E-AX664-30K,〇,3,700,15:00,15:20,20,1,2.07,2.07,0.01,1200.00
2026-01-19,CYR25SR-V02D,CYR25E-AX664-30K,〇,3,300,15:00,15:05,5,,,,,
2026-01-19,CYR40SR-V01D,CYR40E-AX666-30K,●,3,700,15:20,16:30,70,110,3.261,22.83,0.02,600.00
2026-01-19,CYR40SR-V01D,CYR40E-AX666-30K,●,3,300,15:20,15:30,10,,,,,
2026-01-16,MSQ10BB2-V01E,P8910180-D,〇,1,700,07:55,08:08,13,1,5.829,5.83,0.03,780.00
2026-01-16,MSQ10BB2-V01E,P8910180-D,〇,1,300,07:55,08:03,8,,,,,
2026-01-16,APT9-V01E,APTE00-96001042-D,●,1,700,08:08,09:24,76,95,9.33,102.63,0.08,414.55
2026-01-16,APT9-V01E,APTE00-96001042-D,●,1,300,08:08,08:14,6,,,,,
2026-01-16,PS56-V01B,S502A61T56X10X27,〇,2,700,08:11,08:36,25,1,17.612,17.61,0.04,1500.00
2026-01-16,PS56-V01B,S502A61T56X10X27,〇,2,300,08:11,08:17,6,,,,,
2026-01-16,CYR32SR-V02D,CYR32E-AX665-30K,〇,3,700,08:30,08:50,20,19,2.637,23.73,0.07,133.33
2026-01-16,CYR32SR-V02D,CYR32E-AX665-30K,〇,3,300,08:30,08:35,5,,,,,
2026-01-16,CP9650H-V01D,C9650LCAZ035-30K,〇,2,700,08:36,08:50,14,1,30.483,30.48,0.13,840.00
2026-01-16,CP9650H-V01D,C9650LCAZ035-30K,〇,2,300,08:36,08:41,5,,,,,
2026-01-16,CP9680H-V01D,C9680LCAZ037-30K,〇,2,700,08:50,09:02,12,1,70.791,70.79,0.35,720.00
2026-01-16,CYR50SR-V02D,CYR50E-AX667-30K,●,3,700,08:50,09:07,17,22,4.965,54.61,0.19,92.73
2026-01-16,CP9680H-V01D,C9680LCAZ037-30K,〇,2,300,08:50,08:55,5,,,,,
2026-01-16,CYR50SR-V02D,CYR50E-AX667-30K,●,3,300,08:50,08:55,5,,,,,
2026-01-16,CQ80T3-V01C-ZZZ,C2Q80A-AD142-30K,●,2,700,09:02,10:06,64,119,23.7,260.7,0.24,349.09
2026-01-16,CQ80T3-V01C-ZZZ,C2Q80A-AD142-30K,●,2,300,09:02,09:08,6,,,,,
2026-01-16,CYR63SR-V01D,CYR63E-AX668-30K,〇,3,700,09:07,09:24,17,1,5.613,5.61,0.02,1020.00
2026-01-16,CYR63SR-V01D,CYR63E-AX668-30K,〇,3,300,09:07,09:12,5,,,,,
2026-01-16,CQ80T3-V01C-ZZZ,C2Q80A-AD142-30K,●,2,200,09:23,09:30,7,,,,,
2026-01-16,CM25AH-V01D,C2M025K02-68715B,●,1,700,09:24,10:32,68,188,6.009,48.07,0.04,510.00
2026-01-16,MXS16B-V01D,P3800401B-M,〇,3,700,09:24,09:35,11,1,5.2,5.2,0.03,660.00
2026-01-16,CM25AH-V01D,C2M025K02-68715B,●,1,300,09:24,09:30,6,,,,,
2026-01-16,MXS16B-V01D,P3800401B-M,〇,3,300,09:24,09:28,4,,,,,
2026-01-16,CP9632T4-V02D,C9632ABAZ033-30K,〇,3,700,09:35,09:48,13,1,6.06,6.06,0.03,780.00
2026-01-16,CP9632T4-V02D,C9632ABAZ033-30K,〇,3,300,09:35,09:40,5,,,,,
2026-01-16,CRQ15B-V01D,P4730002-D,〇,3,700,09:48,10:03,15,1,4.356,4.36,0.02,900.00
2026-01-16,CRQ15B-V01D,P4730002-D,〇,3,300,09:48,09:53,5,,,,,
2026-01-16,CXS10S2-V01E,CXS10A-AS987-20K,〇,3,700,10:25,11:10,45,51,3.04,45.6,0.06,180.00
2026-01-16,CXS10S2-V01E,CXS10A-AS987-20K,〇,3,300,10:25,10:30,5,,,,,
2026-01-16,MHM50B1-V01D,P7471701-M,●,2,700,10:28,10:44,16,39,13.92,264.48,0.99,50.53
2026-01-16,MHM50B1-V01D,P7471701-M,●,2,300,10:28,10:33,5,,,,,
2026-01-16,CXS16S2-V01D,CXS16A-AS988-20K,●,1,700,10:32,11:45,73,182,3.74,52.36,0.04,312.86
2026-01-16,CXS16S2-V01D,CXS16A-AS988-20K,●,1,300,10:32,10:35,3,,,,,
2026-01-16,MXQ25B-V02D,P3802801B-M,●,1,700,12:03,12:38,35,83,8.92,98.12,0.17,190.91
2026-01-16,MXQ25B-V02D,P3802801B-M,●,1,300,12:03,12:08,5,,,,,
2026-01-16,CQ50T3-V02B-ZZZ,C2Q50A-AD140A30K,●,1,700,12:45,13:15,30,44,12.477,99.82,0.2,225.00
2026-01-16,CQ50T3-V02B-ZZZ,C2Q50A-AD140A30K,●,1,300,12:45,12:51,6,,,,,
2026-01-16,CYR50SR-V02D,CYR50E-AX667-30K,●,3,700,13:32,14:24,52,109,4.965,49.65,0.06,312.00
2026-01-16,CYR50SR-V02D,CYR50E-AX667-30K,●,3,300,13:32,13:37,5,,,,,
2026-01-16,MSQ10B2-V04D,P6260101-D,〇,3,700,14:24,14:44,20,1,6.667,6.67,0.02,1200.00
2026-01-16,MSQ10B2-V04D,P6260101-D,〇,3,300,14:24,14:30,6,,,,,
2026-01-16,CA50T-V03C,S370A63T58X50X30,●,3,700,14:44,15:55,71,55,5.433,70.63,0.06,327.69
2026-01-16,CA50T-V03C,S370A63T58X50X30,●,3,300,14:44,14:52,8,,,,,
2026-01-16,CYR15B-V01D,CYR15K-AX662-20K,●,1,700,15:15,15:34,19,67,2.55,53.55,0.17,54.29
2026-01-16,CYR15B-V01D,CYR15K-AX662-20K,●,1,300,15:15,15:20,5,,,,,
2026-01-15,PS63B-V01D,S502A61T63X13X20,●,1,700,07:58,09:13,75,111,15.384,199.99,0.16,346.15
2026-01-15,PS63B-V01D,S502A61T63X13X20,●,1,300,07:58,08:04,6,,,,,
2026-01-15,CP9663H-V01D,C9663LCAZ036-30K,〇,2,700,08:40,08:53,13,3,42.3,126.9,0.59,260.00
2026-01-15,CP9663H-V01D,C9663LCAZ036-30K,〇,2,300,08:40,08:45,5,,,,,
2026-01-15,MYH40K-V01D,MYH40J-R6302-30K,●,2,700,08:53,09:40,47,69,19.416,252.41,0.32,216.92
2026-01-15,MYH40K-V01D,MYH40J-R6302-30K,●,2,300,08:53,08:58,5,,,,,
2026-01-15,CM25AS-V01D,C2M025K03-68715B,●,1,700,09:13,10:15,62,167,6.513,45.59,0.04,531.43
2026-01-15,CM25AS-V01D,C2M025K03-68715B,●,1,300,09:13,09:20,7,,,,,
2026-01-15,CYR10SR-V02D,CYR10E-AX661-30K,〇,3,700,10:06,10:30,24,1,1.146,1.15,0,1440.00
2026-01-15,CYR10SR-V02D,CYR10E-AX661-30K,〇,3,300,10:06,10:11,5,,,,,
2026-01-15,MXQ16B-V02D,P3802601B-M,●,1,700,10:15,10:44,29,59,4.3,47.3,0.1,158.18
2026-01-15,MXQ16B-V02D,P3802601B-M,●,1,300,10:15,10:21,6,,,,,
2026-01-15,CYR63SR-V02D,CYR63E-AX668-30K,●,3,700,10:30,10:47,17,18,5.613,50.52,0.18,113.33
2026-01-15,CYR63SR-V02D,CYR63E-AX668-30K,●,3,300,10:30,10:35,5,,,,,
2026-01-15,CQS12T2-V01D,CQS12-04-F6464-K,●,1,700,10:44,12:00,76,213,2.215,24.36,0.02,414.55
2026-01-15,CQS12T2-V01D,CQS12-04-F6464-K,●,1,300,10:44,10:50,6,,,,,
2026-01-15,MSQ30B2-V01S,P6260301-D,〇,3,700,10:47,11:00,13,1,10.743,10.74,0.05,780.00
2026-01-15,MSQ30B2-V01S,P6260301-D,〇,3,300,10:47,10:52,5,,,,,
2026-01-15,CQS12T2-V01D,CQS12-04-F6464-K,●,1,200,10:58,11:05,7,,,,,
2026-01-15,MSQ50B2-V04D,P6260401-D,◎,3,700,11:00,12:09,69,40,13.723,178.4,0.16,318.46
2026-01-15,MSQ50B2-V04D,P6260401-D,◎,3,300,11:00,11:05,5,,,,,
2026-01-15,APT6-V01B,APTE00-96000150-D,●,1,700,12:00,13:10,70,128,12.93,103.44,0.09,525.00
2026-01-15,APT6-V01B,APTE00-96000150-D,●,1,300,12:00,12:05,5,,,,,
2026-01-15,CRQ15B-V01C,P4730002-D,〇,1,700,13:10,13:43,33,1,4.356,4.36,0.01,1980.00
2026-01-15,CRQ15B-V01C,P4730002-D,〇,1,300,13:10,13:15,5,,,,,
2026-01-15,NCQ38T-V01D,N7QADA-BA348-20K,〇,3,700,13:16,13:31,15,1,6.61,6.61,0.03,900.00
2026-01-15,NCQ38T-V01D,N7QADA-BA348-20K,〇,3,300,13:16,13:21,5,,,,,
2026-01-15,MXQ20B-V02D,P3802701B-M,〇,3,700,13:31,13:50,19,1,6.18,6.18,0.02,1140.00
2026-01-15,MXQ20B-V02D,P3802701B-M,〇,3,300,13:31,13:37,6,,,,,
2026-01-15,CRQ15B-V01C,P4730002-D,〇,1,200,13:35,13:39,4,,,,,
2026-01-15,MB50T-V01C,S369A63T55X50X30,●,3,700,13:36,15:30,114,166,3.338,40.06,0.02,570.00
2026-01-15,MB50T-V01C,S369A63T55X50X30,●,3,300,13:36,13:41,5,,,,,
2026-01-15,RSQ12RC-V01D,RSQ12G-M2080-20K,●,1,700,13:43,14:19,36,98,2.892,54.96,0.09,113.68
2026-01-15,RSQ12RC-V01D,RSQ12G-M2080-20K,●,1,300,13:43,13:51,8,,,,,
2026-01-15,MB50T-V01C,S369A63T55X50X30,●,3,200,13:55,14:03,8,,,,,
2026-01-15,CYR63SR-V02D,CYR63E-AX668-30K,●,3,700,14:00,14:27,27,59,5.613,50.52,0.11,180.00
2026-01-15,CYR63SR-V02D,CYR63E-AX668-30K,●,3,300,14:00,14:05,5,,,,,
2026-01-15,RSQ12RC-V01D,RSQ12G-M2080-20K,●,1,200,14:06,14:10,4,,,,,
2026-01-15,MGPL25B2-V01D,MGP25A-AC904-30K,●,1,700,14:19,14:58,39,27,16.53,214.89,0.33,180.00
2026-01-15,MGPL25B2-V01D,MGP25A-AC904-30K,●,1,300,14:19,14:26,7,,,,,
2026-01-15,CYR15SR-V02D,CYR15E-AX662-30K,●,3,700,14:35,16:00,85,288,1.446,13.01,0.01,566.67
2026-01-15,CYR15SR-V02D,CYR15E-AX662-30K,●,3,300,14:35,14:41,6,,,,,
2026-01-15,VJ10M-V02D,VJ100-16-7,◎,1,700,14:58,15:28,30,116,1.32,23.76,0.05,100.00
2026-01-15,VJ10M-V02D,VJ100-16-7,◎,1,300,14:58,15:02,4,,,,,
2026-01-15,VV13M1-V01D-ZZZ,DXT192-11-44-30,●,1,700,15:56,16:30,34,55,4.2,54.6,0.1,156.92
2026-01-15,VV13M1-V01D-ZZZ,DXT192-11-44-30,●,1,300,15:56,15:59,3,,,,,
2026-01-14,CM25AH-V01D,C2M025K02-68715B,●,1,700,07:56,09:09,73,188,6.009,48.07,0.04,547.50
2026-01-14,CM25AH-V01D,C2M025K02-68715B,●,1,300,07:56,08:02,6,,,,,
2026-01-14,CG80R2-V01D,C1G80K02-AH117,◎,2,700,08:30,09:28,58,20,46.2,462,0.48,348.00
2026-01-14,CG80R2-V01D,C1G80K02-AH117,◎,2,300,08:30,08:36,6,,,,,
2026-01-14,CXS32S2-V01E,CXS32A-AS991-20K,●,1,700,09:09,09:46,37,59,10.38,197.22,0.32,116.84
2026-01-14,CXS32S2-V01E,CXS32A-AS991-20K,●,1,300,09:09,09:16,7,,,,,
2026-01-14,XLA40B2-V04B,XLA40-1B-S,●,2,700,09:28,10:40,72,59,25.112,477.13,0.4,227.37
2026-01-14,XLA40B2-V04B,XLA40-1B-S,●,2,300,09:28,09:34,6,,,,,
2026-01-14,CXS10S3-V02D,CXS10A-R6001-20K,◎,1,700,09:46,10:16,30,65,2.24,22.4,0.04,180.00
2026-01-14,CXS10S3-V02D,CXS10A-R6001-20K,◎,1,300,09:46,09:51,5,,,,,
2026-01-14,CG50H3-V01D,C1G50L-AT035-30K,〇,1,700,10:16,11:02,46,1,17.832,17.83,0.02,2760.00
2026-01-14,CG50H3-V01D,C1G50L-AT035-30K,〇,1,300,10:16,10:24,8,,,,,
2026-01-14,CYR20SR-V02D,CYR20E-AX663-30K,〇,3,700,10:50,11:05,15,1,1.785,1.79,0.01,900.00
2026-01-14,CYR20SR-V02D,CYR20E-AX663-30K,〇,3,300,10:50,10:54,4,,,,,
2026-01-14,MYH40K-V01D,MYH40J-R6302-30K,●,2,700,11:04,12:00,56,84,19.416,271.82,0.29,240.00
2026-01-14,MYH40K-V01D,MYH40J-R6302-30K,●,2,300,11:04,11:10,6,,,,,
2026-01-14,CYR15SR-V02D,CYR15E-AX662-30K,〇,3,700,11:05,11:25,20,1,1.446,1.45,0,1200.00
2026-01-14,CYR15SR-V02D,CYR15E-AX662-30K,〇,3,300,11:05,11:08,3,,,,,
2026-01-14,MYH40K-V01D,MYH40J-R6302-30K,●,2,200,11:24,11:29,5,,,,,
2026-01-14,CYR40SR-V01D,CYR40E-AX666-30K,〇,3,700,11:25,11:43,18,1,3.261,3.26,0.01,1080.00
2026-01-14,CYR40SR-V01D,CYR40E-AX666-30K,〇,3,300,11:25,11:30,5,,,,,
2026-01-14,MXQ20B-V01D,P3802701B-M,●,1,700,11:30,12:25,55,132,6.18,111.24,0.12,183.33
2026-01-14,MXQ20B-V01D,P3802701B-M,●,1,300,11:30,11:38,8,,,,,
2026-01-14,MLU25LB-V01E,MLU25-27-Z0411-K,●,1,700,12:25,12:56,31,50,6.6,105.6,0.2,116.25
2026-01-14,MLU25LB-V01E,MLU25-27-Z0411-K,●,1,300,12:25,12:32,7,,,,,
2026-01-14,VV14M1-V02D,DXT199-20-23,●,1,700,12:56,14:23,87,263,5.16,108.36,0.07,248.57
2026-01-14,VV14M1-V02D,DXT199-20-23,●,1,300,12:56,12:59,3,,,,,
2026-01-14,CA63T-V02C,S370A63T72X63X30,●,3,700,13:25,14:30,65,148,7.641,106.98,0.1,278.57
2026-01-14,CA63T-V02C,S370A63T72X63X30,●,3,300,13:25,13:30,5,,,,,
2026-01-14,MSQ30B5-V01D,P8910302-D,〇,1,700,14:23,14:51,28,39,10.302,92.72,0.2,186.67
2026-01-14,MSQ30B5-V01D,P8910302-D,〇,1,300,14:23,14:29,6,,,,,
2026-01-14,VV13M1-V01D-ZZZ,DXT192-11-44-30,●,1,700,14:51,16:30,99,292,4.2,50.4,0.03,495.00
2026-01-14,VV13M1-V01D-ZZZ,DXT192-11-44-30,●,1,300,14:51,14:58,7,,,,,
2026-01-14,CXS20S2-V01E,CXS20A-AS989-20K,●,3,700,16:00,16:30,30,54,4.8,48,0.1,180.00
2026-01-14,CXS20S2-V01E,CXS20A-AS989-20K,●,3,300,16:00,16:05,5,,,,,
2026-01-13,CYR25SR-V02D,CYR25E-AX664-30K,〇,3,700,08:33,08:48,15,1,2.07,2.07,0.01,900.00
2026-01-13,CYR25SR-V02D,CYR25E-AX664-30K,〇,3,300,08:33,08:39,6,,,,,
2026-01-13,CYR10SR-V01D,CYR10E-AX661-30K,〇,3,700,08:48,09:05,17,1,1.146,1.15,0,1020.00
2026-01-13,CYR10SR-V01D,CYR10E-AX661-30K,〇,3,300,08:48,08:54,6,,,,,
2026-01-13,MYM16S2-V01D,MYM16K-AB013-20K,〇,3,700,09:15,09:32,17,1,3.367,3.37,0.01,1020.00
2026-01-13,MYM16S2-V01D,MYM16K-AB013-20K,〇,3,300,09:15,09:19,4,,,,,
2026-01-13,CP9650T4-V02D,C9650ABAZ035-30K,〇,3,700,09:32,09:45,13,1,9.912,9.91,0.05,780.00
2026-01-13,CP9650T4-V02D,C9650ABAZ035-30K,〇,3,300,09:32,09:38,6,,,,,
2026-01-13,MB50T-V02C,S369A63T55X50X30,●,3,700,09:53,11:05,72,139,3.338,43.4,0.04,332.31
2026-01-13,MB50T-V02C,S369A63T55X50X30,●,3,300,09:53,09:58,5,,,,,
2026-01-13,MB50T-V02C,S369A63T55X50X30,●,3,200,10:08,10:16,8,,,,,
2026-01-13,MGPM20B2-V01D,MGP20A-AC893-30K,●,1,700,11:55,13:11,76,69,15.09,196.17,0.15,350.77
2026-01-13,MGPM20B2-V01D,MGP20A-AC893-30K,●,1,300,11:55,12:00,5,,,,,
2026-01-13,CQ12TH-V01D,C2Q012K04-56563,〇,1,700,13:11,13:40,29,71,2.101,25.21,0.05,145.00
2026-01-13,CQ12TH-V01D,C2Q012K04-56563,〇,1,300,13:11,13:15,4,,,,,
2026-01-13,CKZ40T4-V01D,CKZ40ABAT388-30K,●,3,700,13:30,15:20,110,214,4.5,45,0.02,660.00
2026-01-13,CKZ40T4-V01D,CKZ40ABAT388-30K,●,3,300,13:30,13:35,5,,,,,
2026-01-13,CQ40T3-V02B-ZZZ,C2Q40A-AD139A30K,●,1,700,13:40,16:30,170,334,8.325,108.23,0.04,784.62
2026-01-13,CQ40T3-V02B-ZZZ,C2Q40A-AD139A30K,●,1,300,13:40,13:49,9,,,,,
2026-01-13,CKZ40T4-V01D,CKZ40ABAT388-30K,●,3,200,13:52,14:00,8,,,,,
2026-01-13,CQ40T3-V02B-ZZZ,C2Q40A-AD139A30K,●,1,200,14:17,14:20,3,,,,,
2026-01-13,CY1S25S-V01D,CYS25K-AJ028-20K,〇,2,700,14:36,15:20,44,1,13.63,13.63,0.02,2640.00
2026-01-13,CY1S25S-V01D,CYS25K-AJ028-20K,〇,2,300,14:36,14:40,4,,,,,
2026-01-12,NCA51TD-V01C,S183A63T56X51X30,◎,1,700,08:00,08:31,31,35,7.834,47,0.09,310.00
2026-01-12,NCA51TD-V01C,S183A63T56X51X30,◎,1,300,08:00,08:07,7,,,,,
2026-01-12,PS63-V03D,S500A61T63X14X20,●,1,700,08:31,09:47,76,95,16.092,177.01,0.14,414.55
2026-01-12,PS63-V03D,S500A61T63X14X20,●,1,300,08:31,08:37,6,,,,,
2026-01-12,CXS10S2-V01E,CXS10A-AS987-20K,〇,3,700,08:40,08:54,14,1,3.04,3.04,0.01,840.00
2026-01-12,CXS10S2-V01E,CXS10A-AS987-20K,〇,3,300,08:40,08:45,5,,,,,
2026-01-12,NCQ38T2-V01D,N7QADA-BA354-20K,〇,3,700,08:54,09:09,15,1,6.896,6.9,0.03,900.00
2026-01-12,NCQ38T2-V01D,N7QADA-BA354-20K,〇,3,300,08:54,08:58,4,,,,,
2026-01-12,CY1S15S-V01D,CYS15K-AJ026-20K,〇,3,700,09:09,09:21,12,1,8.148,8.15,0.04,720.00
2026-01-12,CY1S15S-V01D,CYS15K-AJ026-20K,〇,3,300,09:09,09:14,5,,,,,
2026-01-12,CY1S10S-V01D,CYS10K-AJ025-20K,〇,3,700,09:21,09:44,23,1,5.492,5.49,0.01,1380.00
2026-01-12,CY1S10S-V01D,CYS10K-AJ025-20K,〇,3,300,09:21,09:26,5,,,,,
2026-01-12,MB40T-V02C,S369A63T45X40X30,〇,3,700,09:44,10:00,16,26,2.702,32.43,0.12,80.00
2026-01-12,MB40T-V02C,S369A63T45X40X30,〇,3,300,09:44,09:48,4,,,,,
2026-01-12,MSQ20B5-V01D,P8910202-D,●,1,700,09:47,11:01,74,181,8.2,106.6,0.09,341.54
2026-01-12,MSQ20B5-V01D,P8910202-D,●,1,300,09:47,09:53,6,,,,,
2026-01-12,MGPM25B2-V01D,MGP25A-AC894-30K,●,1,700,11:07,12:30,83,95,18.57,204.27,0.15,452.73
2026-01-12,MGPM25B2-V01D,MGP25A-AC894-30K,●,1,300,11:07,11:12,5,,,,,
2026-01-12,XLA25B2-V04B,XLA25-1B-S,●,1,700,12:30,14:26,116,97,14.56,189.28,0.1,535.38
2026-01-12,XLA25B2-V04B,XLA25-1B-S,●,1,300,12:30,12:36,6,,,,,
2026-01-12,MB32T-V01C,S369A63T36X32X30,●,3,700,13:29,14:29,60,156,1.733,24.26,0.02,257.14
2026-01-12,MB32T-V01C,S369A63T36X32X30,●,3,300,13:29,13:34,5,,,,,
2026-01-12,MB32T-V01C,S369A63T36X32X30,●,3,200,13:42,13:49,7,,,,,
2026-01-12,VJ10M-V02D,VJ100-16-7,●,1,700,14:26,15:09,43,238,1.32,25.08,0.03,135.79
2026-01-12,VJ10M-V02D,VJ100-16-7,●,1,300,14:26,14:31,5,,,,,
2026-01-12,MB40T-V02C,S369A63T45X40X30,●,3,700,14:30,15:25,55,84,2.702,37.83,0.04,235.71
2026-01-12,MB40T-V02C,S369A63T45X40X30,●,3,300,14:30,14:36,6,,,,,
2026-01-12,MXS16B-V03D,P3800401B-M,●,3,700,16:02,16:30,28,65,5.2,109.2,0.23,80.00
2026-01-12,MXS16B-V03D,P3800401B-M,●,3,300,16:02,16:10,8,,,,,
2026-01-09,NCA38TD-V01C,S183A63T43X38X30,◎,1,700,07:55,08:34,39,47,5.959,23.83,0.04,585.00
2026-01-09,NCA38TD-V01C,S183A63T43X38X30,◎,1,300,07:55,08:02,7,,,,,
2026-01-09,CQ63T3-V02C-ZZZ,C2Q63A-AD141A30K,〇,2,700,08:15,08:33,18,1,14.947,14.95,0.05,1080.00
2026-01-09,CQ63T3-V02C-ZZZ,C2Q63A-AD141A30K,〇,2,300,08:15,08:20,5,,,,,
2026-01-09,CQ63T-V01C,C2Q63-04-J0782AK,〇,2,700,08:33,08:44,11,1,11.06,11.06,0.06,660.00
2026-01-09,CQ63T-V01C,C2Q63-04-J0782AK,〇,2,300,08:33,08:38,5,,,,,
2026-01-09,CQ25C-V01D,S501A61T27X12X30,●,1,700,08:34,09:49,75,222,3.693,22.16,0.02,750.00
2026-01-09,CQ25C-V01D,S501A61T27X12X30,●,1,300,08:34,08:39,5,,,,,
2026-01-09,CXS32S2-V02E,CXS32A-AS991-20K,〇,3,700,08:53,09:15,22,1,10.38,10.38,0.03,1320.00
2026-01-09,CXS32S2-V02E,CXS32A-AS991-20K,〇,3,300,08:53,08:59,6,,,,,
2026-01-09,MXW20B-V02D,P3801101-M,〇,3,700,09:15,09:30,15,1,12.84,12.84,0.05,900.00
2026-01-09,MXW20B-V02D,P3801101-M,〇,3,300,09:15,09:20,5,,,,,
2026-01-09,MSQ10B5-V02D,P8910102-D,〇,3,700,09:30,09:51,21,1,6.15,6.15,0.02,1260.00
2026-01-09,MSQ10B5-V02D,P8910102-D,〇,3,300,09:30,09:35,5,,,,,
2026-01-09,PS50B-V01D,S502A61T50X13X27,●,1,700,09:49,11:52,123,144,12.888,103.1,0.05,922.50
2026-01-09,PS50B-V01D,S502A61T50X13X27,●,1,300,09:49,09:55,6,,,,,
2026-01-09,CA50T-V03C,S370A63T58X50X30,●,3,700,09:51,11:25,94,204,5.433,65.19,0.04,470.00
2026-01-09,CA50T-V03C,S370A63T58X50X30,●,3,300,09:51,09:56,5,,,,,
2026-01-09,CA50T-V03C,S370A63T58X50X30,●,3,200,10:03,10:10,7,,,,,
2026-01-09,MSQ50B2-V04D,P6260401-D,◎,1,700,11:52,12:24,32,42,13.723,192.12,0.36,137.14
2026-01-09,MSQ50B2-V04D,P6260401-D,◎,1,300,11:52,11:59,7,,,,,
2026-01-09,MSQ20B2-V04D,P6260201-D,●,1,700,12:24,13:45,81,153,9.669,96.69,0.07,486.00
2026-01-09,MSQ20B2-V04D,P6260201-D,●,1,300,12:24,12:30,6,,,,,
2026-01-09,MB40T-V01C,S369A63T45X40X30,●,3,700,13:25,15:07,102,208,2.702,32.43,0.02,510.00
2026-01-09,MB40T-V01C,S369A63T45X40X30,●,3,300,13:25,13:30,5,,,,,
2026-01-09,CXS10S3-V02D,CXS10A-R6001-20K,◎,1,700,13:45,14:29,44,154,2.24,24.64,0.03,240.00
2026-01-09,CXS10S3-V02D,CXS10A-R6001-20K,◎,1,300,13:45,13:51,6,,,,,
2026-01-09,MB40T-V01C,S369A63T45X40X30,●,3,200,13:47,13:55,8,,,,,
2026-01-09,MGPL16B2-V02D,MGP16A-AC902-30K,●,1,700,14:29,15:26,57,103,9.12,109.44,0.12,285.00
2026-01-09,MGPL16B2-V02D,MGP16A-AC902-30K,●,1,300,14:29,14:36,7,,,,,
2026-01-09,CQS16T2-V01D,CQS16-04-F6465-K,●,1,700,15:26,16:01,35,152,2.633,52.66,0.09,105.00
2026-01-09,CQS16T2-V01D,CQS16-04-F6465-K,●,1,300,15:26,15:32,6,,,,,
2026-01-09,CXS20S2-V01E,CXS20A-AS989-20K,●,3,700,15:32,16:10,38,64,4.8,43.2,0.07,253.33
2026-01-09,CXS20S2-V01E,CXS20A-AS989-20K,●,3,300,15:32,15:37,5,,,,,
2026-01-09,CXS20S2-V01E,CXS20A-AS989-20K,●,3,200,15:55,16:04,9,,,,,
2026-01-08,NCA64TD-V01C,S183A63T68X64X30,●,1,700,07:56,08:16,20,20,10.297,41.19,0.12,300.00
2026-01-08,NCA64TD-V01C,S183A63T68X64X30,●,1,300,07:56,08:02,6,,,,,
2026-01-08,MSQ50B5-V01D,P8910402-D,〇,2,700,08:10,08:36,26,1,13.735,13.73,0.03,1560.00
2026-01-08,MSQ50B5-V01D,P8910402-D,〇,2,300,08:10,08:16,6,,,,,
2026-01-08,PS50-V01D,S500A61T50X14X30,●,1,700,08:16,10:10,114,112,14.894,208.52,0.11,488.57
2026-01-08,PS50-V01D,S500A61T50X14X30,●,1,300,08:16,08:25,9,,,,,
2026-01-08,LEY63B-V02B,LEY63-1D-30,〇,2,700,08:36,08:57,21,1,17.472,17.47,0.05,1260.00
2026-01-08,LEY63B-V02B,LEY63-1D-30,〇,2,300,08:36,08:42,6,,,,,
2026-01-08,CAA0T-V03C,S370A63T110X100X30,◎,3,700,09:15,10:35,80,78,13.188,79.13,0.06,800.00
2026-01-08,CAA0T-V03C,S370A63T110X100X30,◎,3,300,09:15,09:20,5,,,,,
2026-01-08,CAA0T-V03C,S370A63T110X100X30,◎,3,200,09:28,09:35,7,,,,,
2026-01-08,MK25RC-V01E,MK-25L-AF608-20K,●,1,700,10:10,11:18,68,262,2.246,20.21,0.02,453.33
2026-01-08,MK25RC-V01E,MK-25L-AF608-20K,●,1,300,10:10,10:15,5,,,,,
2026-01-08,MSQ30B2-V01S,P6260301-D,●,1,700,11:18,12:33,75,139,10.743,204.12,0.16,236.84
2026-01-08,MSQ30B2-V01S,P6260301-D,●,1,300,11:18,11:25,7,,,,,
2026-01-08,MSQ30B2-V01S,P6260301-D,●,1,200,11:45,11:51,6,,,,,
2026-01-08,MHZ16B2-V01E,P4811251-MH1,◎,1,700,12:33,13:04,31,70,2.2,24.2,0.05,169.09
2026-01-08,MHZ16B2-V01E,P4811251-MH1,◎,1,300,12:33,12:39,6,,,,,
2026-01-08,CXS25S2-V02E,CXS25A-AS990-20K,●,1,700,13:14,14:40,86,222,7.056,98.78,0.07,368.57
2026-01-08,CXS25S2-V02E,CXS25A-AS990-20K,●,1,300,13:14,13:20,6,,,,,
2026-01-08,CA40T-V03C,S370A63T47X40X30,●,3,700,13:18,14:35,77,194,3.823,45.88,0.04,385.00
2026-01-08,CA40T-V03C,S370A63T47X40X30,●,3,300,13:18,13:23,5,,,,,
2026-01-08,CA40T-V03C,S370A63T47X40X30,●,3,200,13:32,13:39,7,,,,,
2026-01-08,MSQ10B2-V03D,P6260101-D,〇,3,700,14:35,14:55,20,1,6.667,6.67,0.02,1200.00
2026-01-08,MSQ10B2-V03D,P6260101-D,〇,3,300,14:35,14:40,5,,,,,
2026-01-08,MYM32P-V01D,CYP032-32D29450,●,1,700,14:40,14:58,18,65,2.328,25.61,0.09,98.18
2026-01-08,MYM32P-V01D,CYP032-32D29450,●,1,300,14:40,14:46,6,,,,,
2026-01-08,CKZ63T4-V01D,CKZ63ABAT390-30K,●,3,700,14:55,16:10,75,99,11.1,99.9,0.08,500.00
2026-01-08,CKZ63T4-V01D,CKZ63ABAT390-30K,●,3,300,14:55,15:00,5,,,,,
2026-01-08,CQ12TH-V01D,C2Q012K04-56563,〇,1,700,14:58,15:24,26,1,2.101,2.1,0,1560.00
2026-01-08,CQ12TH-V01D,C2Q012K04-56563,〇,1,300,14:58,15:06,8,,,,,
2026-01-08,CKZ63T4-V01D,CKZ63ABAT390-30K,●,3,200,15:10,15:18,8,,,,,
2026-01-08,VV14M1-V01D-ZZZ,DXT199-20-23-30,●,1,700,15:24,16:25,61,74,7.74,108.36,0.11,261.43
2026-01-08,VV14M1-V01D-ZZZ,DXT199-20-23-30,●,1,300,15:24,15:34,10,,,,,
2026-01-07,MSQ50B2-V04D,P6260401-D,〇,1,700,07:57,08:14,17,1,13.723,13.72,0.05,1020.00
2026-01-07,MSQ50B2-V04D,P6260401-D,〇,1,300,07:57,08:04,7,,,,,
2026-01-07,CQ20C-V01D,S501A61T23X10X30,●,1,700,08:14,09:33,79,298,2.646,23.81,0.02,526.67
2026-01-07,CQ20C-V01D,S501A61T23X10X30,●,1,300,08:14,08:21,7,,,,,
2026-01-07,NCA150H-V01D,NCA150-03-AV286-20K,〇,2,700,08:17,08:43,26,27,13.17,171.21,0.4,120.00
2026-01-07,NCA150H-V01D,NCA150-03-AV286-20K,〇,2,300,08:17,08:23,6,,,,,
2026-01-07,CP9640H-V01D,C9640LCAZ034-30K,〇,2,700,08:43,08:57,14,1,21,21,0.09,840.00
2026-01-07,CP9640H-V01D,C9640LCAZ034-30K,〇,2,300,08:43,08:48,5,,,,,
2026-01-07,CYR10SR-V01D,CYR10E-AX661-30K,〇,3,700,09:15,10:00,45,1,1.146,1.15,0,2700.00
2026-01-07,CYR10SR-V01D,CYR10E-AX661-30K,〇,3,300,09:15,09:22,7,,,,,
2026-01-07,XLA25B2-V04B,XLA25-1B-S,●,1,700,09:33,11:32,119,97,14.56,189.28,0.1,549.23
2026-01-07,XLA25B2-V04B,XLA25-1B-S,●,1,300,09:33,09:40,7,,,,,
2026-01-07,CYR15SR-V01D,CYR15E-AX662-30K,〇,3,700,10:10,10:30,20,1,1.446,1.45,0,1200.00
2026-01-07,CYR15SR-V01D,CYR15E-AX662-30K,〇,3,300,10:10,10:14,4,,,,,
2026-01-07,CYR20SR-V01D,CYR20E-AX663-30K,〇,3,700,10:30,10:44,14,1,1.785,1.79,0.01,840.00
2026-01-07,CYR20SR-V01D,CYR20E-AX663-30K,〇,3,300,10:30,10:35,5,,,,,
2026-01-07,MXS16B-V01D,P3800401B-M,〇,3,700,10:50,11:07,17,1,5.2,5.2,0.02,1020.00
2026-01-07,MXS16B-V01D,P3800401B-M,〇,3,300,10:50,10:56,6,,,,,
2026-01-07,CP9632T4-V02D,C9632ABAZ033-30K,〇,3,700,11:07,11:28,21,1,6.06,6.06,0.02,1260.00
2026-01-07,CP9632T4-V02D,C9632ABAZ033-30K,〇,3,300,11:07,11:13,6,,,,,
2026-01-07,MHZ10B2-V02E,P4811151-MH1,〇,1,700,11:32,12:20,48,129,1.264,26.54,0.03,137.14
2026-01-07,MHZ10B2-V02E,P4811151-MH1,〇,1,300,11:32,11:35,3,,,,,
2026-01-07,MSQ10BB2-V01E,P8910180-D,●,1,700,12:38,13:08,30,100,5.829,116.58,0.23,90.00
2026-01-07,MSQ10BB2-V01E,P8910180-D,●,1,300,12:38,12:45,7,,,,,
2026-01-07,CG40H3-V02D,C1G40L-AT034-30K,●,1,700,13:08,14:15,67,99,11.577,104.19,0.09,446.67
2026-01-07,CG40H3-V02D,C1G40L-AT034-30K,●,1,300,13:08,13:16,8,,,,,
2026-01-07,CXS10S2-V01E,CXS10A-AS987-20K,〇,3,700,13:17,13:30,13,1,3.04,3.04,0.01,780.00
2026-01-07,CXS10S2-V01E,CXS10A-AS987-20K,〇,3,300,13:17,13:24,7,,,,,
2026-01-07,CXS20S2-V01E,CXS20A-AS989-20K,〇,3,700,13:30,13:49,19,1,4.8,4.8,0.02,1140.00
2026-01-07,CXS20S2-V01E,CXS20A-AS989-20K,〇,3,300,13:30,13:36,6,,,,,
2026-01-07,MXS08B-V03D,P3800201B-M,〇,3,700,13:49,14:15,26,1,2,2,0,1560.00
2026-01-07,MXS08B-V03D,P3800201B-M,〇,3,300,13:49,13:54,5,,,,,
2026-01-07,MXS08B-V03D,P3800201B-M,〇,3,200,14:07,14:15,8,,,,,
2026-01-07,CXS20P-V01E,CXS20J-28749-20K,●,1,700,14:15,14:53,38,340,1.474,25.06,0.04,134.12
2026-01-07,MXS12B-V03D,P3800301B-M,●,3,700,14:15,14:50,35,46,3.32,46.48,0.08,150.00
2026-01-07,CXS20P-V01E,CXS20J-28749-20K,●,1,300,14:15,14:21,6,,,,,
2026-01-07,MXS12B-V03D,P3800301B-M,●,3,300,14:15,14:20,5,,,,,
2026-01-07,MXS12B-V03D,P3800301B-M,●,3,200,14:33,14:40,7,,,,,
2026-01-07,MGPM20B2-V02D,MGP20A-AC893-30K,●,1,700,14:53,16:30,97,125,15.09,196.17,0.12,447.69
2026-01-07,MGPM20B2-V02D,MGP20A-AC893-30K,●,1,300,14:53,15:01,8,,,,,
2026-01-06,MBA0TD-V01C,S409A63T107X100X30,〇,1,300,08:00,08:18,18,,,,,
2026-01-06,MBA0TD-V01C,S409A63T107X100X30,〇,1,700,08:10,08:45,35,19,22.621,90.48,0.16,525.00
2026-01-06,CQ63T3-V02C-ZZZ,C2Q63A-AD141A30K,〇,2,700,08:30,08:55,25,1,14.947,14.95,0.04,1500.00
2026-01-06,CQ63T3-V02C-ZZZ,C2Q63A-AD141A30K,〇,2,300,08:30,08:35,5,,,,,
2026-01-06,CG40R-V01D,CG-040K02-35903A,●,1,700,08:45,09:16,31,51,8.452,101.42,0.2,155.00
2026-01-06,CG40R-V01D,CG-040K02-35903A,●,1,300,08:45,08:52,7,,,,,
2026-01-06,CQ40R-V02D,C2Q40-02-J0786-K,〇,2,700,08:55,09:08,13,1,13.2,13.2,0.06,780.00
2026-01-06,CQ40R-V02D,C2Q40-02-J0786-K,〇,2,300,08:55,09:00,5,,,,,
2026-01-06,LEY63B-V01B,LEY63-1D-30,◎,2,700,09:08,10:15,67,55,17.472,192.19,0.17,365.45
2026-01-06,LEY63B-V01B,LEY63-1D-30,◎,2,300,09:08,09:14,6,,,,,
2026-01-06,CJ06C2-V01D,C2J06LAAH080-30K,●,1,700,09:16,10:37,81,480,1.068,12.82,0.01,405.00
2026-01-06,CYR25SR-V02D,CYR25E-AX664-30K,〇,3,700,09:50,10:05,15,1,2.07,2.07,0.01,900.00
2026-01-06,CYR25SR-V02D,CYR25E-AX664-30K,〇,3,300,09:50,09:55,5,,,,,
2026-01-06,MB50T-V02C,S369A63T55X50X30,●,3,700,10:15,11:35,80,193,3.338,36.72,0.03,436.36
2026-01-06,MB50T-V02C,S369A63T55X50X30,●,3,300,10:15,10:20,5,,,,,
2026-01-06,MB50T-V02C,S369A63T55X50X30,●,3,200,10:34,10:40,6,,,,,
2026-01-06,CM25AS-V01D,C2M025K03-68715B,●,1,700,10:37,11:43,66,167,6.513,45.59,0.04,565.71
2026-01-06,CM25AS-V01D,C2M025K03-68715B,●,1,300,10:37,10:43,6,,,,,
2026-01-06,CXS10S3-V02D,CXS10A-R6001-20K,●,1,700,11:43,12:06,23,66,2.24,24.64,0.06,125.45
2026-01-06,CXS10S3-V02D,CXS10A-R6001-20K,●,1,300,11:43,11:49,6,,,,,
2026-01-06,VV15M1-V01D,DXT201-13-13,●,1,700,12:15,12:57,42,79,7.08,106.2,0.15,168.00
2026-01-06,VV15M1-V01D,DXT201-13-13,●,1,300,12:15,12:22,7,,,,,
2026-01-06,MGPM25B2-V02D,MGP25A-AC894-30K,●,1,700,12:57,14:34,97,119,18.57,204.27,0.13,529.09
2026-01-06,MGPM25B2-V02D,MGP25A-AC894-30K,●,1,300,12:57,13:04,7,,,,,
2026-01-06,MGPM12B2-V02D,MGP12A-AC891-30K,〇,3,700,13:35,14:06,31,44,7.65,107.1,0.21,132.86
2026-01-06,MGPM12B2-V02D,MGP12A-AC891-30K,〇,3,300,13:35,13:40,5,,,,,
2026-01-06,MXS16B-V03D,P3800401B-M,〇,3,700,14:20,14:47,27,1,5.2,5.2,0.01,1620.00
2026-01-06,MXS16B-V03D,P3800401B-M,〇,3,300,14:20,14:25,5,,,,,
2026-01-06,CK50H-V01D,C1K50L-AS975-30K,●,1,700,14:34,15:10,36,47,18.3,201.3,0.34,196.36
2026-01-06,CK50H-V01D,C1K50L-AS975-30K,●,1,300,14:34,15:10,36,,,,,
2026-01-06,MXS16B-V03D,P3800401B-M,〇,3,200,14:42,14:47,5,,,,,
2026-01-06,VJ10M-V02D,VJ100-16-7,●,1,700,15:10,16:30,80,398,1.32,23.76,0.02,266.67
2026-01-06,VJ10M-V02D,VJ100-16-7,●,1,300,15:10,15:18,8,,,,,
2026-01-05,CXS06S2-V01E,CXS06A-AS986-20K,〇,3,700,08:47,09:28,41,44,2.4,0,0,
2026-01-05,CXS06S2-V01E,CXS06A-AS986-20K,〇,3,300,08:47,08:53,6,,,,,
2026-01-05,CXS06S2-V01E,CXS06A-AS986-20K,〇,3,200,09:10,09:20,10,,,,,
2026-01-05,CXS32S2-V02E,CXS32A-AS991-20K,◎,3,700,09:35,10:35,60,58,10.38,197.22,0.2,189.47
2026-01-05,CXS32S2-V02E,CXS32A-AS991-20K,◎,3,300,09:35,09:41,6,,,,,
2026-01-05,CXS32S2-V02E,CXS32A-AS991-20K,◎,3,200,09:56,10:05,9,,,,,
2026-01-05,MXS16B-V03D,P3800401B-M,◎,3,700,10:44,11:30,46,105,5.2,109.2,0.14,131.43
2026-01-05,MXS16B-V03D,P3800401B-M,◎,3,300,10:44,10:50,6,,,,,
2026-01-05,MXS16B-V03D,P3800401B-M,◎,3,200,10:58,11:10,12,,,,,
