press_date_at,pressing_time,die_number,production_number,specific_weight,production_length,production_weight,discard_thickness,discard_weight,pressing_type,plan_billet_quantities,actual_billet_quantities,billet_length,billet_size,work_quantity,total_ng,total_ok,dimension_check_date,etching_check_date,aging_check_date,packing_check_date,code_301,code_302,code_303,code_304,code_305,code_306,code_307,code_308,code_309,code_310,code_311,code_312,code_313,code_314,code_315,code_316,code_317,code_318,code_319,code_320,code_321,code_322,code_323,code_324,code_351,code_401,machine,mfg,productivity,total_time,"time code 300","time code 200"
2024-12-31,1.02,CA80T-V01C,S370A63T89X80X30,3.18295,3.000,9.549,25,2.98,●,7,7,1200,9,82,5,77,2025-01-06,2024-12-31,2025-01-06,2025-01-10,0,0,0,0,0,0,2,0,0,0,0,0,0,0,0,0,0,0,0,0,0,0,0,0,0,3,1,VN,0.77022,1.02,0.0000,0.0000
2024-12-31,0.70,CP9650T-V02B,C9650ABAC960-30K,2.3463,3.000,7.039,60,7.14,●,6,6,600,9,41,0,41,2025-01-07,2025-01-06,2025-01-07,,0,0,0,0,0,0,0,0,0,0,0,0,0,0,0,0,0,0,0,0,0,0,0,0,0,0,1,VN,0.41232,0.70,0.0000,0.0000
2024-12-31,1.12,CP9650T-V01B,C9650ABAC960-30K,2.3463,3.000,7.039,35,4.17,●,14,14,600,9,98,0,98,2025-01-06,2024-12-31,2025-01-07,2025-01-13,0,0,0,0,0,0,0,0,0,0,0,0,0,0,0,0,0,0,0,0,0,0,0,0,0,0,1,VN,0.61772,1.12,0.0000,0.0000
2024-12-31,0.30,NCA150H-V01D,NCA150-03-AV286-20K,6.585,2.000,13.17,35,4.17,〇,1,1,1200,9,1,,,,,,,0,0,0,0,0,0,0,0,0,0,0,0,0,0,0,0,0,0,0,0,0,0,0,0,0,0,1,VN,0.04392,0.30,0.0000,0.0000
2024-12-31,0.37,PS16-V02D,S500A61T16X05X30,0.507,3.000,1.521,25,2.98,〇,2,2,600,9,1,,,,,,,0,0,0,0,0,0,0,0,0,0,0,0,0,0,0,0,0,0,0,0,0,0,0,0,0,0,3,VN,0.00412,0.37,0.0000,0.0000
2024-12-31,0.82,PS25-V01D,S500A61T25X06X30,1.253,3.000,3.759,50,5.95,〇,2,2,1200,9,1,,,,,,,0,0,0,0,0,0,0,0,0,0,0,0,0,0,0,0,0,0,0,0,0,0,0,0,0,0,3,VN,0.00462,0.82,0.0000,0.0000
2024-12-31,0.82,PS40-V01D,S500A61T40X10X30,3.218,3.000,9.654,25,2.98,〇,2,2,1200,9,1,,,,,,,0,0,0,0,0,0,0,0,0,0,0,0,0,0,0,0,0,0,0,0,0,0,0,0,0,0,3,VN,0.01182,0.82,0.0000,0.0000
2024-12-31,3.25,MGPM32B2-V02D,MGP32A-AC895-30K,8.15,3.000,24.45,25,2.98,●,10,30,1200,12,243,8,235,2025-01-09,2025-01-06,2025-01-09,2025-01-09,0,0,1,0,0,0,4,0,0,0,0,0,0,0,0,0,0,0,0,0,0,0,3,0,0,0,2,Dubai,1.67762,3.25,0.0000,0.0000
2024-12-30,1.75,MYB32P2-V01D,MYB32-55-AS551-20-K,2.88203,2.000,5.764,35,4.17,●,14,14,1200,9,278,2,276,2024-12-30,2024-12-30,2024-12-31,2024-12-31,0,0,0,2,0,0,0,0,0,0,0,0,0,0,0,0,0,0,0,0,0,0,0,0,0,0,1,Dubai,0.91572,1.75,0.0000,0.0000
2024-12-30,1.08,MYB40P2-V01D,MYB40-55-AS552-20-K,4.705,2.000,9.41,35,4.17,●,28,28,1200,9,307,6,301,2024-12-30,2024-12-30,2024-12-31,2025-02-04,0,0,0,1,0,0,0,0,0,0,0,0,0,0,0,0,0,0,0,4,0,0,0,1,0,0,1,Dubai,2.66662,1.08,0.0000,0.0000
2024-12-30,0.83,XLA25B2-V02B,XLA25-1B-S,7.28,2.000,14.56,35,4.17,〇,5,1,1200,9,1,,,,,,,0,0,0,0,0,0,0,0,0,0,0,0,0,0,0,0,0,0,0,0,0,0,0,0,0,0,3,VN,0.01752,0.83,0.0000,0.0000
2024-12-30,1.25,XLA25B2-V02B,XLA25-1B-S,7.28,2.000,14.56,35,4.17,●,16,16,1200,9,110,5,105,2024-12-31,2024-12-30,2025-01-06,2025-01-06,0,0,0,4,0,0,0,0,0,0,0,0,0,0,0,0,0,0,0,0,0,0,1,0,0,0,1,Dubai,1.28132,1.25,0.0000,0.0000
2024-12-30,1.25,CQ32T3-V01B-ZZZ,C2Q32A-AD138A30K,2.30985,3.000,6.93,25,2.98,●,16,16,600,9,127,72,55,2025-01-06,2024-12-30,2024-12-31,2025-01-06,0,72,0,0,0,0,0,0,0,0,0,0,0,0,0,0,0,0,0,0,0,0,0,0,0,0,1,VN,0.70402,1.25,0.0000,0.0000
2024-12-30,1.67,MGPM32B2-V01D,MGP32A-AC895-30K,8.15,3.000,24.45,25,2.98,●,5,10,1200,12,79,2,77,2025-01-06,2025-01-06,2025-01-07,2025-01-07,0,0,0,1,0,0,0,0,0,0,0,0,0,0,0,0,0,0,0,0,0,0,1,0,0,0,2,Dubai,1.15892,1.67,0.0000,0.0000
2024-12-30,2.22,CA63T-V02C,S370A63T72X63X30,2.54708,3.000,7.641,50,5.95,〇,14,14,1200,9,208,1,207,,2024-12-31,2024-12-31,,0,0,0,0,0,0,0,0,0,0,0,0,0,0,0,0,0,0,0,1,0,0,0,0,0,0,1,VN,0.71702,2.22,0.0000,0.0000
2024-12-30,0.98,MYB25P2-V01D,MYB25-55-AS550-20-K,1.89486,2.000,3.79,35,4.17,●,10,10,600,9,139,1,138,2024-12-31,2024-12-31,2025-01-06,2025-01-15,0,1,0,0,0,0,0,0,0,0,0,0,0,0,0,0,0,0,0,0,0,0,0,0,0,0,1,Dubai,0.53572,0.98,0.0000,0.0000
2024-12-30,0.87,CA20T-V02C,S370A63T26X20X20,0.57805,2.000,1.156,25,2.98,●,3,3,600,9,134,1,133,2025-01-06,2024-12-31,2025-01-06,2025-01-09,0,0,0,0,0,0,0,0,0,0,0,0,0,0,0,0,0,0,0,1,0,0,0,0,0,0,1,VN,0.17882,0.87,0.0000,0.0000
2024-12-30,1.77,CQ40T3-V01B-ZZZ,C2Q40A-AD139A30K,2.77506,3.000,8.325,25,2.98,●,17,17,1200,9,237,0,237,2024-12-31,2024-12-31,2025-01-06,2025-01-06,0,0,0,0,0,0,0,0,0,0,0,0,0,0,0,0,0,0,0,0,0,0,0,0,0,0,1,VN,1.11682,1.77,0.0000,0.0000
2024-12-27,0.67,CA50T-V03C,S370A63T58X50X30,1.81095,3.000,5.433,25,2.98,◎,5,5,600,9,50,0,50,2024-12-27,2024-12-27,2024-12-30,2025-01-13,0,0,0,0,0,0,0,0,0,0,0,0,0,0,0,0,0,0,0,0,0,0,0,0,0,0,1,VN,0.40752,0.67,0.0000,0.0000
2024-12-27,1.03,CQS20T-V01D,CQS20-04-F6466-K,1.9737,2.000,3.947,25,2.98,●,14,14,600,9,194,114,80,2024-12-30,2024-12-27,2024-12-30,2024-12-31,0,114,0,0,0,0,0,0,0,0,0,0,0,0,0,0,0,0,0,0,0,0,0,0,0,0,1,Dubai,0.74112,1.03,0.0000,0.0000
2024-12-27,2.48,PS63-V01D,S500A61T63X14X20,8.046,2.000,16.092,25,2.98,●,27,27,1200,9,162,0,162,2024-12-27,2024-12-27,2024-12-30,2024-12-30,0,0,0,0,0,0,0,0,0,0,0,0,0,0,0,0,0,0,0,0,0,0,0,0,0,0,1,VN,1.04982,2.48,0.0000,0.0000
2024-12-27,4.77,MGPM40B2-V01D,MGP40A-AC896-30K,9.68,3.000,29.04,35,4.17,●,36,36,1200,12,216,4,212,2025-01-06,2025-01-06,2025-01-06,2025-01-07,0,0,0,1,0,0,0,0,0,0,0,0,0,0,0,0,0,0,0,0,0,0,3,0,0,0,2,Dubai,1.09662,4.77,0.0000,0.0000
2024-12-27,1.07,CQ20T2-V02D,C2Q020K04-51396,2.13435,2.000,4.269,25,2.98,●,19,19,600,9,228,6,222,2024-12-30,2024-12-27,2024-12-30,2025-01-06,0,0,0,1,0,0,0,0,0,0,0,0,0,0,0,0,0,0,0,0,0,0,0,0,5,0,1,Dubai,0.91242,1.07,0.0000,0.0000
2024-12-27,2.75,CQ50T3-V01B-ZZZ,C2Q50A-AD140A30K,4.15908,3.000,12.477,25,2.98,●,28,35,1200,9,314,0,314,2024-12-30,2024-12-27,2024-12-30,2024-12-30,0,0,0,0,0,0,0,0,0,0,0,0,0,0,0,0,0,0,0,0,0,0,0,0,0,0,1,VN,1.42472,2.75,0.0000,0.0000
2024-12-27,0.78,CQ25T3-V01B,C2Q25A-AD137A20K,2.15838,2.000,4.317,25,2.98,●,10,10,600,9,119,2,117,2024-12-30,2024-12-27,2024-12-30,2025-01-06,0,0,0,2,0,0,0,0,0,0,0,0,0,0,0,0,0,0,0,0,0,0,0,0,0,0,1,Dubai,0.65582,0.78,0.0000,0.0000
2024-12-27,3.37,CQ63T3-V01C-ZZZ,C2Q63A-AD141A30K,4.98231,3.000,14.947,35,4.17,●,28,28,1200,9,196,5,191,2025-01-07,2024-12-30,2024-12-30,2025-01-07,0,0,0,0,0,0,5,0,0,0,0,0,0,0,0,0,0,0,0,0,0,0,0,0,0,0,1,VN,0.87022,3.37,0.0000,0.0000
2024-12-27,1.78,MXS16B-V02D,P3800401B-M,2.6,2.000,5.2,60,7.14,●,17,17,1200,9,373,10,363,2025-02-13,2024-12-30,2024-12-31,2025-02-14,0,10,0,0,0,0,0,0,0,0,0,0,0,0,0,0,0,0,0,0,0,0,0,0,0,0,1,Dubai,1.08762,1.78,0.0000,0.0000
2024-12-27,1.57,P5053B3-V01D,P5053-1083,9.8361,2.000,19.672,25,2.98,●,21,21,1200,9,104,10,94,2024-12-30,2024-12-30,2024-12-31,2025-01-06,0,0,0,1,0,0,0,0,0,0,0,0,0,0,0,0,8,0,1,0,0,0,0,0,0,0,1,Dubai,1.30592,1.57,0.0000,0.0000
2024-12-26,2.75,XLA25B2-V02B,XLA25-1B-S,7.28,2.000,14.56,35,4.17,●,28,28,1200,9,195,8,187,2024-12-26,2024-12-26,2024-12-27,2024-12-27,0,0,0,8,0,0,0,0,0,0,0,0,0,0,0,0,0,0,0,0,0,0,0,0,0,0,1,Dubai,1.03242,2.75,0.0000,0.0000
2024-12-26,1.63,CQ32C-V01D,S501A61T35X16X30,2.014,3.000,6.042,25,2.98,●,26,14,600,9,124,11,113,2025-01-08,2024-12-26,2025-01-08,2025-01-08,0,0,0,0,0,0,0,0,0,0,0,0,0,0,0,0,0,0,0,0,0,0,1,0,10,0,1,Dubai,0.45872,1.63,0.0000,0.0000
2024-12-26,1.27,CA50T-V02C,S370A63T58X50X30,1.81095,3.000,5.433,25,2.98,●,14,14,600,9,139,4,135,2024-12-30,2024-12-26,2024-12-30,2025-01-13,0,3,0,1,0,0,0,0,0,0,0,0,0,0,0,0,0,0,0,0,0,0,0,0,0,0,1,VN,0.59622,1.27,0.0000,0.0000
2024-12-26,0.80,CQ63T-V02C,C2Q63-04-J0782AK,5.53,2.000,11.06,50,5.95,●,12,9,1200,9,82,8,74,2024-12-27,2024-12-26,2024-12-27,2024-12-30,0,6,0,2,0,0,0,0,0,0,0,0,0,0,0,0,0,0,0,0,0,0,0,0,0,0,1,Dubai,1.13372,0.80,0.0000,0.0000
2024-12-26,2.83,MGPM40B2-V02D,MGP40A-AC896-30K,9.68,3.000,29.04,25,2.98,●,16,20,1200,12,120,1,119,2025-01-07,2025-01-06,2025-01-06,2025-01-07,0,0,0,0,0,0,0,0,0,0,0,0,0,0,0,0,0,0,0,0,0,0,1,0,0,0,2,Dubai,1.22992,2.83,0.0000,0.0000
2024-12-26,0.70,XLA25B2-V01B,XLA25-1B-S,7.28,2.000,14.56,35,4.17,●,6,6,1200,9,41,4,37,2024-12-27,2024-12-26,2024-12-30,2025-01-06,0,0,0,0,0,0,4,0,0,0,0,0,0,0,0,0,0,0,0,0,0,0,0,0,0,0,1,Dubai,0.85282,0.70,0.0000,0.0000
2024-12-26,2.87,CQ40T3-V01B-ZZZ,C2Q40A-AD139A30K,2.77506,3.000,8.325,25,2.98,●,30,30,1200,9,419,4,415,2024-12-30,2024-12-27,2024-12-27,2024-12-27,0,0,3,1,0,0,0,0,0,0,0,0,0,0,0,0,0,0,0,0,0,0,0,0,0,0,1,VN,1.21682,2.87,0.0000,0.0000
2024-12-26,0.33,MXQ25B-V02D,P3802801B-M,4.46,2.000,8.92,35,4.17,〇,1,1,1200,9,1,,,,,,,0,0,0,0,0,0,0,0,0,0,0,0,0,0,0,0,0,0,0,0,0,0,0,0,0,0,1,VN,0.02682,0.33,0.0000,0.0000
2024-12-26,1.32,CQ32T3-V01B-ZZZ,C2Q32A-AD138A30K,2.30985,3.000,6.93,25,2.98,●,30,23,600,9,183,8,175,2024-12-30,2024-12-27,2024-12-27,2024-12-31,0,0,0,0,0,0,0,7,0,0,0,0,0,0,0,0,0,0,0,0,0,0,1,0,0,0,1,VN,0.96312,1.32,0.0000,0.0000
2024-12-25,2.30,CP9650T-V02B,C9650ABAC960-30K,2.3463,3.000,7.039,60,7.14,●,8,30,600,9,209,0,209,2024-12-26,2024-12-25,2024-12-26,2025-01-06,0,0,0,0,0,0,0,0,0,0,0,0,0,0,0,0,0,0,0,0,0,0,0,0,0,0,1,VN,0.63962,2.30,0.0000,0.0000
2024-12-25,0.70,CXS32S3-V02D,CXS32A-BA025-20K,4.467,2.000,8.934,25,2.98,◎,5,5,1200,9,58,12,46,2024-12-26,2024-12-25,2024-12-26,2025-01-08,0,0,0,0,0,0,12,0,0,0,0,0,0,0,0,0,0,0,0,0,0,0,0,0,0,0,1,Dubai,0.74022,0.70,0.0000,0.0000
2024-12-25,0.65,MXS16B-V02D,P3800401B-M,2.6,2.000,5.2,60,7.14,◎,17,4,1200,9,87,6,81,2024-12-26,2024-12-25,2024-12-26,2024-12-27,0,4,0,0,0,0,2,0,0,0,0,0,0,0,0,0,0,0,0,0,0,0,0,0,0,0,1,Dubai,0.69602,0.65,0.0000,0.0000
2024-12-25,0.87,PS63-V01D,S500A61T63X14X20,8.046,2.000,16.092,25,2.98,●,9,6,1200,9,35,0,35,2024-12-26,2024-12-25,2024-12-26,2024-12-27,0,0,0,0,0,0,0,0,0,0,0,0,0,0,0,0,0,0,0,0,0,0,0,0,0,0,1,VN,0.64992,0.87,0.0000,0.0000
2024-12-25,1.00,MGPM32B2-V02D,MGP32A-AC895-30K,8.15,3.000,24.45,25,2.98,●,10,5,1200,12,38,0,38,2024-12-30,2024-12-26,2024-12-30,2025-01-06,0,0,0,0,0,0,0,0,0,0,0,0,0,0,0,0,0,0,0,0,0,0,0,0,0,0,2,Dubai,0.92912,1.00,0.0000,0.0000
2024-12-25,1.40,MSQ30B2-V04D,P6260301-D,5.19,2.070,10.743,35,4.17,●,0,14,1200,9,139,6,133,2024-12-26,2024-12-25,2024-12-26,2025-01-13,0,0,0,0,0,0,6,0,0,0,0,0,0,0,0,0,0,0,0,0,0,0,0,0,0,0,1,Dubai,1.06672,1.40,0.0000,0.0000
2024-12-25,0.67,JA8378,JA8378,1.41,2.775,3.913,25,2.98,〇,7,7,600,9,112,,,,,,,0,0,0,0,0,0,0,0,0,0,0,0,0,0,0,0,0,0,0,0,0,0,0,0,0,0,1,VN,0.65732,0.67,0.0000,0.0000
2024-12-25,1.18,CQ32T3-V01B,C2Q32A-AD138A20K,2.30985,2.000,4.62,25,2.98,●,12,21,600,9,250,1,249,2024-12-26,2024-12-25,2024-12-26,2024-12-27,0,0,0,1,0,0,0,0,0,0,0,0,0,0,0,0,0,0,0,0,0,0,0,0,0,0,1,Dubai,0.97602,1.18,0.0000,0.0000
2024-12-25,0.45,MGZ63T-V01D,MGZ63AAQ5434-25K,5.937,3.000,17.811,35,4.17,〇,1,1,1200,12,1,,,,,,,0,0,0,0,0,0,0,0,0,0,0,0,0,0,0,0,0,0,0,0,0,0,0,0,0,0,2,Dubai,0.03962,0.45,0.0000,0.0000
2024-12-25,1.02,MGPM40B2-V02D,MGP40A-AC896-30K,9.68,3.000,29.04,25,2.98,●,6,6,1200,12,35,0,35,2024-12-26,2024-12-26,2024-12-27,2025-01-06,0,0,0,0,0,0,0,0,0,0,0,0,0,0,0,0,0,0,0,0,0,0,0,0,0,0,2,Dubai,0.99972,1.02,0.0000,0.0000
2024-12-25,0.40,CQ32T3-V01B-ZZZ,C2Q32A-AD138A30K,2.30985,3.000,6.93,25,2.98,●,13,7,600,9,56,0,56,2024-12-27,2024-12-25,2024-12-26,2024-12-27,0,0,0,0,0,0,0,0,0,0,0,0,0,0,0,0,0,0,0,0,0,0,0,0,0,0,1,VN,0.97012,0.40,0.0000,0.0000
2024-12-25,1.97,MGPM25B2-V01D,MGP25A-AC894-30K,6.19,3.000,18.57,35,4.17,●,30,22,1200,9,131,0,131,2024-12-27,2024-12-26,2024-12-26,2024-12-27,0,0,0,0,0,0,0,0,0,0,0,0,0,0,0,0,0,0,0,0,0,0,0,0,0,0,1,VN,1.23702,1.97,0.0000,0.0000
2024-12-25,0.95,MGPM32B2-V01D,MGP32A-AC895-30K,8.15,3.000,24.45,25,2.98,◎,5,5,1200,12,39,0,39,2024-12-27,2024-12-26,2024-12-27,2025-01-06,0,0,0,0,0,0,0,0,0,0,0,0,0,0,0,0,0,0,0,0,0,0,0,0,0,0,1,Dubai,1.00372,0.95,0.0000,0.0000
2024-12-25,1.22,MHY25B-V01D,P3319401-M,4.18,2.000,8.36,35,4.17,●,16,16,1200,9,207,48,159,2024-12-27,2024-12-26,2024-12-27,2024-12-30,0,24,0,24,0,0,0,0,0,0,0,0,0,0,0,0,0,0,0,0,0,0,0,0,0,0,1,Dubai,1.42232,1.22,0.0000,0.0000
2024-12-25,0.83,CQ50T3-V01B,C2Q50A-AD140A20K,4.15908,2.000,8.318,25,2.98,●,17,11,1200,9,142,0,142,2024-12-26,2024-12-26,2024-12-27,2024-12-30,0,0,0,0,0,0,0,0,0,0,0,0,0,0,0,0,0,0,0,0,0,0,0,0,0,0,1,Dubai,1.41742,0.83,0.0000,0.0000
2024-12-25,2.72,CQ50T3-V01B-ZZZ,C2Q50A-AD140A30K,4.15908,3.000,12.477,25,2.98,●,21,28,1200,9,252,0,252,2024-12-26,2024-12-26,2024-12-27,2024-12-27,0,0,0,0,0,0,0,0,0,0,0,0,0,0,0,0,0,0,0,0,0,0,0,0,0,0,1,VN,1.15742,2.72,0.0000,0.0000
2024-12-25,1.67,MGPM40B2-V01D,MGP40A-AC896-30K,9.68,3.000,29.04,35,4.17,●,36,14,1200,12,84,0,84,2024-12-30,2024-12-30,2024-12-31,2025-01-06,0,0,0,0,0,0,0,0,0,0,0,0,0,0,0,0,0,0,0,0,0,0,0,0,0,0,2,Dubai,1.46362,1.67,0.0000,0.0000
2024-12-24,0.68,CXS10S3-V02D,CXS10A-R6001-20K,1.12,2.000,2.24,25,2.98,●,6,5,600,9,119,0,119,2024-12-25,2024-12-24,2024-12-25,2024-12-26,0,0,0,0,0,0,0,0,0,0,0,0,0,0,0,0,0,0,0,0,0,0,0,0,0,0,1,Dubai,0.39012,0.68,0.0000,0.0000
2024-12-24,3.33,CQ40C-V01D,S501A61T43X16X30,3.321,3.000,9.963,25,2.98,●,21,21,1200,9,231,4,227,2024-12-25,2024-12-24,2024-12-25,2024-12-26,0,0,0,0,0,0,0,0,0,0,0,0,0,0,0,0,0,0,0,1,0,0,3,0,0,0,1,Dubai,0.69042,3.33,0.0000,0.0000
2024-12-24,1.30,CM25AH-V01D,C2M025K02-68715B,2.003,3.000,6.009,60,7.14,●,14,18,600,9,161,0,161,2024-12-25,2024-12-25,2024-12-25,2025-01-10,0,0,0,0,0,0,0,0,0,0,0,0,0,0,0,0,0,0,0,0,0,0,0,0,0,0,1,Dubai,0.74422,1.30,0.0000,0.0000
2024-12-24,0.62,PS63-V02D,S500A61T63X14X20,8.046,2.000,16.092,25,2.98,◎,11,6,1200,9,35,18,17,2024-12-30,2024-12-25,2024-12-25,2025-01-07,0,0,0,0,0,0,13,0,0,0,0,5,0,0,0,0,0,0,0,0,0,0,0,0,0,0,1,VN,0.91332,0.62,0.0000,0.0000
2024-12-24,0.92,CQ20T2-V02D,C2Q020K04-51396,2.13435,2.000,4.269,25,2.98,●,11,14,600,9,167,11,156,2024-12-25,2024-12-24,2024-12-26,2024-12-27,0,2,0,4,0,0,0,0,0,0,0,0,0,0,0,0,0,0,0,0,0,0,0,0,5,0,1,Dubai,0.77772,0.92,0.0000,0.0000
2024-12-24,0.68,CQ63T3-V01C,C2Q63A-AD141A20K,4.98231,2.000,9.965,25,2.98,●,6,7,1200,9,69,5,64,2024-12-27,2024-12-24,2024-12-25,0000-00-00,0,0,0,4,0,0,1,0,0,0,0,0,0,0,0,0,0,0,0,0,0,0,0,0,0,0,1,Dubai,1.00622,0.68,0.0000,0.0000
2024-12-24,0.47,CQ63T3-V01C-ZZZ,C2Q63A-AD141A30K,4.98231,3.000,14.947,35,4.17,●,21,7,1200,9,49,0,49,2024-12-27,2024-12-24,2024-12-25,2025-01-06,0,0,0,0,0,0,0,0,0,0,0,0,0,0,0,0,0,0,0,0,0,0,0,0,0,0,1,VN,1.56942,0.47,0.0000,0.0000
2024-12-24,1.00,MGPM40B2-V01D,MGP40A-AC896-30K,9.68,3.000,29.04,35,4.17,●,6,6,1200,12,36,3,33,2024-12-25,2024-12-24,2024-12-25,2024-12-26,0,1,0,0,0,0,2,0,0,0,0,0,0,0,0,0,0,0,0,0,0,0,0,0,0,0,2,Dubai,1.04542,1.00,0.0000,0.0000
2024-12-24,2.32,CJ16P-V02D,C2J16M-AF113-25K,0.554,2.500,1.385,25,2.98,●,19,21,600,9,742,11,731,2024-12-25,2024-12-25,2024-12-26,2024-12-26,0,0,0,9,0,0,0,0,0,0,0,0,0,0,0,0,0,0,0,0,0,0,2,0,0,0,1,,0.44362,2.32,0.0000,0.0000
2024-12-24,0.33,M1B80T-V01D,MB-80ABL8513-30K,5.24,3.000,15.72,35,4.17,〇,15,1,1200,12,1,,,,,,,0,0,0,0,0,0,0,0,0,0,0,0,0,0,0,0,0,0,0,0,0,0,0,0,0,0,2,Dubai,0.04722,0.33,0.0000,0.0000
2024-12-24,0.33,CP96A0T-V01B,C96A0ABAC963A30K,5.041,3.000,15.123,35,4.17,〇,16,1,1200,12,1,,,,,,,0,0,0,0,0,0,0,0,0,0,0,0,0,0,0,0,0,0,0,0,0,0,0,0,0,0,2,Dubai,0.04542,0.33,0.0000,0.0000
2024-12-24,0.93,SY50M-V01B,SY5000-20-1,4.44,2.000,8.88,35,4.17,●,12,12,1200,9,143,8,135,2024-12-25,2024-12-25,2024-12-26,2024-12-26,0,3,0,4,0,0,0,0,0,0,0,0,0,0,0,0,0,0,0,0,0,0,1,0,0,0,1,Dubai,1.36052,0.93,0.0000,0.0000
2024-12-24,3.42,XLA25B2-V01B,XLA25-1B-S,7.28,2.000,14.56,35,4.17,●,24,24,1200,9,167,4,163,2024-12-25,2024-12-25,2024-12-26,2024-12-27,0,0,0,4,0,0,0,0,0,0,0,0,0,0,0,0,0,0,0,0,0,0,0,0,0,0,1,Dubai,0.71172,3.42,0.0000,0.0000
2024-12-24,0.37,MXW20B-V02D,P3801101-M,6.42,2.000,12.84,35,4.17,◎,4,4,1200,9,31,31,0,2025-01-21,2024-12-25,2024-12-26,,0,31,0,0,0,0,0,0,0,0,0,0,0,0,0,0,0,0,0,0,0,0,0,0,0,0,1,Dubai,0.94552,0.37,0.0000,0.0000
2024-12-24,0.47,P5053B3-V01D,P5053-1083,9.8361,2.000,19.672,25,2.98,●,27,9,1200,9,43,5,38,2024-12-26,2024-12-25,2024-12-26,2025-01-06,0,0,0,4,0,0,0,0,0,0,0,0,0,0,0,0,0,0,0,0,0,0,1,0,0,0,1,Dubai,1.81272,0.47,0.0000,0.0000
2024-12-23,3.50,PS63-V01D,S500A61T63X14X20,8.046,2.000,16.092,25,2.98,●,36,36,1200,9,215,0,215,2024-12-24,2024-12-23,2024-12-24,2024-12-24,0,0,0,0,0,0,0,0,0,0,0,0,0,0,0,0,0,0,0,0,0,0,0,0,0,0,1,VN,0.98852,3.50,0.0000,0.0000
2024-12-23,2.02,MGPM25B2-V01D,MGP25A-AC894-30K,6.19,3.000,18.57,35,4.17,●,22,22,1200,9,131,0,131,2024-12-24,2024-12-23,2024-12-24,2024-12-24,0,0,0,0,0,0,0,0,0,0,0,0,0,0,0,0,0,0,0,0,0,0,0,0,0,0,1,VN,1.20632,2.02,0.0000,0.0000
2024-12-23,1.65,MGJ06B-V01D,MGJ06K-BA394-20K,0.97794,2.000,1.956,50,5.95,●,21,21,600,9,546,6,540,2024-12-24,2024-12-23,2024-12-24,2024-12-24,0,0,0,5,0,0,0,0,0,0,0,0,0,0,0,0,0,0,0,0,0,0,1,0,0,0,1,Dubai,0.64722,1.65,0.0000,0.0000
2024-12-23,1.22,CQ50T3-V01B-ZZZ,C2Q50A-AD140A30K,4.15908,3.000,12.477,25,2.98,●,24,23,1200,9,206,6,200,2024-12-25,2024-12-24,2024-12-24,2024-12-25,0,0,2,4,0,0,0,0,0,0,0,0,0,0,0,0,0,0,0,0,0,0,0,0,0,0,1,VN,2.11262,1.22,0.0000,0.0000
2024-12-23,2.13,XLA25B2-V02B,XLA25-1B-S,7.28,2.000,14.56,35,4.17,●,0,18,1200,9,124,10,114,2024-12-24,2024-12-24,2024-12-25,2024-12-25,0,0,0,10,0,0,0,0,0,0,0,0,0,0,0,0,0,0,0,0,0,0,0,0,0,0,1,Dubai,0.84632,2.13,0.0000,0.0000
2024-12-23,2.68,CQ40T3-V01B-ZZZ,C2Q40A-AD139A30K,2.77506,3.000,8.325,25,2.98,●,28,28,1200,9,391,10,381,2024-12-24,2024-12-24,2024-12-24,2024-12-26,0,0,6,2,0,0,1,0,0,0,0,0,0,0,0,0,0,0,1,0,0,0,0,0,0,0,1,VN,1.21312,2.68,0.0000,0.0000
2024-12-23,0.92,CP9650T-V01B,C9650ABAC960-30K,2.3463,3.000,7.039,35,4.17,●,20,11,600,9,75,0,75,2024-12-25,2024-12-24,2024-12-24,0000-00-00,0,0,0,0,0,0,0,0,0,0,0,0,0,0,0,0,0,0,0,0,0,0,0,0,0,0,1,VN,0.57592,0.92,0.0000,0.0000
2024-12-20,0.52,CXS32S3-V02D,CXS32A-BA025-20K,4.467,2.000,8.934,25,2.98,〇,2,2,1200,9,1,1,0,2024-12-23,,,,0,1,0,0,0,0,0,0,0,0,0,0,0,0,0,0,0,0,0,0,0,0,0,0,0,0,1,VN,0.01732,0.52,0.0000,0.0000
2024-12-20,2.33,CQ40C-V01D,S501A61T43X16X30,3.321,3.000,9.963,25,2.98,●,21,21,1200,9,230,0,230,2024-12-23,2024-12-23,2024-12-23,2024-12-23,0,0,0,0,0,0,0,0,0,0,0,0,0,0,0,0,0,0,0,0,0,0,0,0,0,0,1,Dubai,0.98212,2.33,0.0000,0.0000
2024-12-20,1.25,CJ16P-V01D,C2J16M-AF113-25K,0.554,2.500,1.385,25,2.98,●,14,14,600,9,500,1,499,2024-12-23,2024-12-20,2024-12-23,2024-12-23,0,0,0,0,0,0,0,1,0,0,0,0,0,0,0,0,0,0,0,0,0,0,0,0,0,0,1,Dubai,0.55402,1.25,0.0000,0.0000
2024-12-20,2.75,CP9650T-V02B,C9650ABAC960-30K,2.3463,3.000,7.039,60,7.14,●,36,36,600,9,251,41,210,2024-12-23,2024-12-20,2024-12-23,2024-12-30,0,0,0,0,0,0,3,0,0,0,0,0,0,0,0,0,0,0,0,0,0,0,0,0,0,38,1,VN,0.64252,2.75,0.0000,0.0000
2024-12-20,1.15,MHY25B-V02D,P3319401-M,4.18,2.000,8.36,35,4.17,●,0,14,1200,9,181,0,181,2024-12-23,2024-12-20,2024-12-23,2024-12-23,0,0,0,0,0,0,0,0,0,0,0,0,0,0,0,0,0,0,0,0,0,0,0,0,0,0,1,Dubai,1.31582,1.15,0.0000,0.0000
2024-12-20,3.42,MGPM20B2-V01D,MGP20A-AC893-30K,5.03,3.000,15.09,50,5.95,●,14,36,1200,9,251,2,249,2024-12-23,2024-12-23,2024-12-23,2024-12-23,0,0,2,0,0,0,0,0,0,0,0,0,0,0,0,0,0,0,0,0,0,0,0,0,0,0,1,VN,1.10862,3.42,0.0000,0.0000
2024-12-20,1.42,CP9640T-V03B,C9640ABAC959-30K,1.3959,3.000,4.188,25,2.98,●,17,14,600,9,182,5,177,2024-12-23,2024-12-23,2024-12-23,2025-01-06,0,0,0,0,0,0,0,0,0,0,0,0,0,0,0,0,0,0,0,0,0,0,0,0,0,5,1,VN,0.53802,1.42,0.0000,0.0000
2024-12-20,0.85,CYR63SR-V01D,CYR63E-AX668-30K,1.871,3.000,5.613,25,2.98,●,5,5,1200,9,90,0,90,2024-12-24,2024-12-23,2024-12-24,,0,0,0,0,0,0,0,0,0,0,0,0,0,0,0,0,0,0,0,0,0,0,0,0,0,0,1,VN,0.59432,0.85,0.0000,0.0000
2024-12-20,2.07,CQ32T3-V01B-ZZZ,C2Q32A-AD138A30K,2.30985,3.000,6.93,25,2.98,●,30,35,600,9,279,0,279,2024-12-24,2024-12-23,2024-12-24,2024-12-24,0,0,0,0,0,0,0,0,0,0,0,0,0,0,0,0,0,0,0,0,0,0,0,0,0,0,1,VN,0.93552,2.07,0.0000,0.0000
2024-12-19,3.30,CP9663T-V02B,C9663ABAC961-30K,2.5272,3.000,7.582,60,7.14,●,22,22,1200,9,307,4,303,2024-12-20,2024-12-19,2024-12-20,2024-12-31,0,0,2,0,0,0,0,0,0,0,0,0,0,0,0,0,0,0,0,0,0,0,0,0,0,2,1,VN,0.70532,3.30,0.0000,0.0000
2024-12-19,0.82,CYB10C-V01D,CYB10L-AS376-30K,0.506,3.000,1.518,35,4.17,●,8,8,600,9,256,25,231,2024-12-20,2024-12-19,2024-12-20,2025-08-07,0,0,0,7,0,0,0,18,0,0,0,0,0,0,0,0,0,0,0,0,0,0,0,0,0,0,1,Dubai,0.47582,0.82,0.0000,0.0000
2024-12-19,0.52,MXW20B-V02D,P3801101-M,6.42,2.000,12.84,35,4.17,〇,4,4,1200,9,31,31,0,2024-12-25,2024-12-19,2024-12-20,,0,0,0,0,0,0,31,0,0,0,0,0,0,0,0,0,0,0,0,0,0,0,0,0,0,0,1,Dubai,0.77042,0.52,0.0000,0.0000
2024-12-19,0.20,MXQ16B-V01D,P3802601B-M,2.15,2.000,4.3,35,4.17,〇,1,1,600,9,1,,,,,,,0,0,0,0,0,0,0,0,0,0,0,0,0,0,0,0,0,0,0,0,0,0,0,0,0,0,1,Dubai,0.02152,0.20,0.0000,0.0000
2024-12-19,0.75,MXS16B-V02D,P3800401B-M,2.6,2.000,5.2,60,7.14,◎,7,7,1200,9,153,10,143,2024-12-20,2024-12-19,2024-12-20,2024-12-20,0,10,0,0,0,0,0,0,0,0,0,0,0,0,0,0,0,0,0,0,0,0,0,0,0,0,1,Dubai,1.06082,0.75,0.0000,0.0000
2024-12-19,0.82,CQ40T3-V01B,C2Q40A-AD139A20K,2.77506,2.000,5.55,25,2.98,●,7,7,1200,9,140,0,140,2024-12-20,2024-12-19,2024-12-20,2024-12-20,0,0,0,0,0,0,0,0,0,0,0,0,0,0,0,0,0,0,0,0,0,0,0,0,0,0,1,Dubai,0.95142,0.82,0.0000,0.0000
2024-12-19,1.48,CQ40T3-V01B-ZZZ,C2Q40A-AD139A30K,2.77506,3.000,8.325,25,2.98,●,14,17,1200,9,238,2,236,2024-12-20,2024-12-19,2024-12-20,2024-12-20,0,0,1,0,0,0,0,0,0,0,0,0,0,0,0,0,0,0,1,0,0,0,0,0,0,0,1,VN,1.33582,1.48,0.0000,0.0000
2024-12-19,0.88,CYR50SR-V01D,CYR50E-AX667-30K,1.655,3.000,4.965,25,2.98,●,4,4,1200,9,89,0,89,2024-12-20,2024-12-20,2024-12-20,,0,0,0,0,0,0,0,0,0,0,0,0,0,0,0,0,0,0,0,0,0,0,0,0,0,0,1,VN,0.50022,0.88,0.0000,0.0000
2024-12-19,2.38,CP9632T-V03B,C9632ABAC958-30K,1.2447,3.000,3.734,40,4.76,●,14,21,600,9,314,34,280,2024-12-20,2024-12-20,2024-12-20,2025-01-06,0,0,0,0,0,0,0,0,0,0,0,0,0,0,0,0,0,0,0,0,0,0,0,0,0,34,1,VN,0.49202,2.38,0.0000,0.0000
2024-12-19,0.90,CQS25T-V01D,CQS25-04-F6467-K,2.29975,2.000,4.6,25,2.98,●,14,14,600,9,166,1,165,2024-12-20,2024-12-20,2024-12-20,2024-12-20,0,0,0,1,0,0,0,0,0,0,0,0,0,0,0,0,0,0,0,0,0,0,0,0,0,0,1,Dubai,0.84842,0.90,0.0000,0.0000
2024-12-19,1.58,CA80T-V01C,S370A63T89X80X30,3.18295,3.000,9.549,25,2.98,●,14,14,1200,9,166,8,158,2024-12-20,2024-12-20,2024-12-20,2025-01-09,0,0,3,0,0,0,0,0,0,0,0,0,0,0,0,0,0,0,0,0,0,0,0,0,0,5,1,VN,1.00112,1.58,0.0000,0.0000
2024-12-19,1.67,MGPL32B2-V01D,MGP32A-AC905-30K,7.11,3.000,21.33,35,4.17,●,14,14,1200,9,69,0,69,2024-12-23,2024-12-20,2024-12-20,2024-12-24,0,0,0,0,0,0,0,0,0,0,0,0,0,0,0,0,0,0,0,0,0,0,0,0,0,0,1,VN,0.88312,1.67,0.0000,0.0000
2024-12-19,0.58,CA50T-V01C,S370A63T58X50X30,1.81095,3.000,5.433,25,2.98,●,12,7,600,9,70,3,67,2024-12-23,2024-12-23,2024-12-23,2024-12-27,0,0,0,0,0,0,1,0,0,0,0,0,0,0,0,0,0,0,0,0,0,0,0,0,0,2,1,VN,0.65192,0.58,0.0000,0.0000
2024-12-18,2.37,MGPM40B2-V02D,MGP40A-AC896-30K,9.68,3.000,29.04,25,2.98,●,36,27,1200,9,80,1,79,2024-12-19,2024-12-18,2024-12-19,2024-12-19,0,0,0,0,0,0,0,0,0,0,0,0,0,0,0,0,0,0,0,0,0,0,1,0,0,0,1,VN,0.98162,2.37,0.0000,0.0000
2024-12-18,0.72,CA50T-V02C,S370A63T58X50X30,1.81095,3.000,5.433,25,2.98,●,14,9,600,9,89,4,85,2024-12-19,2024-12-18,2024-12-19,2024-12-23,0,0,0,0,0,0,2,0,0,0,0,0,0,0,0,0,0,0,0,0,0,0,0,0,1,1,1,VN,0.67472,0.72,0.0000,0.0000
2024-12-18,0.38,CA50T-V01C,S370A63T58X50X30,1.81095,3.000,5.433,25,2.98,●,0,5,600,9,49,1,48,2024-12-19,2024-12-18,2024-12-19,2024-12-24,0,0,0,0,0,0,0,0,0,0,0,0,0,0,0,0,0,0,0,0,0,0,0,0,0,1,1,VN,0.69452,0.38,0.0000,0.0000
2024-12-18,2.20,MHY16B-V02D,P3319201-M,1.73,2.000,3.46,25,2.98,●,21,22,600,9,349,9,340,2024-12-19,2024-12-18,2024-12-19,2024-12-19,0,0,0,9,0,0,0,0,0,0,0,0,0,0,0,0,0,0,0,0,0,0,0,0,0,0,1,Dubai,0.54892,2.20,0.0000,0.0000
2024-12-18,2.00,MXS08E-V01D,P3800203-MH1,1.823,2.000,3.646,25,2.98,●,14,29,600,9,434,8,426,2024-12-25,2024-12-18,2024-12-19,2024-12-25,0,0,0,2,0,0,0,0,0,0,0,0,0,5,0,0,0,0,0,0,0,0,1,0,0,0,1,Dubai,0.79122,2.00,0.0000,0.0000
2024-12-18,0.25,MHZ20B2-V01E,P4811351-MH1,1.9,2.000,3.8,25,2.98,〇,1,1,600,9,1,,,,,,,0,0,0,0,0,0,0,0,0,0,0,0,0,0,0,0,0,0,0,0,0,0,0,0,0,0,1,VN,0.01522,0.25,0.0000,0.0000
2024-12-18,0.43,CYR40SR-V01D,CYR40E-AX666-30K,1.087,3.000,3.261,25,2.98,◎,3,3,600,9,47,,,,2024-12-19,2024-12-20,,0,0,0,0,0,0,0,0,0,0,0,0,0,0,0,0,0,0,0,0,0,0,0,0,0,0,1,Dubai,0.35372,0.43,0.0000,0.0000
2024-12-18,2.78,CP9650T-V01B,C9650ABAC960-30K,2.3463,3.000,7.039,35,4.17,●,36,36,600,9,251,0,251,2024-12-19,2024-12-19,2024-12-19,2024-12-23,0,0,0,0,0,0,0,0,0,0,0,0,0,0,0,0,0,0,0,0,0,0,0,0,0,0,1,VN,0.63482,2.78,0.0000,0.0000
2024-12-18,0.28,MHZ25B2-V01E,P4811451-MH1,2.9,2.000,5.8,25,2.98,〇,1,1,1200,9,1,,,,,,,0,0,0,0,0,0,0,0,0,0,0,0,0,0,0,0,0,0,0,0,0,0,0,0,0,0,1,VN,0.02052,0.28,0.0000,0.0000
2024-12-18,0.57,CYR32AR-V01D,CYR32L-AX665-20K,2.348,2.000,4.696,25,2.98,●,2,2,600,9,38,1,37,,2024-12-19,2024-12-20,2025-01-06,0,0,0,0,0,0,0,0,0,0,0,0,0,0,0,0,0,0,0,1,0,0,0,0,0,0,1,Dubai,0.31492,0.57,0.0000,0.0000
2024-12-18,2.08,VP300M-V01D,VP300-22,4.32999,2.000,8.66,50,5.95,●,14,14,1200,9,167,1,166,2024-12-20,2024-12-19,2024-12-20,2024-12-20,0,0,0,1,0,0,0,0,0,0,0,0,0,0,0,0,0,0,0,0,0,0,0,0,0,0,1,Dubai,0.69422,2.08,0.0000,0.0000
2024-12-18,0.60,CQ32T3-V01B,C2Q32A-AD138A20K,2.30985,2.000,4.62,25,2.98,●,7,7,600,9,83,0,83,2024-12-19,2024-12-19,2024-12-19,2024-12-19,0,0,0,0,0,0,0,0,0,0,0,0,0,0,0,0,0,0,0,0,0,0,0,0,0,0,1,Dubai,0.63912,0.60,0.0000,0.0000
2024-12-18,0.67,CQ32T3-V01B-ZZZ,C2Q32A-AD138A30K,2.30985,3.000,6.93,25,2.98,●,28,11,600,9,88,0,88,2024-12-19,2024-12-19,2024-12-19,2024-12-20,0,0,0,0,0,0,0,0,0,0,0,0,0,0,0,0,0,0,0,0,0,0,0,0,0,0,1,VN,0.91472,0.67,0.0000,0.0000
2024-12-17,1.92,CYB10C-V01D,CYB10L-AS376-30K,0.506,3.000,1.518,35,4.17,●,6,15,600,9,477,14,463,2024-12-18,2024-12-17,2024-12-18,2024-12-18,0,0,0,0,0,0,0,11,0,3,0,0,0,0,0,0,0,0,0,0,0,0,0,0,0,0,1,Dubai,0.37782,1.92,0.0000,0.0000
2024-12-17,0.35,MXQ08B-V02D,P3802401B-M,0.93,2.000,1.86,35,4.17,〇,0,1,600,9,1,,,,,,,0,0,0,0,0,0,0,0,0,0,0,0,0,0,0,0,0,0,0,0,0,0,0,0,0,0,1,VN,0.00532,0.35,0.0000,0.0000
2024-12-17,1.12,PS50B-V01D,S502A61T50X13X27,4.77333,2.700,12.888,25,2.98,●,8,8,1200,9,63,0,63,2024-12-18,2024-12-17,2024-12-19,2024-12-19,0,0,0,0,0,0,0,0,0,0,0,0,0,0,0,0,0,0,0,0,0,0,0,0,0,0,1,VN,0.72712,1.12,0.0000,0.0000
2024-12-17,1.95,CP9632T-V02B,C9632ABAC958-30K,1.2447,3.000,3.734,40,4.76,●,21,21,600,9,314,8,306,2024-12-18,2024-12-17,2024-12-18,2024-12-24,0,0,0,0,0,0,0,0,0,0,0,0,0,0,0,0,0,0,0,0,0,0,0,0,0,8,1,VN,0.60132,1.95,0.0000,0.0000
2024-12-17,0.52,CYR20SR-V01D,CYR20E-AX663-30K,0.595,3.000,1.785,25,2.98,●,2,2,600,9,58,25,33,2024-12-19,2024-12-17,2024-12-19,,0,0,0,0,0,0,0,0,0,0,0,0,0,0,0,0,0,0,0,0,0,0,0,0,0,25,1,VN,0.20042,0.52,0.0000,0.0000
2024-12-17,0.70,CA80T-V01C,S370A63T89X80X30,3.18295,3.000,9.549,25,2.98,〇,13,5,1200,9,58,,,,2024-12-17,2024-12-19,,0,0,0,0,0,0,0,0,0,0,0,0,0,0,0,0,0,0,0,0,0,0,0,0,0,0,1,VN,0.79122,0.70,0.0000,0.0000
2024-12-17,0.42,MXQ16B-V02D,P3802601B-M,2.15,2.000,4.3,35,4.17,〇,1,1,600,9,1,,,,,,,0,0,0,0,0,0,0,0,0,0,0,0,0,0,0,0,0,0,0,0,0,0,0,0,0,0,1,Dubai,0.01032,0.42,0.0000,0.0000
2024-12-17,3.75,MGPM40B2-V01D,MGP40A-AC896-30K,9.68,3.000,29.04,35,4.17,●,36,36,1200,9,107,2,105,2024-12-19,2024-12-18,2024-12-18,2024-12-19,0,2,0,0,0,0,0,0,0,0,0,0,0,0,0,0,0,0,0,0,0,0,0,0,0,0,1,VN,0.82862,3.75,0.0000,0.0000
2024-12-17,0.43,CYR25SR-V01D,CYR25E-AX664-30K,0.69,3.000,2.07,25,2.98,●,2,2,600,9,51,22,29,2024-12-19,2024-12-18,2024-12-19,,0,0,0,0,0,0,0,0,0,0,0,0,0,0,0,0,0,0,0,0,0,0,0,0,0,22,1,Dubai,0.24362,0.43,0.0000,0.0000
2024-12-17,0.62,CQS12T2-V01D,CQS12-04-F6464-K,1.10727,2.000,2.215,25,2.98,●,5,5,600,9,118,1,117,2024-12-19,2024-12-18,2024-12-19,2024-12-20,0,0,0,1,0,0,0,0,0,0,0,0,0,0,0,0,0,0,0,0,0,0,0,0,0,0,1,Dubai,0.42382,0.62,0.0000,0.0000
2024-12-17,0.55,CQS16T2-V01D,CQS16-04-F6465-K,1.31652,2.000,2.633,25,2.98,●,5,5,600,9,108,6,102,2024-12-19,2024-12-18,2024-12-19,2024-12-19,0,0,0,6,0,0,0,0,0,0,0,0,0,0,0,0,0,0,0,0,0,0,0,0,0,0,1,Dubai,0.51702,0.55,0.0000,0.0000
2024-12-17,1.78,CP9640T-V03B,C9640ABAC959-30K,1.3959,3.000,4.188,25,2.98,●,19,17,600,9,220,11,209,2024-12-19,2024-12-18,2024-12-19,2024-12-25,0,1,0,0,0,0,0,0,0,0,0,0,0,0,0,0,0,0,0,0,0,0,0,0,0,10,1,VN,0.51662,1.78,0.0000,0.0000
2024-12-17,-22.00,CYR15SR-V01D,CYR15E-AX662-30K,0.482,3.000,1.446,25,2.98,●,2,2,600,9,68,35,33,2024-12-19,2024-12-18,2024-12-19,,0,0,0,0,0,0,0,0,0,0,0,0,0,0,0,0,0,0,0,0,0,0,0,0,0,35,1,Dubai,-0.00452,-22.00,0.0000,0.0000
2024-12-16,3.07,CP9663T-V01B,C9663ABAC961-30K,2.5272,3.000,7.582,60,7.14,●,21,21,1200,9,292,21,271,2024-12-17,2024-12-17,2024-12-17,2024-12-23,0,0,0,0,0,0,17,0,0,0,0,0,0,0,0,0,0,0,0,0,0,0,0,0,0,4,1,VN,0.72192,3.07,0.0000,0.0000
2024-12-16,0.35,MXS08B-V02D,P3800201B-M,1,2.000,2,35,4.17,〇,9,1,600,9,1,,,,,,,0,0,0,0,0,0,0,0,0,0,0,0,0,0,0,0,0,0,0,0,0,0,0,0,0,0,1,Dubai,0.00572,0.35,0.0000,0.0000
2024-12-16,3.42,CQ63T3-V01C-ZZZ,C2Q63A-AD141A30K,4.98231,3.000,14.947,35,4.17,●,25,25,1200,9,170,2,168,2024-12-18,2024-12-17,2024-12-18,2024-12-19,0,0,0,0,0,0,2,0,0,0,0,0,0,0,0,0,0,0,0,0,0,0,0,0,0,0,1,VN,0.74372,3.42,0.0000,0.0000
2024-12-16,0.65,CQ63T3-V01C,C2Q63A-AD141A20K,4.98231,2.000,9.965,25,2.98,●,5,5,1200,9,55,11,44,2024-12-18,2024-12-17,2024-12-18,2024-12-19,0,0,0,5,0,0,6,0,0,0,0,0,0,0,0,0,0,0,0,0,0,0,0,0,0,0,1,Dubai,0.84322,0.65,0.0000,0.0000
2024-12-16,0.80,CYR06SR-V01D,CYR06E-AX660-30K,0.225,3.000,0.675,25,2.98,●,2,2,600,9,156,104,52,2024-12-19,2024-12-17,2024-12-18,,0,0,0,0,0,0,0,0,0,0,0,0,0,0,0,0,0,0,0,0,0,0,0,0,104,0,1,VN,0.13162,0.80,0.0000,0.0000
2024-12-16,1.68,CQ40T-V01B,C2Q40-04-J0780-K,3.08,2.000,6.16,35,4.17,●,17,17,1200,9,305,3,302,2024-12-18,2024-12-17,2024-12-17,2024-12-18,0,0,0,1,0,0,2,0,0,0,0,0,0,0,0,0,0,0,0,0,0,0,0,0,0,0,1,Dubai,1.11612,1.68,0.0000,0.0000
2024-12-16,0.67,JA8378,JA8378,1.41,2.775,3.913,25,2.98,◎,3,5,600,9,70,,,,2024-12-18,,,0,0,0,0,0,0,0,0,0,0,0,0,0,0,0,0,0,0,0,0,0,0,0,0,0,0,1,VN,0.41082,0.67,0.0000,0.0000
2024-12-16,1.13,MXS16B-V02D,P3800401B-M,2.6,2.000,5.2,60,7.14,◎,2,5,1200,9,109,3,106,2024-12-17,2024-12-17,2024-12-18,2024-12-20,0,0,0,0,0,0,3,0,0,0,0,0,0,0,0,0,0,0,0,0,0,0,0,0,0,0,1,Dubai,0.50012,1.13,0.0000,0.0000
2024-12-16,0.37,CYR10SR-V01D,CYR10E-AX661-30K,0.382,3.000,1.146,25,2.98,●,1,1,600,9,44,0,44,2024-12-19,2024-12-17,2024-12-18,,0,0,0,0,0,0,0,0,0,0,0,0,0,0,0,0,0,0,0,0,0,0,0,0,0,0,1,VN,0.13752,0.37,0.0000,0.0000
2024-12-16,0.90,CP9650T-V03B,C9650ABAC960-30K,2.3463,3.000,7.039,35,4.17,〇,20,5,600,9,1,1,0,2024-12-20,,,,0,0,0,0,0,0,0,0,0,0,0,0,0,0,0,0,0,0,0,0,0,0,0,0,0,0,1,VN,0.00782,0.90,0.0000,0.0000
2024-12-16,1.00,CJ16P-V01D,C2J16M-AF113-25K,0.554,2.500,1.385,25,2.98,●,10,10,600,9,360,3,357,2024-12-17,2024-12-18,2024-12-18,2024-12-18,0,0,0,1,0,0,0,0,0,0,0,0,0,0,0,0,0,0,0,0,0,0,2,0,0,0,0,Dubai,0.49862,1.00,0.0000,0.0000
2024-12-13,0.67,MXS16B-V02D,P3800401B-M,2.6,2.000,5.2,60,7.14,◎,2,2,1200,9,45,0,45,2024-12-13,2024-12-13,2024-12-16,2024-12-16,0,0,0,0,0,0,0,0,0,0,0,0,0,0,0,0,0,0,0,0,0,0,0,0,0,0,1,Dubai,0.35102,0.67,0.0000,0.0000
2024-12-13,2.42,MGPM25B2-V01D,MGP25A-AC894-30K,6.19,3.000,18.57,35,4.17,●,24,24,1200,9,143,2,141,2024-12-16,2024-12-13,2024-12-16,2024-12-17,0,0,0,0,0,0,1,0,0,0,0,0,0,0,0,0,0,0,0,1,0,0,0,0,0,0,1,VN,1.09882,2.42,0.0000,0.0000
2024-12-13,1.58,CA63T-V01C,S370A63T72X63X30,2.54708,3.000,7.641,50,5.95,●,14,14,1200,9,209,20,189,2024-12-16,2024-12-13,2024-12-14,2024-12-26,0,0,0,0,0,0,1,0,0,0,0,0,0,0,0,0,0,0,0,0,0,0,0,0,0,19,1,VN,1.00862,1.58,0.0000,0.0000
2024-12-13,1.42,MGJ06B-V01D,MGJ06K-BA394-20K,0.97794,2.000,1.956,50,5.95,●,14,14,600,9,363,1,362,2024-12-16,2024-12-13,2024-12-16,2024-12-16,0,0,0,0,0,0,0,0,0,0,0,0,0,0,0,0,0,0,0,0,0,0,1,0,0,0,1,Dubai,0.50122,1.42,0.0000,0.0000
2024-12-13,0.67,MSQ30B2-V04D,P6260301-D,5.19,2.070,10.743,35,4.17,〇,14,4,1200,9,1,,,,,,,0,0,0,0,0,0,0,0,0,0,0,0,0,0,0,0,0,0,0,0,0,0,0,0,0,0,1,Dubai,0.01612,0.67,0.0000,0.0000
2024-12-13,0.33,XLA25B2-V02B,XLA25-1B-S,7.28,2.000,14.56,35,4.17,●,1,2,1200,9,13,0,13,2024-12-16,2024-12-13,2024-12-16,2024-12-19,0,0,0,0,0,0,0,0,0,0,0,0,0,0,0,0,0,0,0,0,0,0,0,0,0,0,1,Dubai,0.56782,0.33,0.0000,0.0000
2024-12-13,1.00,CA50T-V01C,S370A63T58X50X30,1.81095,3.000,5.433,25,2.98,●,14,11,600,9,108,16,92,2024-12-16,2024-12-17,2024-12-16,2024-12-25,0,0,0,1,0,0,0,0,0,0,0,0,0,0,0,0,0,0,2,0,0,0,0,0,0,13,1,VN,0.58672,1.00,0.0000,0.0000
2024-12-13,0.83,CQ32T3-V01B,C2Q32A-AD138A20K,2.30985,2.000,4.62,25,2.98,●,10,10,600,9,119,11,108,2024-12-17,2024-12-16,2024-12-17,2024-12-17,0,0,0,7,0,0,4,0,0,0,0,0,0,0,0,0,0,0,0,0,0,0,0,0,0,0,1,Dubai,0.65972,0.83,0.0000,0.0000
2024-12-13,1.37,CQ32T3-V01B-ZZZ,C2Q32A-AD138A30K,2.30985,3.000,6.93,25,2.98,●,25,25,600,9,200,1,199,2024-12-17,2024-12-16,2024-12-17,2024-12-17,0,0,0,0,0,0,1,0,0,0,0,0,0,0,0,0,0,0,0,0,0,0,0,0,0,0,1,VN,1.01412,1.37,0.0000,0.0000
2024-12-13,2.63,CQ50T3-V01B-ZZZ,C2Q50A-AD140A30K,4.15908,3.000,12.477,25,2.98,●,35,22,1200,9,197,9,188,2024-12-18,2024-12-16,2024-12-18,2024-12-18,0,0,0,0,0,0,9,0,0,0,0,0,0,0,0,0,0,0,0,0,0,0,0,0,0,0,1,VN,0.93342,2.63,0.0000,0.0000
2024-12-13,0.40,MXQ16B-V02D,P3802601B-M,2.15,2.000,4.3,35,4.17,〇,19,1,600,9,1,,,,,,,0,0,0,0,0,0,0,0,0,0,0,0,0,0,0,0,0,0,0,0,0,0,0,0,0,0,1,Dubai,0.01082,0.40,0.0000,0.0000
2024-12-13,1.95,MGPM20B2-V01D,MGP20A-AC893-30K,5.03,3.000,15.09,50,5.95,●,20,24,1200,9,167,0,167,2024-12-17,2024-12-17,2024-12-17,2024-12-17,0,0,0,0,0,0,0,0,0,0,0,0,0,0,0,0,0,0,0,0,0,0,0,0,0,0,1,VN,1.29232,1.95,0.0000,0.0000
2024-12-12,18.92,CQ40T3-V01B-ZZZ,C2Q40A-AD139A30K,2.77506,3.000,8.325,25,2.98,●,30,30,1200,9,419,2,417,2024-12-16,2024-12-13,2024-12-13,2024-11-14,0,0,0,0,0,0,2,0,0,0,0,0,0,0,0,0,0,0,0,0,0,0,0,0,0,0,1,VN,0.18432,18.93,0.0000,0.0000
2024-12-12,3.38,PS63-V01D,S500A61T63X14X20,8.046,2.000,16.092,25,2.98,●,30,30,1200,9,179,2,177,2024-12-13,2024-12-12,2024-12-13,2024-12-13,0,0,0,0,0,0,0,2,0,0,0,0,0,0,0,0,0,0,0,0,0,0,0,0,0,0,1,VN,0.85142,3.38,0.0000,0.0000
2024-12-12,0.67,MXS16B-V02D,P3800401B-M,2.6,2.000,5.2,60,7.14,◎,2,2,1200,9,45,0,45,2024-12-13,2024-12-13,2024-12-16,,0,0,0,0,0,0,0,0,0,0,0,0,0,0,0,0,0,0,0,0,0,0,0,0,0,0,1,Dubai,0.35102,0.67,0.0000,0.0000
2024-12-12,2.12,CP9663T-V02B,C9663ABAC961-30K,2.5272,3.000,7.582,60,7.14,●,21,14,1200,9,194,17,177,2024-12-16,2024-12-12,2024-12-13,2024-12-18,0,2,4,9,0,0,1,0,0,0,0,0,0,0,0,0,0,0,0,0,0,0,0,0,0,1,1,VN,0.69492,2.12,0.0000,0.0000
2024-12-12,1.75,XGTP300L-V01D,XGTP300-3-6M-1,25.178,2.000,50.356,35,4.17,●,6,6,1200,14,23,5,18,2024-12-20,2024-12-17,2024-12-18,,0,0,0,5,0,0,0,0,0,0,0,0,0,0,0,0,0,0,0,0,0,0,0,0,0,0,2,Dubai,0.66182,1.75,0.0000,0.0000
2024-12-12,2.33,CA80T-V01C,S370A63T89X80X30,3.18295,3.000,9.549,25,2.98,●,18,18,1200,9,215,21,194,2024-12-17,2024-12-13,2024-12-16,2024-12-23,0,0,9,0,0,0,9,0,0,0,0,0,0,0,0,0,0,0,0,0,0,0,0,0,0,3,1,VN,0.87992,2.33,0.0000,0.0000
2024-12-12,1.37,XLA40B2-V03B,XLA40-1B-S,12.34,2.035,25.112,60,7.14,●,7,10,1200,14,99,8,91,2024-12-18,2024-12-18,2024-12-19,2024-12-19,0,0,0,3,0,0,5,0,0,0,0,0,0,0,0,0,0,0,0,0,0,0,0,0,0,0,2,Dubai,1.81912,1.37,0.0000,0.0000
2024-12-12,1.55,MSQ20B2-V03D,P6260201-D,4.66,2.075,9.669,40,4.76,●,10,13,1200,9,142,12,130,2024-12-17,2024-12-12,2024-12-16,2024-12-18,0,0,0,1,0,0,11,0,0,0,0,0,0,0,0,0,0,0,0,0,0,0,0,0,0,0,1,VN,0.88592,1.55,0.0000,0.0000
2024-12-12,0.63,CP9680T-V01B,C9680ABAC962A30K,4.02,3.000,12.06,35,4.17,〇,1,1,1200,14,1,,,,,,,0,0,0,0,0,0,0,0,0,0,0,0,0,0,0,0,0,0,0,0,0,0,0,0,0,0,2,Dubai,0.01902,0.63,0.0000,0.0000
2024-12-12,1.55,XLA16B2-V01B,XLA16-1B-S,4.85,2.000,9.7,35,4.17,●,25,25,1200,9,274,4,270,2024-12-13,2024-12-13,2024-12-16,2024-12-16,0,0,0,4,0,0,0,0,0,0,0,0,0,0,0,0,0,0,0,0,0,0,0,0,0,0,1,Dubai,1.71472,1.55,0.0000,0.0000
2024-12-12,1.25,MGPM20B2-V02D,MGP20A-AC893-30K,5.03,3.000,15.09,25,2.98,●,24,18,1200,9,125,0,125,2024-12-16,2024-12-13,2024-12-13,2024-12-16,0,0,0,0,0,0,0,0,0,0,0,0,0,0,0,0,0,0,0,0,0,0,0,0,0,0,1,VN,1.50902,1.25,0.0000,0.0000
2024-12-11,3.25,MGPM40B2-V02D,MGP40A-AC896-30K,9.68,3.000,29.04,25,2.98,●,36,36,1200,9,107,8,99,2024-12-13,2024-12-12,2024-12-12,2024-12-13,0,0,0,4,0,0,0,0,0,0,0,0,0,0,0,0,0,0,0,4,0,0,0,0,0,0,1,VN,0.95612,3.25,0.0000,0.0000
2024-12-11,2.67,CP9650T-V02B,C9650ABAC960-30K,2.3463,3.000,7.039,60,7.14,●,35,36,600,9,251,5,246,2024-12-13,2024-12-12,2024-12-12,2024-12-25,0,0,0,0,0,0,3,0,0,0,0,0,0,0,0,0,0,0,0,0,0,0,0,0,0,2,1,VN,0.66252,2.67,0.0000,0.0000
2024-12-11,0.58,CQA0T3-V01C-ZZZ,C2QA0A-AD143-30K,10.371,3.000,31.113,45,5.36,●,3,2,1200,14,16,0,16,2024-12-13,2024-12-11,2024-12-13,2024-12-13,0,0,0,0,0,0,0,0,0,0,0,0,0,0,0,0,0,0,0,0,0,0,0,0,0,0,2,Dubai,0.85342,0.58,0.0000,0.0000
2024-12-11,0.27,CJ16P-V01D,C2J16M-AF113-25K,0.554,2.500,1.385,25,2.98,●,14,1,600,9,34,0,34,2024-12-12,2024-12-12,2024-12-13,2024-12-19,0,0,0,0,0,0,0,0,0,0,0,0,0,0,0,0,0,0,0,0,0,0,0,0,0,0,1,Dubai,0.17662,0.27,0.0000,0.0000
2024-12-11,0.52,MXW20B-V01D,P3801101-M,6.42,2.000,12.84,25,2.98,〇,4,4,1200,9,31,31,0,2024-12-16,2024-12-12,2024-12-13,,0,31,0,0,0,0,0,0,0,0,0,0,0,0,0,0,0,0,0,0,0,0,0,0,0,0,1,Dubai,0.77042,0.52,0.0000,0.0000
2024-12-11,2.63,CP9632T-V03B,C9632ABAC958-30K,1.2447,3.000,3.734,40,4.76,●,21,21,600,9,313,1,312,2024-12-12,2024-12-12,2024-12-12,2024-12-18,0,0,0,0,0,0,0,0,0,0,0,0,0,0,0,0,0,0,0,0,0,0,0,0,0,1,1,VN,0.44382,2.63,0.0000,0.0000
2024-12-11,1.20,MGPM20B2-V01D,MGP20A-AC893-30K,5.03,3.000,15.09,50,5.95,●,36,11,1200,9,76,2,74,2024-12-13,2024-12-12,2024-12-13,2024-12-16,0,0,0,2,0,0,0,0,0,0,0,0,0,0,0,0,0,0,0,0,0,0,0,0,0,0,1,VN,0.95572,1.20,0.0000,0.0000
2024-12-11,0.63,MXS16B-V02D,P3800401B-M,2.6,2.000,5.2,60,7.14,◎,2,2,1200,9,43,,,,2024-12-12,2024-12-13,,0,0,0,0,0,0,0,0,0,0,0,0,0,0,0,0,0,0,0,0,0,0,0,0,0,0,1,Dubai,0.35312,0.63,0.0000,0.0000
2024-12-11,0.67,CYR06B-V01D,CYR06K-AX660-20K,0.531,2.000,1.062,25,2.98,◎,1,2,600,9,102,4,98,2024-12-13,2024-12-12,2024-12-13,2024-12-13,0,0,0,1,0,0,0,0,0,0,0,0,0,0,0,0,0,0,0,0,0,0,3,0,0,0,1,VN,0.16252,0.67,0.0000,0.0000
2024-12-11,0.67,CQ32T3-V01B-ZZZ,C2Q32A-AD138A30K,2.30985,3.000,6.93,25,2.98,●,21,7,600,9,55,0,55,2024-12-12,2024-12-12,2024-12-13,2024-12-13,0,0,0,0,0,0,0,0,0,0,0,0,0,0,0,0,0,0,0,0,0,0,0,0,0,0,1,VN,0.57172,0.67,0.0000,0.0000
2024-12-10,2.08,CA63T-V01C,S370A63T72X63X30,2.54708,3.000,7.641,50,5.95,●,6,14,1200,9,209,4,205,2024-12-11,2024-12-11,2024-12-11,2024-12-31,0,0,0,0,0,0,2,0,0,0,0,0,0,0,0,0,0,0,0,0,0,0,0,0,0,2,1,VN,0.76662,2.08,0.0000,0.0000
2024-12-10,2.98,MGPM25B2-V02D,MGP25A-AC894-30K,6.19,3.000,18.57,35,4.17,●,34,42,1200,9,251,7,244,2024-12-11,2024-12-10,2024-12-11,2024-12-12,0,0,0,5,0,0,0,0,0,0,0,0,0,0,0,0,0,0,0,2,0,0,0,0,0,0,1,VN,1.56242,2.98,0.0000,0.0000
2024-12-10,0.23,MSQ50TB-V01E,P8910470-D,11.7,2.000,23.4,35,4.17,〇,10,1,1200,14,1,,,,,,,0,0,0,0,0,0,0,0,0,0,0,0,0,0,0,0,0,0,0,0,0,0,0,0,0,0,2,Dubai,0.10032,0.23,0.0000,0.0000
2024-12-10,0.38,MYM50S-V01D,MYM50-27-K0502-K,9.593,2.000,19.186,35,4.17,●,3,3,1200,14,41,6,35,2024-12-19,2024-12-11,2024-12-13,2025-04-02,0,0,0,4,0,0,0,0,0,0,0,0,0,0,0,0,0,0,0,2,0,0,0,0,0,0,1,Dubai,2.05212,0.38,0.0000,0.0000
2024-12-10,0.37,MXQ20B-V02D,P3802701B-M,3.09,2.000,6.18,35,4.17,〇,1,1,1200,9,1,,,,,,,0,0,0,0,0,0,0,0,0,0,0,0,0,0,0,0,0,0,0,0,0,0,0,0,0,0,1,Dubai,0.01692,0.37,0.0000,0.0000
2024-12-10,1.40,CM25AH-V01D,C2M025K02-68715B,2.003,3.000,6.009,60,7.14,●,30,23,600,9,185,4,181,2024-12-11,2024-12-11,2024-12-11,2024-12-11,0,0,0,0,0,0,0,3,0,0,0,0,0,0,0,0,0,0,0,1,0,0,0,0,0,0,1,Dubai,0.79402,1.40,0.0000,0.0000
2024-12-10,0.33,CYR25SR-V01D,CYR25E-AX664-30K,0.69,3.000,2.07,25,2.98,〇,1,1,600,9,1,0,1,2024-12-13,,,,0,0,0,0,0,0,0,0,0,0,0,0,0,0,0,0,0,0,0,0,0,0,0,0,0,0,1,VN,0.00622,0.33,0.0000,0.0000
2024-12-10,2.65,CP9640T-V02B,C9640ABAC959-30K,1.3959,3.000,4.188,25,2.98,●,28,28,600,9,363,3,360,2024-12-11,2024-12-11,2024-12-12,2024-12-18,0,0,0,0,0,0,0,0,0,0,0,0,0,0,0,0,0,0,0,0,0,0,0,0,0,3,1,VN,0.57362,2.65,0.0000,0.0000
2024-12-10,2.95,MGPM40B2-V01D,MGP40A-AC896-30K,9.68,3.000,29.04,35,4.17,●,24,23,1200,9,69,1,68,2024-12-12,2024-12-12,2024-12-12,2024-12-12,0,0,0,0,0,0,1,0,0,0,0,0,0,0,0,0,0,0,0,0,0,0,0,0,0,0,1,VN,0.67922,2.95,0.0000,0.0000
2024-12-10,1.23,MXS06B-V02D,P3800101B-M,0.73,2.000,1.46,35,4.17,〇,1,1,600,9,1,,,,,,,0,0,0,0,0,0,0,0,0,0,0,0,0,0,0,0,0,0,0,0,0,0,0,0,0,0,1,VN,0.00122,1.23,0.0000,0.0000
2024-12-10,0.92,CQ50T3-V01B-ZZZ,C2Q50A-AD140A30K,4.15908,3.000,12.477,25,2.98,●,35,9,1200,9,80,7,73,2024-12-12,2024-12-11,2024-12-12,2024-12-13,0,0,2,0,0,0,5,0,0,0,0,0,0,0,0,0,0,0,0,0,0,0,0,0,0,0,1,VN,1.08892,0.92,0.0000,0.0000
2024-12-09,3.10,MGPL20B2-V01D,MGP20A-AC903-30K,4.49,3.000,13.47,25,2.98,●,28,28,1200,9,223,8,215,2024-12-11,2024-12-09,2024-12-10,2024-12-11,0,5,0,1,0,0,0,0,0,0,0,0,0,0,0,0,0,0,0,2,0,0,0,0,0,0,1,VN,0.96902,3.10,0.0000,0.0000
2024-12-09,1.70,CQ20C-V01D,S501A61T23X10X30,0.882,3.000,2.646,25,2.98,●,16,16,600,9,318,11,307,2024-12-10,2024-12-09,2024-12-10,2024-12-10,0,0,0,0,0,0,0,11,0,0,0,0,0,0,0,0,0,0,0,0,0,0,0,0,0,0,1,Dubai,0.49502,1.70,0.0000,0.0000
2024-12-09,0.45,CXS32S3-V02D,CXS32A-BA025-20K,4.467,2.000,8.934,25,2.98,〇,2,2,1200,9,1,,,,,,,0,0,0,0,0,0,0,0,0,0,0,0,0,0,0,0,0,0,0,0,0,0,0,0,0,0,1,VN,0.01992,0.45,0.0000,0.0000
2024-12-09,2.37,MHY25B-V02D,P3319401-M,4.18,2.000,8.36,35,4.17,●,30,30,1200,9,389,8,381,2024-12-10,2024-12-09,2024-12-10,2024-12-11,0,0,0,8,0,0,0,0,0,0,0,0,0,0,0,0,0,0,0,0,0,0,0,0,0,0,1,Dubai,1.37412,2.37,0.0000,0.0000
2024-12-09,0.33,MYM63S-V01D,MYM63-27-K0503-K,12.336,2.000,24.672,35,4.17,〇,1,2,1200,14,1,,,,,,,0,0,0,0,0,0,0,0,0,0,0,0,0,0,0,0,0,0,0,0,0,0,0,0,0,0,2,Dubai,0.07402,0.33,0.0000,0.0000
2024-12-09,0.55,CA50T-V02C,S370A63T58X50X30,1.81095,3.000,5.433,25,2.98,●,14,14,600,9,139,18,121,2024-12-11,2024-12-10,2024-12-10,2024-12-20,0,3,0,0,0,0,15,0,0,0,0,0,0,0,0,0,0,0,0,0,0,0,0,0,0,0,1,VN,1.37302,0.55,0.0000,0.0000
2024-12-09,-0.58,XLA40B2-V03B,XLA40-1B-S,12.34,2.035,25.112,60,7.14,●,9,9,1200,14,89,34,55,2025-01-20,2024-12-11,2024-12-13,2024-12-18,0,0,0,0,0,0,28,0,0,0,0,0,0,0,0,0,0,0,0,2,0,0,4,0,0,0,2,Dubai,-3.83142,-0.58,0.0000,0.0000
2024-12-09,2.97,CP9663T-V03B,C9663ABAC961-30K,2.5272,3.000,7.582,60,7.14,●,21,21,1200,9,293,11,282,2024-12-10,2024-12-10,2024-12-10,2024-12-13,0,0,1,0,0,0,4,0,0,0,0,0,0,0,0,0,0,0,0,0,0,0,0,0,0,6,1,VN,0.74882,2.97,0.0000,0.0000
2024-12-09,1.63,CA80T-V01C,S370A63T89X80X30,3.18295,3.000,9.549,25,2.98,●,14,14,1200,9,167,43,124,2024-12-16,2024-12-10,2024-12-10,2024-12-10,0,14,0,0,0,0,13,0,0,0,0,0,0,0,0,0,0,0,0,0,0,0,0,0,0,16,1,VN,0.97632,1.63,0.0000,0.0000
2024-12-09,0.55,CQ32T3-V01B,C2Q32A-AD138A20K,2.30985,2.000,4.62,25,2.98,◎,5,5,600,9,54,2,52,2024-12-10,2024-12-10,2024-12-11,2024-12-13,0,2,0,0,0,0,0,0,0,0,0,0,0,0,0,0,0,0,0,0,0,0,0,0,0,0,1,Dubai,0.45362,0.55,0.0000,0.0000
2024-12-09,0.67,CQ40T3-V01B,C2Q40A-AD139A20K,2.77506,2.000,5.55,25,2.98,●,8,8,1200,9,167,8,159,2024-12-11,2024-12-10,2024-12-11,2024-12-12,0,0,4,1,0,0,3,0,0,0,0,0,0,0,0,0,0,0,0,0,0,0,0,0,0,0,1,Dubai,1.39032,0.67,0.0000,0.0000
2024-12-09,0.70,CQ40T3-V01B-ZZZ,C2Q40A-AD139A30K,2.77506,3.000,8.325,25,2.98,●,14,7,1200,9,97,2,95,2024-12-11,2024-12-10,2024-12-11,2024-12-16,0,0,0,0,0,0,1,0,0,0,0,0,0,0,0,0,0,0,1,0,0,0,0,0,0,0,1,VN,1.15362,0.70,0.0000,0.0000
2024-12-06,2.33,CYB15C-V01D,CYB15L-AS377-30K,0.732,3.000,2.196,35,4.17,●,11,11,1200,9,570,54,516,2024-12-06,2024-12-06,2024-12-09,2024-12-09,0,0,0,0,0,0,0,20,0,27,0,0,0,0,0,0,1,0,0,6,0,0,0,0,0,0,1,Dubai,0.53652,2.33,0.0000,0.0000
2024-12-06,2.33,PS50-V01D,S500A61T50X14X30,4.96476,3.000,14.894,25,2.98,●,22,22,1200,9,175,1,174,2024-12-06,2024-12-06,2024-12-09,2024-12-09,0,0,0,0,0,0,1,0,0,0,0,0,0,0,0,0,0,0,0,0,0,0,0,0,0,0,1,VN,1.11712,2.33,0.0000,0.0000
2024-12-06,0.27,CXS10S3-V02D,CXS10A-R6001-20K,1.12,2.000,2.24,25,2.98,〇,2,2,600,9,1,1,0,2024-12-09,,,,0,0,0,0,0,0,0,0,0,0,0,0,0,0,0,0,0,0,0,0,0,0,0,0,0,0,1,VN,0.00842,0.27,0.0000,0.0000
2024-12-06,2.98,MGPM32B2-V02D,MGP32A-AC895-30K,8.15,3.000,24.45,25,2.98,●,42,36,1200,9,143,9,134,2024-12-10,2024-12-06,2024-12-10,2024-12-11,0,9,0,0,0,0,0,0,0,0,0,0,0,0,0,0,0,0,0,0,0,0,0,0,0,0,1,VN,1.17202,2.98,0.0000,0.0000
2024-12-06,0.33,MSQ30B4-V01D,P8910301-D,5.1,2.020,10.302,35,4.17,〇,2,2,1200,9,1,,,,,,,0,0,0,0,0,0,0,0,0,0,0,0,0,0,0,0,0,0,0,0,0,0,0,0,0,0,1,VN,0.03092,0.33,0.0000,0.0000
2024-12-06,1.17,CA20T-V03C,S370A63T26X20X20,0.57805,2.000,1.156,25,2.98,◎,5,5,600,9,227,106,121,2024-12-10,2024-12-09,2024-12-09,2025-01-09,0,0,0,0,0,0,17,0,0,0,0,0,0,0,0,0,0,0,0,1,0,0,0,0,88,0,1,VN,0.22492,1.17,0.0000,0.0000
2024-12-06,3.03,MGPM40B2-V02D,MGP40A-AC896-30K,9.68,3.000,29.04,25,2.98,●,36,29,1200,9,86,19,67,2024-12-10,2024-12-09,2024-12-10,2024-12-11,0,18,1,0,0,0,0,0,0,0,0,0,0,0,0,0,0,0,0,0,0,0,0,0,0,0,1,VN,,,0.0000,0.0000
2024-12-06,1.33,MB40T-V02C,S369A63T45X40X30,0.90079,3.000,2.702,25,2.98,●,10,10,600,9,199,2,197,2024-12-10,2024-12-09,2024-12-10,2025-08-04,0,0,0,0,0,0,2,0,0,0,0,0,0,0,0,0,0,0,0,0,0,0,0,0,0,0,1,VN,0.40332,1.33,0.0000,0.0000
2024-12-06,1.50,CP9650T-V01B,C9650ABAC960-30K,2.3463,3.000,7.039,35,4.17,●,35,20,600,9,139,1,138,2024-12-10,2024-12-09,2024-12-10,2024-12-13,0,0,0,0,0,0,0,0,0,0,0,0,0,0,0,0,0,0,0,0,0,0,0,0,0,1,1,VN,0.65232,1.50,0.0000,0.0000
2024-12-06,0.17,MXS16B-V01D,P3800401B-M,2.6,2.000,5.2,60,7.14,〇,2,2,1200,9,43,,,,2024-12-09,2024-12-11,,0,0,0,0,0,0,0,0,0,0,0,0,0,0,0,0,0,0,0,0,0,0,0,0,0,0,1,Dubai,1.34162,0.17,0.0000,0.0000
2024-12-05,2.92,CA80T-V01C,S370A63T89X80X30,3.18295,3.000,9.549,25,2.98,●,21,21,1200,9,250,12,238,2024-12-06,2024-12-05,2024-12-06,2024-12-13,0,0,1,0,0,0,0,0,0,0,0,0,0,0,0,0,0,0,0,0,0,0,0,0,0,11,1,VN,0.81852,2.92,0.0000,0.0000
2024-12-05,0.57,MXW20B-V02D,P3801101-M,6.42,2.000,12.84,35,4.17,◎,4,4,1200,9,31,31,0,2024-12-11,2024-12-05,2024-12-12,0000-00-00,0,0,0,0,0,0,31,0,0,0,0,0,0,0,0,0,0,0,0,0,0,0,0,0,0,0,1,Dubai,0.70242,0.57,0.0000,0.0000
2024-12-05,1.15,CYB32C-V01D,CYB32L-AS380-30K,3.14,3.000,9.42,35,4.17,●,14,14,1200,9,168,15,153,2024-12-06,2024-12-05,2024-12-09,2024-12-09,0,0,0,0,0,0,9,0,0,6,0,0,0,0,0,0,0,0,0,0,0,0,0,0,0,0,1,Dubai,1.37612,1.15,0.0000,0.0000
2024-12-05,3.25,CP9632T-V02B,C9632ABAC958-30K,1.2447,3.000,3.734,40,4.76,●,21,21,600,9,314,1,313,2024-12-06,2024-12-05,2024-12-06,2024-12-11,0,0,0,0,0,0,0,0,0,0,0,0,0,0,0,0,0,0,0,0,0,0,0,0,0,1,1,VN,0.36082,3.25,0.0000,0.0000
2024-12-05,2.10,MXS25E-V01D,P3800603-MH1,10.764,2.000,21.528,35,4.17,●,15,15,1200,14,179,2,177,2024-12-16,2024-12-10,2024-12-16,2024-12-16,0,0,0,2,0,0,0,0,0,0,0,0,0,0,0,0,0,0,0,0,0,0,0,0,0,0,2,Dubai,1.83502,2.10,0.0000,0.0000
2024-12-05,0.12,CQA0T3-V01C-ZZZ,C2QA0A-AD143-30K,10.371,3.000,31.113,45,5.36,〇,3,1,1200,14,7,7,0,2024-12-13,,2024-12-13,,0,0,0,0,0,0,7,0,0,0,0,0,0,0,0,0,0,0,0,0,0,0,0,0,0,0,2,Dubai,1.86682,0.12,0.0000,0.0000
2024-12-05,0.53,CA50T-V02C,S370A63T58X50X30,1.81095,3.000,5.433,25,2.98,◎,5,5,600,9,50,0,50,2024-12-06,2024-12-05,2024-12-06,2024-12-13,0,0,0,0,0,0,0,0,0,0,0,0,0,0,0,0,0,0,0,0,0,0,0,0,0,0,1,VN,0.50932,0.53,0.0000,0.0000
2024-12-05,0.25,MB40T-V03C,S369A63T45X40X30,0.90079,3.000,2.702,25,2.98,◎,5,1,600,9,19,0,19,2024-12-06,2024-12-06,2024-12-06,,0,0,0,0,0,0,0,0,0,0,0,0,0,0,0,0,0,0,0,0,0,0,0,0,0,0,1,VN,0.20542,0.25,0.0000,0.0000
2024-12-05,0.45,MXS08B-V02D,P3800201B-M,1,2.000,2,35,4.17,〇,2,2,600,9,1,,,,,,,0,0,0,0,0,0,0,0,0,0,0,0,0,0,0,0,0,0,0,0,0,0,0,0,0,0,1,Dubai,0.00442,0.45,0.0000,0.0000
2024-12-05,2.22,VJ10M-V01D,VJ100-16-7,0.66,2.000,1.32,25,2.98,●,14,14,600,9,582,79,503,2024-12-10,2024-12-06,2024-12-10,2024-12-10,0,0,0,13,0,0,0,0,59,0,0,0,0,0,0,0,0,0,0,0,0,0,5,0,0,2,1,Dubai,0.34662,2.22,0.0000,0.0000
2024-12-05,0.62,CQ50T3-V01B,C2Q50A-AD140A20K,4.15908,2.000,8.318,25,2.98,●,5,5,1200,9,64,5,59,2024-12-06,2024-12-06,2024-12-09,2024-12-10,0,0,0,4,0,0,0,0,0,0,0,0,0,0,0,0,0,0,0,1,0,0,0,0,0,0,1,Dubai,0.86332,0.62,0.0000,0.0000
2024-12-05,1.55,CQ50T3-V01B-ZZZ,C2Q50A-AD140A30K,4.15908,3.000,12.477,25,2.98,●,23,14,1200,9,125,6,119,2024-12-06,2024-12-06,2024-12-09,2024-12-10,0,0,0,4,0,0,0,0,0,0,0,0,0,0,0,0,0,0,1,1,0,0,0,0,0,0,1,VN,1.00622,1.55,0.0000,0.0000
2024-12-05,2.33,CP9650T-V03B,C9650ABAC960-30K,2.3463,3.000,7.039,35,4.17,〇,35,3,600,9,1,1,0,2024-12-06,,2024-12-09,,0,1,0,0,0,0,0,0,0,0,0,0,0,0,0,0,0,0,0,0,0,0,0,0,0,0,1,VN,0.00302,2.33,0.0000,0.0000
2024-12-04,0.43,CYR63SR-V01D,CYR63E-AX668-30K,1.871,3.000,5.613,25,2.98,〇,1,1,1200,9,1,,,,,,,0,0,0,0,0,0,0,0,0,0,0,0,0,0,0,0,0,0,0,0,0,0,0,0,0,0,1,VN,0.01302,0.43,0.0000,0.0000
2024-12-04,0.85,CA63T-V02C,S370A63T72X63X30,2.54708,3.000,7.641,50,5.95,●,5,5,1200,9,74,2,72,2024-12-05,2024-12-04,2024-12-06,2024-12-10,0,0,0,0,0,0,0,0,0,0,0,0,0,0,0,0,0,0,0,0,0,0,0,0,0,2,1,VN,0.66522,0.85,0.0000,0.0000
2024-12-04,2.05,CM25AH-V01D,C2M025K02-68715B,2.003,3.000,6.009,60,7.14,●,30,30,600,9,239,2,237,2024-12-04,2024-12-04,2024-12-05,2024-12-05,0,0,0,0,0,0,1,0,0,0,0,0,0,0,0,0,0,0,0,0,0,0,1,0,0,0,1,Dubai,0.70062,2.05,0.0000,0.0000
2024-12-04,2.75,CP9640T-V01B,C9640ABAC959-30K,1.3959,3.000,4.188,25,2.98,●,24,24,600,9,312,29,283,2024-12-06,2024-12-04,2024-12-05,2024-12-11,0,0,0,0,0,0,22,0,0,0,0,0,0,0,0,0,0,0,0,0,0,0,0,0,3,4,1,VN,0.47512,2.75,0.0000,0.0000
2024-12-04,1.52,MSQA0B2-V01D,P3910014,11.043,2.095,23.135,35,4.17,●,10,10,1200,14,109,11,98,2024-12-10,2024-12-06,2024-12-10,2024-12-10,0,0,0,1,0,0,6,0,0,0,0,0,0,0,0,0,0,0,0,4,0,0,0,0,0,0,2,Dubai,1.66272,1.52,0.0000,0.0000
2024-12-04,1.53,MGPM63B2-V01D,MGP63A-AC898-20K,17.321,2.000,34.642,35,4.17,●,10,10,1200,14,69,2,67,2024-12-10,2024-12-09,2024-12-10,2024-12-12,0,0,0,1,0,0,0,0,0,0,0,0,0,0,0,0,0,0,0,0,0,0,0,0,1,0,2,Dubai,1.55892,1.53,0.0000,0.0000
2024-12-04,0.42,CYR25SR-V01D,CYR25E-AX664-30K,0.69,3.000,2.07,25,2.98,〇,1,1,600,9,1,,,,,,,0,0,0,0,0,0,0,0,0,0,0,0,0,0,0,0,0,0,0,0,0,0,0,0,0,0,1,VN,0.00502,0.42,0.0000,0.0000
2024-12-04,0.45,VV13M1-V01D,DXT192-11-44,1.02,2.000,2.04,25,2.98,〇,1,1,600,9,1,,,,,,,0,0,0,0,0,0,0,0,0,0,0,0,0,0,0,0,0,0,0,0,0,0,0,0,0,0,1,VN,0.00452,0.45,0.0000,0.0000
2024-12-04,0.85,CA50T-V01C,S370A63T58X50X30,1.81095,3.000,5.433,25,2.98,●,14,4,600,9,39,1,38,2024-12-05,2024-12-04,2024-12-05,2024-12-10,0,0,0,0,0,0,0,0,0,0,0,0,0,0,0,0,0,0,0,0,0,0,0,0,0,1,1,VN,0.24932,0.85,0.0000,0.0000
2024-12-04,1.33,MHZ10B-V01B,P4811101-M-2,0.79083,2.000,1.582,50,5.95,●,9,9,600,9,285,8,277,2024-12-05,2024-12-04,2024-12-06,2024-12-06,0,0,0,4,0,0,0,0,0,0,0,0,0,0,0,0,0,0,0,0,0,0,1,0,3,0,1,Dubai,0.33812,1.33,0.0000,0.0000
2024-12-04,1.77,CA63T-V01C,S370A63T72X63X30,2.54708,3.000,7.641,50,5.95,●,14,14,1200,9,208,11,197,2024-12-05,2024-12-05,2024-12-06,2024-12-13,0,0,0,0,0,0,0,0,0,0,0,0,0,0,0,0,0,0,0,0,0,0,0,0,0,11,1,VN,0.89962,1.77,0.0000,0.0000
2024-12-04,2.05,XLA25B2-V02B,XLA25-1B-S,7.28,2.000,14.56,35,4.17,●,14,14,1200,9,97,1,96,2024-12-06,2024-12-05,2024-12-06,2024-12-09,0,0,0,0,0,0,1,0,0,0,0,0,0,0,0,0,0,0,0,0,0,0,0,0,0,0,1,Dubai,0.68892,2.05,0.0000,0.0000
2024-12-04,0.45,MGPM40B2-V01D,MGP40A-AC896-30K,9.68,3.000,29.04,35,4.17,◎,42,3,1200,9,8,0,8,2024-12-06,2024-12-05,2024-12-06,2024-12-10,0,0,0,0,0,0,0,0,0,0,0,0,0,0,0,0,0,0,0,0,0,0,0,0,0,0,1,VN,0.51632,0.45,0.0000,0.0000
2024-12-04,0.38,MXS16B-V02D,P3800401B-M,2.6,2.000,5.2,60,7.14,〇,2,2,1200,9,1,,,,,,,0,0,0,0,0,0,0,0,0,0,0,0,0,0,0,0,0,0,0,0,0,0,0,0,0,0,1,Dubai,0.01362,0.38,0.0000,0.0000
2024-12-03,0.72,APT3-V01B,APTE00-98000404-D,0.465,3.000,1.395,25,2.98,〇,6,4,600,9,144,0,144,2024-12-04,2024-12-03,2024-12-04,2024-12-06,0,0,0,0,0,0,0,0,0,0,0,0,0,0,0,0,0,0,0,0,0,0,0,0,0,0,1,VN,0.28032,0.72,0.0000,0.0000
2024-12-03,2.08,PS63B-V01D,S502A61T63X13X20,7.69203,2.000,15.384,40,4.76,●,28,28,1200,9,195,1,194,2024-12-03,2024-12-03,2024-12-04,2024-12-05,0,0,0,0,0,0,0,0,0,0,0,0,0,0,0,0,0,0,0,1,0,0,0,0,0,0,1,VN,1.43992,2.08,0.0000,0.0000
2024-12-03,1.38,CQ32T3-V01B-ZZZ,C2Q32A-AD138A30K,2.30985,3.000,6.93,25,2.98,●,35,17,600,9,135,29,106,2024-12-04,2024-12-03,2024-12-04,2024-12-05,0,10,0,0,0,0,19,0,0,0,0,0,0,0,0,0,0,0,0,0,0,0,0,0,0,0,1,VN,0.67632,1.38,0.0000,0.0000
2024-12-03,0.48,CA50T-V01C,S370A63T58X50X30,1.81095,3.000,5.433,25,2.98,●,14,5,600,9,49,18,31,2024-12-04,2024-12-04,2024-12-04,,0,0,0,0,0,0,3,0,0,0,0,0,0,0,0,0,0,0,0,0,0,0,0,0,0,15,1,VN,0.55082,0.48,0.0000,0.0000
2024-12-03,3.28,CQ63T3-V01C-ZZZ,C2Q63A-AD141A30K,4.98231,3.000,14.947,35,4.17,●,24,24,1200,9,162,6,156,2024-12-05,2024-12-04,2024-12-05,2024-12-05,0,1,0,3,0,0,2,0,0,0,0,0,0,0,0,0,0,0,0,0,0,0,0,0,0,0,1,VN,0.73752,3.28,0.0000,0.0000
2024-12-03,1.15,CQ80T3-V01C-ZZZ,C2Q80A-AD142-30K,7.9,3.000,23.7,35,4.17,●,5,5,1200,14,59,10,49,2024-12-06,2024-12-04,2024-12-06,2024-12-09,0,2,0,0,0,0,8,0,0,0,0,0,0,0,0,0,0,0,0,0,0,0,0,0,0,0,2,Dubai,1.21592,1.15,0.0000,0.0000
2024-12-03,1.02,CYB25B-V01D,CYB25K-AS379-20K,2.5,2.000,5,35,4.17,●,6,3,1200,9,65,3,62,2024-12-04,2024-12-04,2024-12-05,2024-12-06,0,0,0,3,0,0,0,0,0,0,0,0,0,0,0,0,0,0,0,0,0,0,0,0,0,0,1,Dubai,0.31972,1.02,0.0000,0.0000
2024-12-03,0.58,CAA0T-V01C,S370A63T110X100X30,4.39591,3.000,13.188,25,2.98,〇,3,3,1200,9,1,,,,,,,0,0,0,0,0,0,0,0,0,0,0,0,0,0,0,0,0,0,0,0,0,0,0,0,0,0,1,VN,0.02262,0.58,0.0000,0.0000
2024-12-03,0.85,CQ16TH-V01D,C2Q016K04-56564,1.3041,2.000,2.608,25,2.98,●,7,7,600,9,149,10,139,2024-12-06,2024-12-04,2024-12-05,2024-12-06,0,6,0,1,0,0,0,0,0,0,0,0,0,0,0,0,0,0,0,0,0,0,3,0,0,0,1,Dubai,0.45722,0.85,0.0000,0.0000
2024-12-03,0.33,CA20T-V02C,S370A63T26X20X20,0.57805,2.000,1.156,25,2.98,●,5,1,600,9,42,0,42,2024-12-04,2024-12-04,2024-12-05,2024-12-09,0,0,0,0,0,0,0,0,0,0,0,0,0,0,0,0,0,0,0,0,0,0,0,0,0,0,1,VN,0.14572,0.33,0.0000,0.0000
2024-12-03,0.55,CA25T-V01C,S370A63T31X25X30,0.70189,3.000,2.106,25,2.98,●,5,4,600,9,104,1,103,2024-12-05,2024-12-04,2024-12-05,,0,0,0,0,0,0,0,0,0,0,0,0,0,0,0,0,0,0,0,1,0,0,0,0,0,0,1,VN,0.39822,0.55,0.0000,0.0000
2024-12-03,1.80,MHY20B-V02D,P3319301-M,2.95,2.000,5.9,35,4.17,●,18,18,1200,9,341,3,338,2024-12-05,2024-12-04,2024-12-05,2024-12-05,0,0,0,2,0,0,0,0,0,0,0,0,0,0,0,0,0,0,0,0,0,0,0,0,1,0,1,Dubai,1.11772,1.80,0.0000,0.0000
2024-12-03,1.95,MGPL25B2-V02D,MGP25A-AC904-30K,5.51,3.000,16.53,25,2.98,●,22,20,1200,9,140,5,135,2024-12-04,2024-12-04,2024-12-05,2024-12-06,0,0,0,3,0,0,2,0,0,0,0,0,0,0,0,0,0,0,0,0,0,0,0,0,0,0,1,VN,1.18682,1.95,0.0000,0.0000
2024-12-03,1.00,CYB32B-V01D,CYB32K-AS380-20K,4.3,2.000,8.6,35,4.17,●,4,4,1200,14,126,9,117,2024-12-06,2024-12-04,2024-12-06,2024-12-06,0,0,2,0,0,0,1,0,0,0,0,0,0,0,0,0,0,0,0,2,0,0,4,0,0,0,2,Dubai,1.08362,1.00,0.0000,0.0000
2024-12-02,0.67,APT3-V01B,APTE00-98000404-D,0.465,3.000,1.395,25,2.98,〇,6,4,600,9,1,,,,,,,0,0,0,0,0,0,0,0,0,0,0,0,0,0,0,0,0,0,0,0,0,0,0,0,0,0,1,VN,0.00212,0.67,0.0000,0.0000
2024-12-02,3.17,PS63-V01D,S500A61T63X14X20,8.046,2.000,16.092,25,2.98,●,30,30,1200,9,179,4,175,2024-12-03,2024-12-02,2024-12-03,2024-12-04,0,0,0,0,0,0,1,0,0,3,0,0,0,0,0,0,0,0,0,0,0,0,0,0,0,0,1,VN,0.90962,3.17,0.0000,0.0000
2024-12-02,0.42,MSQ50B4-V01D,P8910401-D,6.8,2.050,13.94,35,4.17,〇,4,4,1200,9,1,,,,,,,0,0,0,0,0,0,0,0,0,0,0,0,0,0,0,0,0,0,0,0,0,0,0,0,0,0,1,VN,0.03352,0.42,0.0000,0.0000
2024-12-02,1.78,XLA40B2-V02B,XLA40-1B-S,12.34,2.035,25.112,60,7.14,●,14,14,1200,14,139,21,118,2025-01-20,2024-12-04,2024-12-05,2024-12-17,0,0,0,4,0,0,17,0,0,0,0,0,0,0,0,0,0,0,0,0,0,0,0,0,0,0,2,Dubai,1.95732,1.78,0.0000,0.0000
2024-12-02,2.55,CQ32C-V01D,S501A61T35X16X30,2.014,3.000,6.042,25,2.98,●,30,30,600,9,269,27,242,2024-12-03,2024-12-02,2024-12-03,2024-12-03,0,0,0,0,0,0,0,0,0,0,0,0,0,0,0,0,0,0,0,0,0,0,27,0,0,0,1,Dubai,0.63742,2.55,0.0000,0.0000
2024-12-02,1.70,CQ40T3-V01B-ZZZ,C2Q40A-AD139A30K,2.77506,3.000,8.325,25,2.98,●,30,14,1200,9,194,18,176,2024-12-03,2024-12-02,2024-12-03,2024-12-04,0,0,0,1,0,0,14,0,0,0,0,0,0,0,0,0,2,0,1,0,0,0,0,0,0,0,1,VN,0.95002,1.70,0.0000,0.0000
2024-12-02,2.00,MGZ80H-V01D,MGZ80LBY0501-20K,30.24,2.000,60.48,35,4.17,●,10,10,1200,14,29,5,24,2024-12-05,2024-12-06,2024-12-05,2024-12-11,0,0,0,2,0,0,0,0,0,0,0,0,0,0,0,0,0,0,0,0,0,0,3,0,0,0,2,Dubai,0.87702,2.00,0.0000,0.0000
2024-12-02,2.38,MXQ08B-V01D,P3802401B-M,0.93,2.000,1.86,35,4.17,●,21,21,600,9,587,12,575,2024-12-04,2024-12-03,2024-12-04,2024-12-04,0,0,0,0,0,0,0,0,0,0,0,0,0,0,0,0,0,0,0,0,0,0,0,0,12,0,1,Dubai,0.45812,2.38,0.0000,0.0000
2024-12-02,2.95,CP9663T-V01B,C9663ABAC961-30K,2.5272,3.000,7.582,60,7.14,●,21,21,1200,9,293,21,272,2024-12-03,2024-12-03,2024-12-04,2024-12-09,0,0,0,0,0,0,5,0,0,0,0,0,0,0,0,0,0,0,0,0,0,0,0,0,1,15,1,VN,0.75302,2.95,0.0000,0.0000
2024-12-02,1.42,MGPM25B2-V01D,MGP25A-AC894-30K,6.19,3.000,18.57,35,4.17,●,24,14,1200,9,83,4,79,2024-12-03,2024-12-03,2024-12-04,2024-12-06,0,0,0,0,0,0,1,0,0,0,0,0,0,0,0,0,0,0,0,3,0,0,0,0,0,0,1,VN,1.08802,1.42,0.0000,0.0000
2024-12-02,0.17,MXQ16B-V01D,P3802601B-M,2.15,2.000,4.3,35,4.17,〇,1,1,600,9,1,,,,,,,0,0,0,0,0,0,0,0,0,0,0,0,0,0,0,0,0,0,0,0,0,0,0,0,0,0,1,VN,0.02582,0.17,0.0000,0.0000
2024-11-29,0.67,APT3-V01B,APTE00-98000404-D,0.465,3.000,1.395,25,2.98,〇,6,6,600,9,1,,,,,,,0,0,0,0,0,0,0,0,0,0,0,0,0,0,0,0,0,0,0,0,0,0,0,0,0,0,1,VN,0.00212,0.67,0.0000,0.0000
2024-11-29,1.10,CA25T-V01C,S370A63T31X25X30,0.70189,3.000,2.106,25,2.98,●,14,7,600,9,179,61,118,2024-12-02,2024-11-29,2024-12-02,2025-01-22,0,0,0,0,0,0,0,0,0,0,0,0,0,0,0,0,0,0,0,0,0,0,0,0,55,6,1,VN,0.34262,1.10,0.0000,0.0000
2024-11-29,3.48,PS50B-V01D,S502A61T50X13X27,4.77333,2.700,12.888,25,2.98,●,35,35,1200,9,280,6,274,2024-12-02,2024-11-29,2024-12-03,2024-12-03,0,0,0,1,0,0,0,0,0,1,0,0,0,0,0,0,0,0,0,0,0,0,4,0,0,0,1,VN,1.03602,3.48,0.0000,0.0000
2024-11-29,1.17,XGTP300L-V01D,XGTP300-3-6M-1,25.178,2.000,50.356,35,4.17,〇,3,3,1200,14,11,,,,2024-12-03,,,0,0,0,0,0,0,0,0,0,0,0,0,0,0,0,0,0,0,0,0,0,0,0,0,0,0,2,Dubai,0.47482,1.17,0.0000,0.0000
2024-11-29,2.87,CP9650T-V01B,C9650ABAC960-30K,2.3463,3.000,7.039,35,4.17,●,35,35,600,9,244,2,242,2024-12-02,2024-11-29,2024-12-03,2024-12-09,0,0,0,0,0,0,0,0,0,0,0,0,0,0,0,0,0,0,0,0,0,0,0,0,2,0,1,VN,0.59912,2.87,0.0000,0.0000
2024-11-29,0.27,MSQ30TB-V01E,P8910370-D,8.7,2.000,17.4,35,4.17,〇,1,1,1200,14,,,,,,,,,,,,,,,,,,,,,,,,,,,,,,,,,,2,Dubai,,,0.0000,0.0000
2024-11-29,0.42,MSQA0B2-V01D,P3910014,11.043,2.095,23.135,35,4.17,〇,10,3,1200,14,1,,,,,,,0,0,0,0,0,0,0,0,0,0,0,0,0,0,0,0,0,0,0,0,0,0,0,0,0,0,2,Dubai,0.05552,0.42,0.0000,0.0000
2024-11-29,2.12,MGPM40B2-V01D,MGP40A-AC896-30K,9.68,3.000,29.04,35,4.17,●,36,18,1200,9,53,3,50,2024-12-02,2024-12-02,2024-12-02,2024-12-04,0,0,2,0,0,0,1,0,0,0,0,0,0,0,0,0,0,0,0,0,0,0,0,0,0,0,1,VN,0.72712,2.12,0.0000,0.0000
2024-11-29,0.35,CYR40SR-V01D,CYR40E-AX666-30K,1.087,3.000,3.261,25,2.98,〇,1,1,600,9,1,,,,,,,0,0,0,0,0,0,0,0,0,0,0,0,0,0,0,0,0,0,0,0,0,0,0,0,0,0,1,VN,0.00932,0.35,0.0000,0.0000
2024-11-29,2.50,CA20T-V01C,S370A63T26X20X20,0.57805,2.000,1.156,25,2.98,●,14,14,600,9,630,4,626,2024-12-02,2024-12-02,2024-12-03,2024-12-12,0,0,0,0,0,0,0,0,0,0,0,0,0,0,0,0,0,0,0,0,0,0,0,0,0,4,1,VN,0.29132,2.50,0.0000,0.0000
2024-11-29,0.27,CYR32SR-V01D,CYR32E-AX665-30K,0.879,3.000,2.637,25,2.98,〇,1,1,600,9,1,,,,,,,0,0,0,0,0,0,0,0,0,0,0,0,0,0,0,0,0,0,0,0,0,0,0,0,0,0,1,VN,0.00992,0.27,0.0000,0.0000
2024-11-29,2.23,CQ50T3-V01B-ZZZ,C2Q50A-AD140A30K,4.15908,3.000,12.477,25,2.98,●,28,20,1200,9,179,8,171,2024-12-03,2024-12-03,2024-12-03,2024-12-04,0,0,0,5,0,0,3,0,0,0,0,0,0,0,0,0,0,0,0,0,0,0,0,0,0,0,1,VN,1.00002,2.23,0.0000,0.0000
2024-11-28,2.35,PS63B-V01D,S502A61T63X13X20,7.69203,2.000,15.384,40,4.76,●,30,30,1200,9,186,2,184,2024-11-28,2024-11-28,2024-11-29,2024-12-02,0,0,0,0,0,0,0,1,0,0,0,0,0,0,0,0,1,0,0,0,0,0,0,0,0,0,1,VN,1.21762,2.35,0.0000,0.0000
2024-11-28,-6.92,MXW20B-V02D,P3801101-M,6.42,2.000,12.84,35,4.17,〇,4,6,1200,9,31,31,0,2024-12-12,2024-11-29,2024-11-29,,0,0,0,0,0,0,31,0,0,0,0,0,0,0,0,0,0,0,0,0,0,0,0,0,0,0,1,Dubai,-0.05742,-6.93,0.0000,0.0000
2024-11-28,3.37,CQ40T3-V01B-ZZZ,C2Q40A-AD139A30K,2.77506,3.000,8.325,25,2.98,●,35,35,1200,9,489,12,477,2024-11-29,2024-11-28,2024-11-29,2024-12-04,0,0,10,0,0,0,0,0,0,0,0,0,0,0,0,0,0,0,0,2,0,0,0,0,0,0,1,VN,1.20922,3.37,0.0000,0.0000
2024-11-28,0.83,CQ80E-V01C,C2Q80G-F2258-20K,14.609,2.000,29.218,35,4.17,●,10,10,1200,14,89,11,78,2024-12-02,2024-11-29,2024-12-02,2024-12-05,0,0,0,0,0,0,0,1,0,0,0,0,0,0,0,0,0,0,0,7,0,0,3,0,0,0,2,Dubai,3.12052,0.83,0.0000,0.0000
2024-11-28,0.42,CP96A2T-V01B,C96A2ABAC964A30K,7.719,3.000,23.157,35,4.17,〇,1,1,1200,14,1,,,,,,,0,0,0,0,0,0,0,0,0,0,0,0,0,0,0,0,0,0,0,0,0,0,0,0,0,0,2,Dubai,0.05562,0.42,0.0000,0.0000
2024-11-28,0.42,MSQ20TB-V01E,P8910270-D,7.5,2.010,15.075,35,4.17,〇,1,1,1200,14,1,,,,,,,0,0,0,0,0,0,0,0,0,0,0,0,0,0,0,0,0,0,0,0,0,0,0,0,0,0,2,Dubai,0.03622,0.42,0.0000,0.0000
2024-11-28,0.77,MXS25E-V01D,P3800603-MH1,10.764,2.000,21.528,35,4.17,●,5,5,1200,14,59,0,59,2024-12-04,2024-11-29,2024-12-02,2024-12-04,0,0,0,0,0,0,0,0,0,0,0,0,0,0,0,0,0,0,0,0,0,0,0,0,0,0,2,Dubai,1.65672,0.77,0.0000,0.0000
2024-11-28,0.73,MSQ30B2-V03D,P6260301-D,5.19,2.070,10.743,60,7.14,〇,14,3,1200,9,1,,,,,,,0,0,0,0,0,0,0,0,0,0,0,0,0,0,0,0,0,0,0,0,0,0,0,0,0,0,1,Dubai,0.01462,0.73,0.0000,0.0000
2024-11-28,3.32,CP9650T-V02B,C9650ABAC960-30K,2.3463,3.000,7.039,60,7.14,●,42,42,600,9,293,14,279,2024-11-29,2024-11-28,2024-11-29,2024-12-10,0,0,0,0,0,0,0,0,0,0,0,0,0,0,0,0,0,0,0,0,0,0,0,0,0,14,1,VN,0.62182,3.32,0.0000,0.0000
2024-11-28,-14.58,MSQ30B2-V04D,P6260301-D,5.19,2.070,10.743,35,4.17,●,12,13,1200,9,118,2,116,2024-12-02,2024-11-28,2024-11-29,2024-12-04,0,0,0,0,0,0,2,0,0,0,0,0,0,0,0,0,0,0,0,0,0,0,0,0,0,0,1,Dubai,-0.08682,-14.60,0.0000,0.0000
2024-11-28,0.75,MSQ20B2-V02D,P6260201-D,4.66,2.075,9.669,40,4.76,〇,9,3,1200,9,1,,,,,,,0,0,0,0,0,0,0,0,0,0,0,0,0,0,0,0,0,0,0,0,0,0,0,0,0,0,1,Dubai,0.01292,0.75,0.0000,0.0000
2024-11-28,2.25,MB40C-V01D,MB-40-32-C6777-K,7.26381,2.000,14.528,50,5.95,●,26,26,1200,9,181,6,175,2024-12-02,2024-11-29,2024-12-02,2025-01-15,0,0,0,1,0,0,0,0,0,0,0,0,0,0,0,0,0,0,0,2,0,0,3,0,0,0,1,Dubai,1.16872,2.25,0.0000,0.0000
2024-11-28,1.08,CQ20T3-V01B-ZZZ,C2Q20A-AD136A30K,1.83681,3.000,5.51,25,2.98,●,12,13,600,9,129,16,113,2024-12-02,2024-11-29,2024-12-02,2025-01-15,0,16,0,0,0,0,0,0,0,0,0,0,0,0,0,0,0,0,0,0,0,0,0,0,0,0,1,VN,0.65622,1.08,0.0000,0.0000
2024-11-27,1.25,MBA0TD-V01C,S409A63T107X100X30,4.03938,5.600,22.621,25,2.98,〇,6,6,1200,9,24,,,,2024-11-27,,,0,0,0,0,0,0,0,0,0,0,0,0,0,0,0,0,0,0,0,0,0,0,0,0,0,0,1,Dubai,0.43432,1.25,0.0000,0.0000
2024-11-27,3.48,CQ32C-V01D,S501A61T35X16X30,2.014,3.000,6.042,25,2.98,●,30,29,600,9,259,10,249,2024-11-27,2024-11-27,2024-11-29,2024-11-29,0,0,0,3,0,0,0,0,0,0,0,0,0,0,0,0,0,0,0,0,0,0,7,0,0,0,1,Dubai,0.44922,3.48,0.0000,0.0000
2024-11-27,1.08,CQA0E-V01C,C2QA0G-F2259-20K,22.497,2.000,44.994,35,4.17,●,12,8,1200,14,39,3,36,2024-12-02,2024-11-27,2024-12-03,2024-12-05,0,0,0,0,0,0,0,3,0,0,0,0,0,0,0,0,0,0,0,0,0,0,0,0,0,0,1,Dubai,1.61982,1.08,0.0000,0.0000
2024-11-27,2.27,PS50B-V01D,S502A61T50X13X27,4.77333,2.700,12.888,25,2.98,●,30,21,1200,9,167,1,166,2024-11-28,2024-11-27,2024-11-29,2024-12-02,0,0,0,0,0,0,0,0,0,1,0,0,0,0,0,0,0,0,0,0,0,0,0,0,0,0,1,Dubai,0.94952,2.27,0.0000,0.0000
2024-11-27,1.22,CQ25T3-V01B-ZZZ,C2Q25A-AD137A30K,2.15838,3.000,6.475,25,2.98,●,18,18,600,9,143,4,139,2024-11-28,2024-11-27,2024-11-29,2025-01-20,0,2,0,0,0,0,0,0,0,0,0,0,0,0,0,0,0,0,0,0,0,0,0,2,0,0,1,VN,0.76112,1.22,0.0000,0.0000
2024-11-27,3.30,CQ63T3-V01C-ZZZ,C2Q63A-AD141A30K,4.98231,3.000,14.947,35,4.17,●,24,24,1200,9,163,13,150,2024-11-29,2024-11-28,2024-12-03,2024-12-03,0,8,0,0,0,0,3,0,0,0,0,0,0,0,0,0,0,0,0,0,0,0,2,0,0,0,1,VN,0.73832,3.30,0.0000,0.0000
2024-11-27,0.27,NCA150H-V01D,NCA150-03-AV286-20K,6.585,2.000,13.17,35,4.17,〇,1,1,1200,9,1,,,,,,,0,0,0,0,0,0,0,0,0,0,0,0,0,0,0,0,0,0,0,0,0,0,0,0,0,0,1,VN,0.04942,0.27,0.0000,0.0000
2024-11-27,0.75,CYB15B-V01D,CYB15K-AS377-20K,1.9,2.000,3.8,35,4.17,●,5,5,600,9,74,1,73,2024-11-28,2024-11-28,2024-11-29,2024-11-29,0,0,0,1,0,0,0,0,0,0,0,0,0,0,0,0,0,0,0,0,0,0,0,0,0,0,1,Dubai,0.37492,0.75,0.0000,0.0000
2024-11-27,0.95,MXQ08B-V02D,P3802401B-M,0.93,2.000,1.86,35,4.17,●,7,7,600,9,196,0,196,2024-12-05,2024-11-27,2024-11-29,2024-12-06,0,0,0,0,0,0,0,0,0,0,0,0,0,0,0,0,0,0,0,0,0,0,0,0,0,0,1,Dubai,0.38372,0.95,0.0000,0.0000
2024-11-27,2.23,CP9650T-V01B,C9650ABAC960-30K,2.3463,3.000,7.039,35,4.17,●,42,27,600,9,188,3,185,2024-11-28,2024-11-28,2024-11-29,2024-11-29,0,0,0,2,0,0,0,0,0,0,0,0,0,0,0,0,0,0,0,0,0,0,0,0,0,1,1,VN,0.59252,2.23,0.0000,0.0000
2024-11-26,2.72,PS63-V01D,S500A61T63X14X20,8.046,2.000,16.092,25,2.98,●,30,30,1200,9,180,2,178,2024-11-28,2024-11-26,2024-11-28,2024-12-02,0,0,0,0,0,0,0,0,0,0,0,0,0,0,0,0,0,0,0,2,0,0,0,0,0,0,1,VN,1.06622,2.72,0.0000,0.0000
2024-11-26,0.33,CM25AH-V02D,C2M025K02-68715B,2.003,3.000,6.009,60,7.14,●,24,4,600,9,34,2,32,2024-11-27,2024-11-26,2024-11-27,2024-11-28,0,0,0,0,0,0,0,0,0,0,0,0,0,0,0,0,0,0,0,0,0,0,2,0,0,0,1,Dubai,0.61292,0.33,0.0000,0.0000
2024-11-26,0.30,CM20AH-V01D,C2M020K02-68714B,1.336,3.000,4.008,50,5.95,●,3,3,600,9,38,1,37,2024-11-27,2024-11-26,2024-11-27,2024-11-28,0,0,0,1,0,0,0,0,0,0,0,0,0,0,0,0,0,0,0,0,0,0,0,0,0,0,1,Dubai,0.50772,0.30,0.0000,0.0000
2024-11-26,3.33,MGPL20B2-V02D,MGP20A-AC903-30K,4.49,3.000,13.47,25,2.98,●,28,28,1200,9,223,6,217,2024-11-27,2024-11-26,2024-11-28,2024-11-28,0,0,1,0,0,0,0,5,0,0,0,0,0,0,0,0,0,0,0,0,0,0,0,0,0,0,1,VN,0.90112,3.33,0.0000,0.0000
2024-11-26,2.00,XLA40B2-V03B,XLA40-1B-S,12.34,2.035,25.112,60,7.14,●,16,16,1200,14,159,29,130,2025-01-20,2024-11-27,2024-11-29,2024-12-06,0,0,0,5,0,0,15,0,0,0,0,0,0,0,0,0,0,0,0,5,0,0,2,0,0,0,2,Dubai,1.99642,2.00,0.0000,0.0000
2024-11-26,1.85,MHY20B-V02D,P3319301-M,2.95,2.000,5.9,35,4.17,●,12,12,1200,9,227,1,226,2024-11-27,2024-11-27,2024-11-28,2024-11-28,0,0,0,0,0,0,0,0,0,0,0,0,0,0,0,0,0,0,0,1,0,0,0,0,0,0,1,Dubai,0.72392,1.85,0.0000,0.0000
2024-11-26,0.33,XGTP300BN-V01D,XGTP300-1-2M-1,3.356,2.000,6.712,35,4.17,〇,1,1,1200,9,1,,,,,,,0,0,0,0,0,0,0,0,0,0,0,0,0,0,0,0,0,0,0,0,0,0,0,0,0,0,1,VN,0.02012,0.33,0.0000,0.0000
2024-11-26,0.35,CUJ10A-V01D,CUJ10A-P7103A20K,0.691,2.000,1.382,35,4.17,〇,1,1,600,9,1,,,,,,,0,0,0,0,0,0,0,0,0,0,0,0,0,0,0,0,0,0,0,0,0,0,0,0,0,0,1,VN,0.00392,0.35,0.0000,0.0000
2024-11-26,1.23,MSQ20B2-V03D,P6260201-D,4.66,2.075,9.669,40,4.76,●,14,14,1200,9,152,18,134,2024-11-27,2024-11-27,2024-11-28,2024-11-28,0,0,0,1,0,0,17,0,0,0,0,0,0,0,0,0,0,0,0,0,0,0,0,0,0,0,1,Dubai,1.19172,1.23,0.0000,0.0000
2024-11-26,1.88,MXS16E-V01D,P3800403-MH2,4.703,2.000,9.406,25,2.98,●,14,14,1200,9,167,5,162,2024-11-29,2024-11-27,2024-11-29,2024-12-02,0,0,1,0,0,0,0,0,0,0,0,0,0,0,0,0,0,0,0,4,0,0,0,0,0,0,1,Dubai,0.83412,1.88,0.0000,0.0000
2024-11-26,-20.77,MXQ08B-V01D,P3802401B-M,0.93,2.000,1.86,35,4.17,●,16,8,600,9,222,17,205,2024-11-28,2024-11-27,2024-11-28,2024-11-29,0,0,0,0,0,0,17,0,0,0,0,0,0,0,0,0,0,0,0,0,0,0,0,0,0,0,1,Dubai,-0.01992,-20.77,0.0000,0.0000
2024-11-25,2.33,XLA25BN-V01D,XLA25-3-1B,5.87,2.000,11.74,35,4.17,●,36,36,1200,9,323,0,323,2024-11-25,2024-11-25,2024-11-26,2024-11-27,0,0,0,0,0,0,0,0,0,0,0,0,0,0,0,0,0,0,0,0,0,0,0,0,0,0,1,Dubai,1.62522,2.33,0.0000,0.0000
2024-11-25,0.33,MHZ10B2-V01E,P4811151-MH1,0.632,2.000,1.264,30,3.57,〇,1,1,600,9,1,,,,,,,0,0,0,0,0,0,0,0,0,0,0,0,0,0,0,0,0,0,0,0,0,0,0,0,0,0,1,VN,0.00382,0.33,0.0000,0.0000
2024-11-25,0.50,CYB10B-V01D,CYB10K-AS376-20K,0.8,2.000,1.6,35,4.17,●,3,3,600,9,101,1,100,2024-11-26,2024-11-25,2024-11-26,2024-11-26,0,0,0,1,0,0,0,0,0,0,0,0,0,0,0,0,0,0,0,0,0,0,0,0,0,0,1,Dubai,0.32322,0.50,0.0000,0.0000
2024-11-25,0.17,MHZ16B2-V01E,P4811251-MH1,1.1,2.000,2.2,25,2.98,〇,1,1,600,9,1,,,,,,,0,0,0,0,0,0,0,0,0,0,0,0,0,0,0,0,0,0,0,0,0,0,0,0,0,0,1,VN,0.01322,0.17,0.0000,0.0000
2024-11-25,-9.33,CQ32T3-V01B-ZZZ,C2Q32A-AD138A30K,2.30985,3.000,6.93,25,2.98,●,35,35,600,9,279,13,266,2024-11-26,2024-11-26,2024-11-26,2024-11-27,0,0,0,0,0,0,12,0,0,0,0,0,0,0,0,0,0,0,1,0,0,0,0,0,0,0,1,VN,-0.20712,-9.33,0.0000,0.0000
2024-11-25,2.02,MB40C-V01D,MB-40-32-C6777-K,7.26381,2.000,14.528,50,5.95,●,20,24,1200,9,163,3,160,2024-11-26,2024-11-26,2024-11-27,2024-11-26,0,0,0,0,0,0,0,0,0,0,0,0,0,0,0,0,0,0,1,0,0,0,2,0,0,0,1,Dubai,1.17422,2.02,0.0000,0.0000
2024-11-25,0.57,MXS16B-V01D,P3800401B-M,2.6,2.000,5.2,60,7.14,●,3,3,1200,9,65,8,57,2025-07-01,2024-11-26,2024-11-27,2025-07-01,0,5,0,0,0,0,3,0,0,0,0,0,0,0,0,0,0,0,0,0,0,0,0,0,0,0,1,Dubai,0.59652,0.57,0.0000,0.0000
2024-11-25,1.42,CQ20T3-V01B-ZZZ,C2Q20A-AD136A30K,1.83681,3.000,5.51,25,2.98,●,26,14,600,9,137,1,136,2024-11-26,2024-11-26,2024-11-28,2024-11-27,0,0,0,0,0,0,0,0,0,0,0,0,0,0,0,0,0,0,0,0,0,0,1,0,0,0,1,VN,0.53292,1.42,0.0000,0.0000
2024-11-25,1.62,XLA40BN-V01D,XLA40-3-1B,11.113,2.000,22.226,50,5.95,●,12,12,1200,14,143,20,123,2024-11-27,2024-11-27,2024-12-02,2024-12-03,0,0,0,0,0,0,0,0,0,17,0,0,0,0,0,0,0,0,0,3,0,0,0,0,0,0,2,Dubai,1.96602,1.62,0.0000,0.0000
2024-11-25,1.77,VV14M1-V02D,DXT199-20-23,2.58,2.000,5.16,50,5.95,●,11,11,1200,9,241,12,229,2024-11-27,2024-11-26,2024-11-27,2024-11-27,0,0,0,0,0,0,12,0,0,0,0,0,0,0,0,0,0,0,0,0,0,0,0,0,0,0,1,Dubai,0.70392,1.77,0.0000,0.0000
2024-11-25,0.40,MHZ25B2-V01E,P4811451-MH1,2.9,2.000,5.8,25,2.98,〇,1,1,1200,9,1,,,,,,,0,0,0,0,0,0,0,0,0,0,0,0,0,0,0,0,0,0,0,0,0,0,0,0,0,0,1,VN,0.01452,0.40,0.0000,0.0000
2024-11-25,0.53,MXQ08B-V02D,P3802401B-M,0.93,2.000,1.86,35,4.17,〇,3,2,600,9,1,,,,,,,0,0,0,0,0,0,0,0,0,0,0,0,0,0,0,0,0,0,0,0,0,0,0,0,0,0,1,VN,0.00352,0.53,0.0000,0.0000
2024-11-25,0.40,MHZ20B2-V01E,P4811351-MH1,1.9,2.000,3.8,25,2.98,〇,1,1,600,9,1,,,,,,,0,0,0,0,0,0,0,0,0,0,0,0,0,0,0,0,0,0,0,0,0,0,0,0,0,0,1,VN,0.00952,0.40,0.0000,0.0000
2024-11-25,0.67,CQ40T3-V01B-ZZZ,C2Q40A-AD139A30K,2.77506,3.000,8.325,25,2.98,〇,28,2,1200,9,1,,,,,,,0,0,0,0,0,0,0,0,0,0,0,0,0,0,0,0,0,0,0,0,0,0,0,0,0,0,1,VN,0.01252,0.67,0.0000,0.0000
2024-11-25,0.55,VV14M1-V01D,DXT199-20-23,2.58,2.000,5.16,50,5.95,〇,11,2,1200,9,43,43,0,2024-11-27,2024-11-26,2024-11-27,,0,43,0,0,0,0,0,0,0,0,0,0,0,0,0,0,0,0,0,0,0,0,0,0,0,0,1,Dubai,0.40342,0.55,0.0000,0.0000
2024-11-22,1.80,CM20AH-V02D,C2M020K02-68714B,1.336,3.000,4.008,35,4.17,●,37,37,600,9,480,35,445,2024-11-25,2024-11-25,2024-11-25,2024-11-25,0,0,0,8,0,0,0,0,0,0,0,0,0,0,0,0,0,0,0,0,0,0,3,0,24,0,1,Dubai,1.06882,1.80,0.0000,0.0000
2024-11-22,0.43,MXQ08B-V02D,P3802401B-M,0.93,2.000,1.86,35,4.17,〇,3,2,600,9,1,,,,,,,0,0,0,0,0,0,0,0,0,0,0,0,0,0,0,0,0,0,0,0,0,0,0,0,0,0,1,VN,0.00432,0.43,0.0000,0.0000
2024-11-22,1.40,MXW20B-V02D,P3801101-M,6.42,2.000,12.84,35,4.17,●,14,14,1200,9,111,63,48,2024-11-29,2024-11-25,2024-11-26,2024-12-02,0,58,0,0,0,0,0,0,0,0,0,0,0,0,0,0,0,0,0,0,0,0,0,0,5,0,1,Dubai,1.01802,1.40,0.0000,0.0000
2024-11-22,0.43,CYR32SR-V01D,CYR32E-AX665-30K,0.879,3.000,2.637,25,2.98,〇,1,1,600,9,1,,,,,,,0,0,0,0,0,0,0,0,0,0,0,0,0,0,0,0,0,0,0,0,0,0,0,0,0,0,1,VN,0.00612,0.43,0.0000,0.0000
2024-11-22,0.35,XLA80B2-V01D,XLA80-1B,30.65,2.000,61.3,35,4.17,〇,4,4,1200,14,1,,,,,,,0,0,0,0,0,0,0,0,0,0,0,0,0,0,0,0,0,0,0,0,0,0,0,0,0,0,2,Dubai,0.17512,0.35,0.0000,0.0000
2024-11-22,1.58,CM25AH-V02D,C2M025K02-68715B,2.003,3.000,6.009,60,7.14,●,24,24,600,9,214,8,206,2024-11-25,2024-11-25,2024-11-25,2024-11-25,0,0,0,0,0,0,0,0,0,0,0,0,0,0,0,0,0,0,0,0,0,0,0,0,8,0,1,Dubai,0.81222,1.58,0.0000,0.0000
2024-11-22,3.00,XLA40B2-V03B,XLA40-1B-S,12.34,2.035,25.112,60,7.14,●,16,14,1200,14,139,19,120,2025-01-20,2024-11-27,2024-11-28,2024-11-29,0,0,0,0,0,0,19,0,0,0,0,0,0,0,0,0,0,0,0,0,0,0,0,0,0,0,2,Dubai,1.16352,3.00,0.0000,0.0000
2024-11-22,1.75,MGPL25B2-V02D,MGP25A-AC904-30K,5.51,3.000,16.53,25,2.98,●,16,16,1200,9,111,3,108,2024-11-26,2024-11-26,2024-11-26,2024-11-26,0,0,0,0,0,0,2,0,0,0,0,0,0,0,0,0,0,0,0,1,0,0,0,0,0,0,1,VN,1.04852,1.75,0.0000,0.0000
2024-11-22,2.02,CQ50T3-V01B-ZZZ,C2Q50A-AD140A30K,4.15908,3.000,12.477,25,2.98,●,21,21,1200,9,188,4,184,2024-11-26,2024-11-25,2024-11-26,2024-11-26,0,0,0,0,0,0,3,0,0,0,0,0,0,0,0,0,0,0,0,0,0,0,1,0,0,0,1,VN,1.16322,2.02,0.0000,0.0000
2024-11-22,0.43,MXQ06B-V02D,P3802301B-M,0.7,2.000,1.4,35,4.17,〇,1,1,600,9,1,,,,,,,0,0,0,0,0,0,0,0,0,0,0,0,0,0,0,0,0,0,0,0,0,0,0,0,0,0,1,VN,0.00322,0.43,0.0000,0.0000
2024-11-22,0.65,MXS08B-V01D,P3800201B-M,1,2.000,2,35,4.17,◎,3,3,600,9,76,16,60,2025-12-30,2024-11-25,2024-11-26,,0,14,0,2,0,0,0,0,0,0,0,0,0,0,0,0,0,0,0,0,0,0,0,0,0,0,1,Dubai,0.23382,0.65,0.0000,0.0000
2024-11-21,2.28,CM25AH-V01D,C2M025K02-68715B,2.003,3.000,6.009,60,7.14,●,35,35,600,9,314,3,311,2024-11-22,2024-11-21,2024-11-22,2024-11-22,0,0,0,2,0,0,0,0,0,0,0,0,0,0,0,0,0,0,0,0,0,0,1,0,0,0,1,Dubai,0.82632,2.28,0.0000,0.0000
2024-11-21,3.93,CP9663T-V01B,C9663ABAC961-30K,2.5272,3.000,7.582,60,7.14,●,28,28,1200,9,391,19,372,2024-11-22,2024-11-21,2024-11-22,2025-01-11,0,2,0,0,0,0,9,0,0,0,0,0,0,0,0,0,0,0,0,0,0,0,0,0,0,8,1,VN,0.75372,3.93,0.0000,0.0000
2024-11-21,0.25,CXS32S3-V02D,CXS32A-BA025-20K,4.467,2.000,8.934,25,2.98,〇,1,1,1200,9,1,1,0,2024-11-27,,,,0,0,0,0,0,0,1,0,0,0,0,0,0,0,0,0,0,0,0,0,0,0,0,0,0,0,1,VN,0.03572,0.25,0.0000,0.0000
2024-11-21,0.35,CXS10S3-V02D,CXS10A-R6001-20K,1.12,2.000,2.24,25,2.98,〇,1,1,600,9,1,,,,,,,0,0,0,0,0,0,0,0,0,0,0,0,0,0,0,0,0,0,0,0,0,0,0,0,0,0,1,VN,0.00642,0.35,0.0000,0.0000
2024-11-21,0.37,MXQ08B-V01D,P3802401B-M,0.93,2.000,1.86,35,4.17,〇,16,1,600,9,1,,,,,,,0,0,0,0,0,0,0,0,0,0,0,0,0,0,0,0,0,0,0,0,0,0,0,0,0,0,1,Dubai,0.00512,0.37,0.0000,0.0000
2024-11-21,0.98,CA40T-V01C,S370A63T47X40X30,1.27444,3.000,3.823,35,4.17,●,0,4,600,9,55,31,24,2024-11-22,2024-11-21,2024-11-22,2024-12-04,0,0,0,0,0,0,0,0,0,0,0,0,0,0,0,0,0,0,0,0,0,0,0,0,14,17,1,VN,0.21382,0.98,0.0000,0.0000
2024-11-21,2.77,CQ40T-V01B,C2Q40-04-J0780-K,3.08,2.000,6.16,35,4.17,●,24,24,1200,9,454,6,448,2024-11-22,2024-11-22,2024-11-22,2024-12-18,0,0,1,0,0,0,4,0,0,0,0,0,0,0,0,0,0,0,0,0,0,0,1,0,0,0,1,Dubai,1.01082,2.77,0.0000,0.0000
2024-11-21,0.57,CYB15B-V01D,CYB15K-AS377-20K,1.9,2.000,3.8,35,4.17,●,5,5,600,9,74,3,71,2024-11-25,2024-11-22,2024-11-25,2024-11-25,0,3,0,0,0,0,0,0,0,0,0,0,0,0,0,0,0,0,0,0,0,0,0,0,0,0,1,Dubai,0.49622,0.57,0.0000,0.0000
2024-11-21,0.75,CYB20B-V01D,CYB20K-AS378-20K,1.3,2.000,2.6,35,4.17,●,8,8,600,9,167,1,166,2024-11-25,2024-11-22,2024-11-25,2024-11-25,0,0,0,1,0,0,0,0,0,0,0,0,0,0,0,0,0,0,0,0,0,0,0,0,0,0,1,Dubai,0.57892,0.75,0.0000,0.0000
2024-11-21,0.73,CP9632T-V02B,C9632ABAC958-30K,1.2447,3.000,3.734,40,4.76,●,5,5,600,9,74,6,68,2024-11-27,2024-11-22,2024-11-25,2024-12-03,0,0,0,0,0,0,5,0,0,0,0,0,0,0,0,0,0,0,0,0,0,0,0,0,0,1,1,VN,0.37682,0.73,0.0000,0.0000
2024-11-21,2.52,MGPM32B2-V01D,MGP32A-AC895-30K,8.15,3.000,24.45,25,2.98,●,30,33,1200,9,131,3,128,2024-11-25,2024-11-25,2024-11-25,2024-11-25,0,0,0,0,0,0,0,0,0,0,0,0,0,0,0,0,0,0,3,0,0,0,0,0,0,0,1,VN,1.27272,2.52,0.0000,0.0000
2024-11-21,0.67,CQ16TH-V01D,C2Q016K04-56564,1.3041,2.000,2.608,25,2.98,●,3,3,600,9,66,4,62,2024-11-25,2024-11-22,2024-11-26,2024-11-26,0,0,0,1,0,0,0,0,0,0,0,0,0,0,0,0,0,0,0,0,0,0,0,0,3,0,1,Dubai,0.25822,0.67,0.0000,0.0000
2024-11-20,2.32,CM25AS-V01D,C2M025K03-68715B,2.171,3.000,6.513,45,5.36,●,37,37,600,9,295,1,294,2024-11-21,2024-11-20,2024-11-21,2024-11-22,0,0,0,0,0,0,0,0,0,0,0,0,0,0,0,0,0,0,0,0,0,0,1,0,0,0,1,Dubai,0.82942,2.32,0.0000,0.0000
2024-11-20,0.92,CAA0T-V01C,S370A63T110X100X30,4.39591,3.000,13.188,25,2.98,〇,3,3,1200,9,1,,,,,,,0,0,0,0,0,0,0,0,0,0,0,0,0,0,0,0,0,0,0,0,0,0,0,0,0,0,1,VN,0.01442,0.92,0.0000,0.0000
2024-11-20,3.17,CP9650T-V02B,C9650ABAC960-30K,2.3463,3.000,7.039,45,5.36,●,35,35,600,9,244,2,242,2024-11-21,2024-11-20,2024-11-21,2024-11-29,0,0,0,0,0,0,2,0,0,0,0,0,0,0,0,0,0,0,0,0,0,0,0,0,0,0,1,Dubai,0.54242,3.17,0.0000,0.0000
2024-11-20,1.33,MSQA0B2-V01D,P3910014,11.043,2.095,23.135,35,4.17,●,20,10,1200,14,109,8,101,2024-12-03,2024-11-26,2024-11-28,2024-12-02,0,4,0,2,0,0,1,0,0,0,0,0,0,0,0,0,0,0,0,0,0,0,1,0,0,0,1,Dubai,1.89132,1.33,0.0000,0.0000
2024-11-20,0.25,CUJ08A-V01D,CUJ08A-P7102A20K,0.659,2.000,1.318,35,4.17,〇,1,1,600,9,1,,,,,,,0,0,0,0,0,0,0,0,0,0,0,0,0,0,0,0,0,0,0,0,0,0,0,0,0,0,1,VN,0.00532,0.25,0.0000,0.0000
2024-11-20,1.63,CM20AS-V01D,C2M020K03-68714B,1.452,3.000,4.356,50,5.95,●,17,17,600,9,203,1,202,2024-11-21,2024-11-21,2024-11-21,2024-11-21,0,0,0,1,0,0,0,0,0,0,0,0,0,0,0,0,0,0,0,0,0,0,0,0,0,0,1,Dubai,0.54142,1.63,0.0000,0.0000
2024-11-20,0.42,LEF32MM0-V01D,LEF32-8D-HF,7.716,2.000,15.432,35,4.17,〇,1,1,1200,14,1,,,,,,,0,0,0,0,0,0,0,0,0,0,0,0,0,0,0,0,0,0,0,0,0,0,0,0,0,0,2,Dubai,0.03702,0.42,0.0000,0.0000
2024-11-20,0.90,CP9640T-V01B,C9640ABAC959-30K,1.3959,3.000,4.188,25,2.98,●,14,7,600,9,90,4,86,2024-11-22,2024-11-20,2024-11-21,0000-00-00,0,0,0,0,0,0,1,0,0,0,0,0,0,0,0,0,0,0,0,0,0,0,0,0,0,3,1,Dubai,0.41882,0.90,0.0000,0.0000
2024-11-20,1.60,CQ32T3-V01B-ZZZ,C2Q32A-AD138A30K,2.30985,3.000,6.93,25,2.98,●,28,28,600,9,223,7,216,2024-11-21,2024-11-21,2024-11-22,2024-11-22,0,0,0,1,0,0,3,1,0,0,0,0,0,0,0,0,0,0,2,0,0,0,0,0,0,0,1,Dubai,0.96582,1.60,0.0000,0.0000
2024-11-20,3.33,MGPM32B2-V02D,MGP32A-AC895-30K,8.15,3.000,24.45,25,2.98,●,27,27,1200,9,107,0,107,2024-11-22,2024-11-21,2024-11-22,2024-11-22,0,0,0,0,0,0,0,0,0,0,0,0,0,0,0,0,0,0,0,0,0,0,0,0,0,0,1,VN,0.78482,3.33,0.0000,0.0000
2024-11-20,1.22,CYB25B-V01D,CYB25K-AS379-20K,2.5,2.000,5,35,4.17,●,5,5,1200,9,108,10,98,2024-11-21,2024-11-21,2024-11-22,2024-11-22,0,0,8,1,0,0,0,0,0,0,0,0,0,0,0,0,0,0,0,1,0,0,0,0,0,0,1,Dubai,0.44382,1.22,0.0000,0.0000
2024-11-20,0.57,CYB10B-V01D,CYB10K-AS376-20K,0.8,2.000,1.6,35,4.17,●,7,4,600,9,140,2,138,2024-11-22,2024-11-21,2024-11-22,2024-11-22,0,0,0,2,0,0,0,0,0,0,0,0,0,0,0,0,0,0,0,0,0,0,0,0,0,0,1,Dubai,0.39532,0.57,0.0000,0.0000
2024-11-19,2.47,CM32AH-V01D,C2M032K02-68716B,2.546,3.000,7.638,55,6.55,●,28,30,1200,9,449,1,448,2024-11-19,2024-11-19,2024-11-21,2024-11-21,0,0,0,1,0,0,0,0,0,0,0,0,0,0,0,0,0,0,0,0,0,0,0,0,0,0,1,Dubai,1.39032,2.47,0.0000,0.0000
2024-11-19,3.08,MGPM32B2-V01D,MGP32A-AC895-30K,8.15,3.000,24.45,25,2.98,●,36,36,1200,9,143,2,141,2024-11-20,2024-11-19,2024-11-20,2024-11-21,0,0,0,2,0,0,0,0,0,0,0,0,0,0,0,0,0,0,0,0,0,0,0,0,0,0,1,VN,1.13402,3.08,0.0000,0.0000
2024-11-19,0.73,MXS25E-V01D,P3800603-MH1,10.764,2.000,21.528,35,4.17,◎,5,5,1200,14,59,52,7,2024-11-27,2024-11-22,2024-12-02,,0,0,0,28,0,0,0,0,0,24,0,0,0,0,0,0,0,0,0,0,0,0,0,0,0,0,2,Dubai,1.73202,0.73,0.0000,0.0000
2024-11-19,0.88,CP9680T-V01B,C9680ABAC962A30K,4.02,3.000,12.06,35,4.17,〇,2,1,1200,14,1,,,,,,,0,0,0,0,0,0,0,0,0,0,0,0,0,0,0,0,0,0,0,0,0,0,0,0,0,0,2,Dubai,0.01372,0.88,0.0000,0.0000
2024-11-19,0.82,MXS12B-V01D,P3800301B-M,1.66,2.000,3.32,35,4.17,●,7,7,600,9,111,0,111,2024-11-21,2024-11-19,2024-11-21,2024-11-22,0,0,0,0,0,0,0,0,0,0,0,0,0,0,0,0,0,0,0,0,0,0,0,0,0,0,1,Dubai,0.45122,0.82,0.0000,0.0000
2024-11-19,1.42,XLA40BN-V01D,XLA40-3-1B,11.113,2.000,22.226,50,5.95,●,12,14,1200,14,167,33,134,2024-11-26,2024-11-26,2024-11-29,2024-11-28,0,0,0,1,0,0,0,0,0,29,0,0,0,0,0,0,0,0,0,0,0,0,3,0,0,0,2,Dubai,2.62012,1.42,0.0000,0.0000
2024-11-19,0.42,MXQ16B-V01D,P3802601B-M,2.15,2.000,4.3,35,4.17,◎,3,3,600,9,34,34,0,2024-11-22,2024-11-19,2024-11-22,,0,0,0,0,0,0,34,0,0,0,0,0,0,0,0,0,0,0,0,0,0,0,0,0,0,0,1,Dubai,0.35092,0.42,0.0000,0.0000
2024-11-19,2.00,MXS06B-V01D,P3800101B-M,0.73,2.000,1.46,35,4.17,●,10,10,600,9,378,0,378,2024-11-20,2024-11-19,2024-11-20,2024-11-20,0,0,0,0,0,0,0,0,0,0,0,0,0,0,0,0,0,0,0,0,0,0,0,0,0,0,1,Dubai,0.27592,2.00,0.0000,0.0000
2024-11-19,2.33,CP9663T-V02B,C9663ABAC961-30K,2.5272,3.000,7.582,60,7.14,●,23,13,1200,9,180,33,147,2024-11-22,2024-11-20,2024-11-21,2024-11-27,0,8,0,3,0,0,3,0,0,0,0,0,0,0,0,0,0,0,0,0,0,0,0,0,0,19,1,VN,0.58492,2.33,0.0000,0.0000
2024-11-19,1.18,CYB06B-V01D,CYB06K-AS375-20K,0.5,2.000,1,35,4.17,●,7,7,600,9,366,0,366,2024-11-20,2024-11-20,2024-11-21,2024-11-21,0,0,0,0,0,0,0,0,0,0,0,0,0,0,0,0,0,0,0,0,0,0,0,0,0,0,1,Dubai,0.30932,1.18,0.0000,0.0000
2024-11-19,0.23,MSQ50TB-V01E,P8910470-D,11.7,2.000,23.4,35,4.17,〇,1,1,1200,14,1,,,,,,,0,0,0,0,0,0,0,0,0,0,0,0,0,0,0,0,0,0,0,0,0,0,0,0,0,0,2,Dubai,0.10032,0.23,0.0000,0.0000
2024-11-19,1.48,CP9640T-V02B,C9640ABAC959-30K,1.3959,3.000,4.188,25,2.98,●,28,14,600,9,182,4,178,2024-11-20,2024-11-20,2024-11-21,2024-11-27,0,2,0,0,0,0,0,0,0,0,0,0,0,0,0,0,0,0,0,0,0,0,0,0,0,2,1,VN,0.51382,1.48,0.0000,0.0000
2024-11-18,4.30,MGPM40B2-V02D,MGP40A-AC896-30K,9.68,3.000,29.04,25,2.98,●,30,30,1200,9,90,5,85,2024-11-20,2024-11-18,2024-11-19,2024-11-20,0,0,1,0,0,0,0,0,0,0,0,0,0,0,0,0,0,0,0,0,0,0,0,0,4,0,1,VN,0.60782,4.30,0.0000,0.0000
2024-11-18,2.92,CM25AS-V01D,C2M025K03-68715B,2.171,3.000,6.513,45,5.36,●,35,35,600,9,279,9,270,2024-11-19,2024-11-18,2024-11-19,2024-11-19,0,0,0,2,0,0,0,0,0,0,0,0,0,0,0,0,0,0,0,7,0,0,0,0,0,0,1,Dubai,0.62302,2.92,0.0000,0.0000
2024-11-18,1.28,MSQ30B2-V02D,P6260301-D,5.19,2.070,10.743,60,7.14,〇,14,8,1200,9,1,,,,,,,0,0,0,0,0,0,0,0,0,0,0,0,0,0,0,0,0,0,0,0,0,0,0,0,0,0,1,Dubai,0.00842,1.28,0.0000,0.0000
2024-11-18,1.08,MXS08B-V01D,P3800201B-M,1,2.000,2,35,4.17,◎,5,5,600,9,129,90,39,2025-12-30,2024-11-19,2024-11-22,2026-02-09,0,0,0,0,0,0,0,0,0,0,0,0,0,0,0,0,0,0,0,0,0,0,0,0,0,0,1,Dubai,0.23822,1.08,0.0000,0.0000
2024-11-18,0.95,CQ50T3-V01B-ZZZ,C2Q50A-AD140A30K,4.15908,3.000,12.477,25,2.98,●,16,7,1200,9,62,7,55,2024-11-20,2024-11-19,2024-11-19,2024-11-20,0,0,0,0,0,0,4,0,0,0,0,0,0,0,0,0,0,0,0,3,0,0,0,0,0,0,1,VN,0.81432,0.95,0.0000,0.0000
2024-11-18,0.90,MB40T-V02C,S369A63T45X40X30,0.90079,3.000,2.702,25,2.98,●,16,4,600,9,78,11,67,2024-11-25,2024-11-19,2024-11-20,2024-12-04,0,0,0,1,0,0,10,0,0,0,0,0,0,0,0,0,0,0,0,0,0,0,0,0,0,0,1,VN,0.23422,0.90,0.0000,0.0000
2024-11-18,1.42,MXS16B-V01D,P3800401B-M,2.6,2.000,5.2,60,7.14,●,21,8,1200,9,175,48,127,2025-01-14,2024-11-19,2024-11-19,2025-02-07,0,25,0,0,19,0,0,0,0,0,0,0,0,0,0,0,0,0,0,4,0,0,0,0,0,0,1,Dubai,0.64242,1.42,0.0000,0.0000
2024-11-15,3.83,CP9650T-V01B,C9650ABAC960-30K,2.3463,3.000,7.039,35,4.17,●,42,42,600,9,293,28,265,2024-11-18,2024-11-15,2024-11-18,2024-12-02,0,0,0,0,0,0,0,0,0,0,0,0,0,0,0,0,0,0,0,0,0,0,0,0,0,28,1,VN,0.53802,3.83,0.0000,0.0000
2024-11-15,1.50,CM20AH-V01D,C2M020K02-68714B,1.336,3.000,4.008,50,5.95,●,30,14,600,9,182,1,181,2024-11-18,2024-11-18,2024-11-18,2024-11-18,0,0,0,1,0,0,0,0,0,0,0,0,0,0,0,0,0,0,0,0,0,0,0,0,0,0,1,Dubai,0.48632,1.50,0.0000,0.0000
2024-11-15,2.92,CP9640T-V02B,C9640ABAC959-30K,1.3959,3.000,4.188,25,2.98,●,28,28,600,9,364,7,357,2024-11-18,2024-11-18,2024-11-18,2024-12-03,0,0,0,0,0,0,0,0,0,0,0,0,0,0,0,0,0,0,0,0,0,0,0,0,0,7,1,VN,0.52262,2.92,0.0000,0.0000
2024-11-15,2.02,MXQ12B-V01D,P3802501B-M,1.36,2.000,2.72,35,4.17,●,24,24,600,9,502,10,492,2024-11-15,2024-11-18,2024-11-19,2024-11-19,0,0,0,4,0,0,0,0,0,0,0,0,0,0,0,0,0,0,5,0,0,0,1,0,0,0,1,Dubai,0.67712,2.02,0.0000,0.0000
2024-11-15,2.10,MGPM32B2-V02D,MGP32A-AC895-30K,8.15,3.000,24.45,25,2.98,◎,36,10,1200,9,39,20,19,2024-11-19,2024-11-18,2024-11-19,2024-11-20,0,19,1,0,0,0,0,0,0,0,0,0,0,0,0,0,0,0,0,0,0,0,0,0,0,0,1,VN,0.45412,2.10,0.0000,0.0000
2024-11-15,1.05,VV14M1-V02D,DXT199-20-23,2.58,2.000,5.16,50,5.95,●,14,3,1200,9,65,0,65,2024-11-19,2024-11-18,2024-11-19,2024-11-19,0,0,0,0,0,0,0,0,0,0,0,0,0,0,0,0,0,0,0,0,0,0,0,0,0,0,1,Dubai,0.31942,1.05,0.0000,0.0000
2024-11-15,2.13,MXS12B-V01D,P3800301B-M,1.66,2.000,3.32,35,4.17,●,20,28,600,9,447,4,443,2024-11-18,2024-11-18,2024-11-19,2024-11-19,0,2,0,2,0,0,0,0,0,0,0,0,0,0,0,0,0,0,0,0,0,0,0,0,0,0,1,Dubai,0.69562,2.13,0.0000,0.0000
2024-11-14,1.75,CJ16C-V01D,C2J16L-AH081-30K,0.79164,3.000,2.375,25,2.98,●,17,17,600,9,374,0,374,2024-11-15,2024-11-14,2024-11-15,2024-11-15,0,0,0,0,0,0,0,0,0,0,0,0,0,0,0,0,0,0,0,0,0,0,0,0,0,0,1,Dubai,0.50762,1.75,0.0000,0.0000
2024-11-14,6.42,CP9663T-V02B,C9663ABAC961-30K,2.5272,3.000,7.582,60,7.14,●,28,28,1200,9,390,6,384,2024-11-15,2024-11-14,2024-11-18,2024-11-26,0,0,1,0,0,0,2,0,0,0,0,0,0,0,0,0,0,0,0,0,0,0,0,0,0,3,1,VN,0.46082,6.42,0.0000,0.0000
2024-11-14,2.83,CP9640T-V01B,C9640ABAC959-30K,1.3959,3.000,4.188,25,2.98,●,28,28,600,9,363,1,362,2024-11-18,2024-11-15,2024-11-18,2024-11-26,0,0,0,0,0,0,0,0,0,0,0,0,0,0,0,0,0,0,0,0,0,0,0,0,0,1,1,VN,0.53652,2.83,0.0000,0.0000
2024-11-14,3.22,MGPM32B2-V01D,MGP32A-AC895-30K,8.15,3.000,24.45,25,2.98,●,36,36,1200,9,143,9,134,2024-11-15,2024-11-15,2024-11-15,2024-11-18,0,3,2,1,0,0,0,0,0,0,0,0,0,0,0,0,0,0,0,3,0,0,0,0,0,0,1,VN,1.08692,3.22,0.0000,0.0000
2024-11-14,1.62,CQ40T3-V01B-ZZZ,C2Q40A-AD139A30K,2.77506,3.000,8.325,25,2.98,●,21,14,1200,9,195,2,193,2024-11-15,2024-11-15,2024-11-15,2024-11-18,0,0,0,0,0,0,0,0,0,0,0,0,0,0,0,0,0,0,2,0,0,0,0,0,0,0,1,VN,1.00422,1.62,0.0000,0.0000
2024-11-13,0.45,CYR63SR-V01D,CYR63E-AX668-30K,1.871,3.000,5.613,25,2.98,〇,1,1,1200,9,1,,,,,,,0,0,0,0,0,0,0,0,0,0,0,0,0,0,0,0,0,0,0,0,0,0,0,0,0,0,1,VN,0.01252,0.45,0.0000,0.0000
2024-11-13,2.60,MGPM40B2-V02D,MGP40A-AC896-30K,9.68,3.000,29.04,25,2.98,●,30,30,1200,9,89,1,88,2024-11-14,2024-11-13,2024-11-14,2024-11-15,0,0,0,1,0,0,0,0,0,0,0,0,0,0,0,0,0,0,0,0,0,0,0,0,0,0,1,VN,0.99412,2.60,0.0000,0.0000
2024-11-13,1.93,CM20AS-V01D,C2M020K03-68714B,1.452,3.000,4.356,50,5.95,●,28,28,600,9,336,8,328,2024-11-14,2024-11-14,2024-11-14,2024-11-14,0,0,0,8,0,0,0,0,0,0,0,0,0,0,0,0,0,0,0,0,0,0,0,0,0,0,1,Dubai,0.75702,1.93,0.0000,0.0000
2024-11-13,1.07,MXS08B-V01D,P3800201B-M,1,2.000,2,35,4.17,●,18,18,600,9,467,1,466,2024-11-29,2024-11-14,2024-11-14,2024-12-02,0,0,0,0,0,0,1,0,0,0,0,0,0,0,0,0,0,0,0,0,0,0,0,0,0,0,1,Dubai,0.87562,1.07,0.0000,0.0000
2024-11-13,0.27,MSQ10TB-V01E,P8910170-D,4.3,2.000,8.6,35,4.17,〇,1,1,1200,9,1,,,,,,,0,0,0,0,0,0,0,0,0,0,0,0,0,0,0,0,0,0,0,0,0,0,0,0,0,0,1,VN,0.03232,0.27,0.0000,0.0000
2024-11-13,0.67,MXQ20B-V01D,P3802701B-M,3.09,2.000,6.18,35,4.17,●,5,5,1200,9,93,2,91,2024-11-14,2024-11-14,2024-11-14,2024-11-15,0,0,0,2,0,0,0,0,0,0,0,0,0,0,0,0,0,0,0,0,0,0,0,0,0,0,1,VN,0.86212,0.67,0.0000,0.0000
2024-11-13,0.52,CYR50SR-V01D,CYR50E-AX667-30K,1.655,3.000,4.965,25,2.98,〇,1,1,1200,9,1,0,1,2024-11-20,,,,0,0,0,0,0,0,0,0,0,0,0,0,0,0,0,0,0,0,0,0,0,0,0,0,0,0,1,VN,0.00962,0.52,0.0000,0.0000
2024-11-13,4.53,CP9632T-V02B,C9632ABAC958-30K,1.2447,3.000,3.734,40,4.76,●,28,28,600,9,419,13,406,2024-11-14,2024-11-14,2024-11-15,2024-11-26,0,0,0,0,0,0,0,0,0,0,0,0,0,0,0,0,0,0,0,0,0,0,0,0,0,13,1,VN,0.34512,4.53,0.0000,0.0000
2024-11-13,1.47,CP9650T-V02B,C9650ABAC960-30K,2.3463,3.000,7.039,45,5.36,●,35,14,600,9,97,0,97,2024-11-14,2024-11-14,2024-11-15,2024-11-28,0,0,0,0,0,0,0,0,0,0,0,0,0,0,0,0,0,0,0,0,0,0,0,0,0,0,1,VN,0.46552,1.47,0.0000,0.0000
2024-11-13,0.42,APT3-V01B,APTE00-98000404-D,0.465,3.000,1.395,25,2.98,〇,4,2,600,9,1,,,,,,,0,0,0,0,0,0,0,0,0,0,0,0,0,0,0,0,0,0,0,0,0,0,0,0,0,0,1,VN,0.00332,0.42,0.0000,0.0000
2024-11-12,1.25,CM25AH-V01D,C2M025K02-68715B,2.003,3.000,6.009,60,7.14,●,25,17,600,9,152,17,135,2024-11-13,2024-11-12,2024-11-13,2024-11-13,0,0,0,13,0,0,0,0,0,1,0,0,0,0,0,0,0,0,0,2,0,0,1,0,0,0,1,Dubai,0.73072,1.25,0.0000,0.0000
2024-11-12,4.12,CP9663T-V02B,C9663ABAC961-30K,2.5272,3.000,7.582,60,7.14,●,28,28,1200,9,390,7,383,2024-11-13,2024-11-12,2024-11-13,2024-11-20,0,0,0,0,0,0,2,0,0,0,0,0,0,0,0,0,0,0,0,0,0,0,0,0,0,5,1,VN,0.71832,4.12,0.0000,0.0000
2024-11-12,2.33,MGPM50B2-V01D,MGP50A-AC897-20K,13.74,2.000,27.48,50,5.95,●,12,12,1200,14,107,2,105,2024-11-20,2024-11-19,2024-11-20,2024-11-22,0,0,0,1,0,0,0,0,0,0,0,0,0,0,0,0,0,0,0,0,0,0,1,0,0,0,2,Dubai,1.26022,2.33,0.0000,0.0000
2024-11-12,2.00,MGPM63B2-V01D,MGP63A-AC898-20K,17.321,2.000,34.642,35,4.17,●,12,12,1200,14,83,15,68,2024-11-25,2024-11-14,2024-11-26,2024-11-26,0,8,0,0,0,0,5,0,0,0,0,0,0,0,0,0,0,0,0,0,0,0,2,0,0,0,2,Dubai,1.43762,2.00,0.0000,0.0000
2024-11-12,1.80,MXS20B-V01D,P3800501B-M,3.66,2.000,7.32,25,2.98,●,16,16,1200,9,253,2,251,2024-11-13,2024-11-13,2024-11-13,2024-11-13,0,0,0,1,0,0,0,0,0,0,0,0,0,0,0,0,0,0,0,0,0,0,0,1,0,0,1,Dubai,1.02892,1.80,0.0000,0.0000
2024-11-12,1.50,MXQ12B-V01D,P3802501B-M,1.36,2.000,2.72,35,4.17,●,14,14,600,9,293,4,289,2024-11-13,2024-11-13,2024-11-14,2024-11-14,0,0,0,1,0,0,3,0,0,0,0,0,0,0,0,0,0,0,0,0,0,0,0,0,0,0,1,Dubai,0.53132,1.50,0.0000,0.0000
2024-11-12,3.07,CP9640T-V03B,C9640ABAC959-30K,1.3959,3.000,4.188,25,2.98,●,28,28,600,9,363,4,359,2024-11-14,2024-11-13,2024-11-14,2024-11-20,0,0,0,0,0,0,0,0,0,0,0,0,0,0,0,0,0,0,0,0,0,0,0,0,0,4,1,VN,0.49572,3.07,0.0000,0.0000
2024-11-12,0.77,XLA40BN-V01D,XLA40-3-1B,11.113,2.000,22.226,50,5.95,◎,14,2,1200,14,22,5,17,2024-11-26,2024-11-25,2024-11-25,2024-11-27,0,4,0,1,0,0,0,0,0,0,0,0,0,0,0,0,0,0,0,0,0,0,0,0,0,0,2,Dubai,0.63782,0.77,0.0000,0.0000
2024-11-12,1.75,MGPM32B2-V02D,MGP32A-AC895-30K,8.15,3.000,24.45,25,2.98,●,30,9,1200,9,35,0,35,2024-11-13,2024-11-13,2024-11-14,2024-11-14,0,0,0,0,0,0,0,0,0,0,0,0,0,0,0,0,0,0,0,0,0,0,0,0,0,0,1,VN,0.48902,1.75,0.0000,0.0000
2024-11-12,0.67,MXS12B-V01D,P3800301B-M,1.66,2.000,3.32,35,4.17,●,20,6,600,9,95,12,83,2024-11-14,2024-11-13,2024-11-15,2024-11-15,0,0,0,0,0,0,12,0,0,0,0,0,0,0,0,0,0,0,0,0,0,0,0,0,0,0,1,Dubai,0.47312,0.67,0.0000,0.0000
2024-11-11,2.67,CP9632T-V02B,C9632ABAC958-30K,1.2447,3.000,3.734,40,4.76,●,22,22,600,9,329,13,316,2024-11-12,2024-11-11,2024-11-12,2024-11-18,0,0,0,0,0,0,10,0,0,0,0,0,0,0,0,0,0,0,0,0,0,0,0,0,0,3,1,VN,0.46072,2.67,0.0000,0.0000
2024-11-11,0.50,CAA0T-V01C,S370A63T110X100X30,4.39591,3.000,13.188,25,2.98,〇,3,3,1200,9,1,,,,,,,0,0,0,0,0,0,0,0,0,0,0,0,0,0,0,0,0,0,0,0,0,0,0,0,0,0,1,VN,0.02642,0.50,0.0000,0.0000
2024-11-11,2.53,CM32AS-V01D,C2M032K03-68716B,2.822,3.000,8.466,40,4.76,●,38,38,1200,9,531,30,501,2024-11-12,2024-11-11,2024-11-12,2024-11-12,0,0,0,0,0,0,0,0,0,0,0,0,0,0,0,0,0,0,0,30,0,0,0,0,0,0,1,Dubai,1.77452,2.53,0.0000,0.0000
2024-11-11,0.58,CQ25T3-V01B,C2Q25A-AD137A20K,2.15838,2.000,4.317,25,2.98,●,5,5,600,9,60,10,50,2024-11-14,2024-11-12,2024-11-14,2024-11-15,0,1,0,0,0,0,9,0,0,0,0,0,0,0,0,0,0,0,0,0,0,0,0,0,0,0,1,Dubai,0.44402,0.58,0.0000,0.0000
2024-11-11,0.83,CQ25T3-V01B-ZZZ,C2Q25A-AD137A30K,2.15838,3.000,6.475,25,2.98,●,25,12,600,9,96,0,96,2024-11-14,2024-11-12,2024-11-14,2024-11-14,0,0,0,0,0,0,0,0,0,0,0,0,0,0,0,0,0,0,0,0,0,0,0,0,0,0,1,VN,0.74592,0.83,0.0000,0.0000
2024-11-11,3.92,CP9650T-V01B,C9650ABAC960-30K,2.3463,3.000,7.039,35,4.17,●,42,42,600,9,293,6,287,2024-11-12,2024-11-12,2024-11-13,2024-11-25,0,0,0,0,0,0,0,0,0,0,0,0,0,0,0,0,0,0,0,0,0,0,0,0,0,6,1,VN,0.52662,3.92,0.0000,0.0000
2024-11-11,0.58,LEF16MM0-V01D,LEF16-8D-HF,3.137,2.000,6.274,25,2.98,〇,1,1,1200,9,1,,,,,,,0,0,0,0,0,0,0,0,0,0,0,0,0,0,0,0,0,0,0,0,0,0,0,0,0,0,1,VN,0.01082,0.58,0.0000,0.0000
2024-11-11,3.68,MGPM40B2-V01D,MGP40A-AC896-30K,9.68,3.000,29.04,35,4.17,●,30,18,1200,9,52,2,50,2024-11-12,2024-11-12,2024-11-13,2024-11-13,0,0,0,0,0,0,0,0,0,0,0,0,0,0,0,0,0,0,0,2,0,0,0,0,0,0,1,VN,0.41002,3.68,0.0000,0.0000
2024-11-11,1.55,MXQ16B-V01D,P3802601B-M,2.15,2.000,4.3,35,4.17,●,26,26,600,9,311,172,139,2024-11-19,2024-11-12,2024-11-13,2024-11-20,0,1,0,2,0,0,169,0,0,0,0,0,0,0,0,0,0,0,0,0,0,0,0,0,0,0,1,Dubai,0.86282,1.55,0.0000,0.0000
2024-11-08,1.15,CM20AH-V01D,C2M020K02-68714B,1.336,3.000,4.008,50,5.95,●,24,11,600,9,142,3,139,2024-11-11,2024-11-11,2024-11-11,2024-11-12,0,0,0,3,0,0,0,0,0,0,0,0,0,0,0,0,0,0,0,0,0,0,0,0,0,0,1,Dubai,0.49492,1.15,0.0000,0.0000
2024-11-08,3.42,CP9663T-V03B,C9663ABAC961-30K,2.5272,3.000,7.582,60,7.14,●,21,12,1200,9,167,10,157,2024-11-12,2024-11-11,2024-11-11,2024-11-15,0,0,0,0,0,0,2,0,0,0,0,0,0,0,0,0,0,0,0,6,0,0,0,0,0,2,1,VN,0.37062,3.42,0.0000,0.0000
2024-11-08,1.25,MXS12B-V01D,P3800301B-M,1.66,2.000,3.32,35,4.17,●,22,10,600,9,159,6,153,2024-11-12,2024-11-11,2024-11-13,2024-11-13,0,0,0,1,0,0,5,0,0,0,0,0,0,0,0,0,0,0,0,0,0,0,0,0,0,0,1,VN,0.42232,1.25,0.0000,0.0000
2024-11-08,0.25,CP9640T-V02B,C9640ABAC959-30K,1.3959,3.000,4.188,25,2.98,●,28,28,600,9,363,12,351,2024-11-11,2024-11-11,2024-11-11,2024-11-20,0,0,0,1,0,0,0,0,0,0,0,0,0,0,0,0,0,0,0,0,0,0,0,0,0,11,1,VN,6.08052,0.25,0.0000,0.0000
2024-11-08,0.67,CQ32T3-V01B,C2Q32A-AD138A20K,2.30985,2.000,4.62,25,2.98,●,6,6,600,9,70,1,69,2024-11-11,2024-11-11,2024-11-12,2024-12-02,0,0,0,0,0,0,0,0,0,0,0,0,0,0,0,0,0,0,0,1,0,0,0,0,0,0,1,Dubai,0.48512,0.67,0.0000,0.0000
2024-11-08,0.50,CQ32T3-V01B-ZZZ,C2Q32A-AD138A30K,2.30985,3.000,6.93,25,2.98,●,24,4,600,9,31,0,31,2024-11-12,2024-11-11,2024-11-12,2024-11-12,0,0,0,0,0,0,0,0,0,0,0,0,0,0,0,0,0,0,0,0,0,0,0,0,0,0,1,VN,0.42962,0.50,0.0000,0.0000
2024-11-07,1.92,CJ16C-V01D,C2J16L-AH081-30K,0.79164,3.000,2.375,25,2.98,●,14,14,600,9,308,1,307,2024-11-08,2024-11-07,2024-11-08,2024-11-08,0,0,0,0,0,0,0,0,0,0,0,0,0,1,0,0,0,0,0,0,0,0,0,0,0,0,1,Dubai,0.38162,1.92,0.0000,0.0000
2024-11-07,2.72,MGPM20B2-V01D,MGP20A-AC893-30K,5.03,3.000,15.09,25,2.98,●,28,28,1200,9,195,0,195,2024-11-08,2024-11-07,2024-11-08,2024-11-08,0,0,0,0,0,0,0,0,0,0,0,0,0,0,0,0,0,0,0,0,0,0,0,0,0,0,1,VN,1.08312,2.72,0.0000,0.0000
2024-11-07,1.02,CQ80T3-V01C-ZZZ,C2Q80A-AD142-30K,7.9,3.000,23.7,35,4.17,●,5,5,1200,14,58,10,48,2024-11-18,2024-11-14,2024-11-18,2024-11-18,0,0,0,4,0,0,5,0,0,0,0,0,0,0,0,0,0,0,1,0,0,0,0,0,0,0,2,Dubai,1.35212,1.02,0.0000,0.0000
2024-11-07,0.87,CQA0T3-V01C-ZZZ,C2QA0A-AD143-30K,10.371,3.000,31.113,45,5.36,◎,5,5,1200,14,39,23,16,2024-11-25,2024-11-18,2024-11-25,2024-11-26,0,18,0,1,0,0,3,0,0,0,0,0,0,0,0,0,0,0,0,0,0,0,0,0,1,0,2,Dubai,1.40012,0.87,0.0000,0.0000
2024-11-07,0.55,MXQ12B-V01D,P3802501B-M,1.36,2.000,2.72,35,4.17,●,10,4,600,9,82,3,79,2024-11-08,2024-11-07,2024-11-08,2024-11-13,0,2,0,1,0,0,0,0,0,0,0,0,0,0,0,0,0,0,0,0,0,0,0,0,0,0,1,VN,0.40552,0.55,0.0000,0.0000
2024-11-07,2.12,CP9632T-V02B,C9632ABAC958-30K,1.2447,3.000,3.734,40,4.76,●,17,17,600,9,253,3,250,2024-11-08,2024-11-07,2024-11-08,2024-11-20,0,0,0,1,0,0,0,0,0,0,0,0,0,0,0,0,0,0,0,0,0,0,0,0,0,2,1,VN,0.44632,2.12,0.0000,0.0000
2024-11-07,2.08,MXS20B-V01D,P3800501B-M,3.66,2.000,7.32,25,2.98,●,21,21,1200,9,335,63,272,2024-11-08,2024-11-08,,2024-11-15,0,0,0,0,0,0,0,0,0,61,0,0,0,0,2,0,0,0,0,0,0,0,0,0,0,0,1,VN,1.17712,2.08,0.0000,0.0000
2024-11-07,3.42,MGPM40B2-V01D,MGP40A-AC896-30K,9.68,3.000,29.04,35,4.17,●,33,33,1200,9,98,3,95,2024-11-11,2024-11-08,2024-11-13,2024-11-13,0,1,0,0,0,0,2,0,0,0,0,0,0,0,0,0,0,0,0,0,0,0,0,0,0,0,1,VN,0.83302,3.42,0.0000,0.0000
2024-11-07,2.50,CP9650T-V01B,C9650ABAC960-30K,2.3463,3.000,7.039,35,4.17,●,28,28,600,9,195,4,191,2024-11-11,2024-11-11,2024-11-12,2024-11-20,0,0,0,0,0,0,0,0,0,0,0,0,0,0,0,0,0,0,0,0,0,0,0,0,0,4,1,VN,0.54902,2.50,0.0000,0.0000
2024-11-06,1.08,MB63TD-V01C,S409A63T68X63X30,1.83874,5.300,9.745,25,2.98,〇,10,10,600,9,49,,,,2024-11-06,,,0,0,0,0,0,0,0,0,0,0,0,0,0,0,0,0,0,0,0,0,0,0,0,0,0,0,1,Dubai,0.44082,1.08,0.0000,0.0000
2024-11-06,2.97,CM25AS-V01D,C2M025K03-68715B,2.171,3.000,6.513,45,5.36,●,35,35,600,9,279,1,278,2024-11-06,2024-11-06,2024-11-07,2024-11-08,0,0,0,0,0,0,0,0,0,0,0,0,0,0,0,0,0,0,0,1,0,0,0,0,0,0,1,Dubai,0.61252,2.97,0.0000,0.0000
2024-11-06,3.20,PS80-V01D,S500A61T80X17X20,13.028,2.000,26.056,50,5.95,●,24,24,1200,14,215,10,205,2024-11-08,2024-11-06,2024-11-07,2024-11-11,0,0,2,0,0,0,1,1,0,0,0,0,0,0,0,0,0,0,0,4,0,0,2,0,0,0,2,Dubai,1.75062,3.20,0.0000,0.0000
2024-11-06,1.95,MGPM25B2-V01D,MGP25A-AC894-30K,6.19,3.000,18.57,35,4.17,●,35,16,1200,9,95,0,95,2024-11-07,2024-11-07,2024-11-07,2024-11-07,0,0,0,0,0,0,0,0,0,0,0,0,0,0,0,0,0,0,0,0,0,0,0,0,0,0,1,VN,0.90472,1.95,0.0000,0.0000
2024-11-06,2.00,MXQ16B-V01D,P3802601B-M,2.15,2.000,4.3,35,4.17,●,24,24,600,9,287,6,281,2024-11-08,2024-11-06,2024-11-08,2024-11-11,0,0,0,1,0,0,5,0,0,0,0,0,0,0,0,0,0,0,0,0,0,0,0,0,0,0,1,VN,0.61712,2.00,0.0000,0.0000
2024-11-06,1.97,MXS25E-V01D,P3800603-MH1,10.764,2.000,21.528,35,4.17,◎,8,8,1200,14,95,69,26,2024-11-14,2024-11-06,2024-11-13,2024-11-14,0,0,0,53,0,0,3,0,0,13,0,0,0,0,0,0,0,0,0,0,0,0,0,0,0,0,2,Dubai,1.03992,1.97,0.0000,0.0000
2024-11-06,0.83,CQ12TH-V01D,C2Q012K04-56563,1.0503,2.000,2.101,25,2.98,●,8,7,600,9,181,7,174,2024-11-08,2024-11-06,2024-11-08,2025-01-07,0,7,0,0,0,0,0,0,0,0,0,0,0,0,0,0,0,0,0,0,0,0,0,0,0,0,1,Dubai,0.45632,0.83,0.0000,0.0000
2024-11-06,2.67,CP9663T-V03B,C9663ABAC961-30K,2.5272,3.000,7.582,60,7.14,●,28,21,1200,9,293,3,290,2024-11-07,2024-11-07,2024-11-07,2024-11-15,0,0,0,0,0,0,2,0,0,0,0,0,0,0,0,0,0,0,0,0,0,0,0,1,0,0,1,VN,0.83302,2.67,0.0000,0.0000
2024-11-06,2.08,CP9640T-V01B,C9640ABAC959-30K,1.3959,3.000,4.188,25,2.98,●,28,18,600,9,232,15,217,2024-11-08,2024-11-07,2024-11-08,2024-11-13,0,0,0,0,0,0,0,0,0,0,0,0,0,0,0,0,0,0,0,0,0,0,0,0,0,15,1,VN,0.46632,2.08,0.0000,0.0000
2024-11-06,0.33,CUJ10A-V01D,CUJ10A-P7103A20K,0.691,2.000,1.382,35,4.17,〇,1,1,600,9,1,1,0,2024-11-22,,,,0,0,0,0,0,0,1,0,0,0,0,0,0,0,0,0,0,0,0,0,0,0,0,0,0,0,1,VN,0.00412,0.33,0.0000,0.0000
2024-11-06,1.58,MGPL25B2-V01D,MGP25A-AC904-30K,5.51,3.000,16.53,25,2.98,●,35,14,1200,9,97,0,97,2024-11-07,2024-11-07,2024-11-08,2024-11-08,0,0,0,0,0,0,0,0,0,0,0,0,0,0,0,0,0,0,0,0,0,0,0,0,0,0,1,VN,1.01272,1.58,0.0000,0.0000
2024-11-05,1.83,CM20AS-V01D,C2M020K03-68714B,1.452,3.000,4.356,50,5.95,●,24,22,600,9,263,4,259,2024-11-06,2024-11-05,2024-11-06,2024-11-06,0,0,0,4,0,0,0,0,0,0,0,0,0,0,0,0,0,0,0,0,0,0,0,0,0,0,1,Dubai,0.62492,1.83,0.0000,0.0000
2024-11-05,1.88,MGPM20B2-V02D,MGP20A-AC893-30K,5.03,3.000,15.09,25,2.98,●,20,14,1200,9,97,14,83,2024-11-06,2024-11-05,2024-11-07,2024-11-07,0,0,0,1,0,0,0,0,0,13,0,0,0,0,0,0,0,0,0,0,0,0,0,0,0,0,1,VN,0.77722,1.88,0.0000,0.0000
2024-11-05,2.55,PS80-V01D,S500A61T80X17X20,13.028,2.000,26.056,50,5.95,●,24,18,1200,14,161,11,150,2024-11-07,2024-11-06,2024-11-07,2024-11-07,0,0,2,0,0,0,6,0,0,0,0,0,0,0,0,0,0,0,0,0,0,0,3,0,0,0,2,Dubai,1.64512,2.55,0.0000,0.0000
2024-11-05,2.17,CP9650T-V02B,C9650ABAC960-30K,2.3463,3.000,7.039,45,5.36,●,42,42,600,9,294,5,289,2024-11-06,2024-11-06,2024-11-06,2024-11-15,0,0,0,0,0,0,0,0,0,0,0,0,0,0,0,0,0,0,0,0,0,0,0,0,0,5,1,VN,0.95512,2.17,0.0000,0.0000
2024-11-05,0.58,MXS25E-V01D,P3800603-MH1,10.764,2.000,21.528,35,4.17,〇,8,2,1200,14,23,20,3,2024-11-12,2024-11-06,2024-11-08,2024-11-14,0,0,0,9,0,0,11,0,0,0,0,0,0,0,0,0,0,0,0,0,0,0,0,0,0,0,2,Dubai,0.84882,0.58,0.0000,0.0000
2024-11-05,1.00,MXS12B-V01D,P3800301B-M,1.66,2.000,3.32,35,4.17,●,7,7,600,9,111,5,106,2024-11-07,2024-11-05,2024-11-08,2024-11-08,0,2,0,0,0,0,3,0,0,0,0,0,0,0,0,0,0,0,0,0,0,0,0,0,0,0,1,VN,0.36852,1.00,0.0000,0.0000
2024-11-05,1.50,CP9632T-V03B,C9632ABAC958-30K,1.2447,3.000,3.734,40,4.76,●,21,7,600,9,104,45,59,2024-11-07,2024-11-05,2024-11-07,2024-11-15,0,44,0,0,0,0,0,0,0,0,0,0,0,0,0,0,0,0,1,0,0,0,0,0,0,0,1,VN,0.25892,1.50,0.0000,0.0000
2024-11-05,2.00,CA32T-V02C,S370A63T38X32X30,0.877,3.000,2.631,35,4.17,●,7,7,600,9,140,0,140,2024-11-06,2024-11-05,2024-11-06,2024-11-10,0,0,0,0,0,0,0,0,0,0,0,0,0,0,0,0,0,0,0,0,0,0,0,0,0,0,1,VN,0.18422,2.00,0.0000,0.0000
2024-11-05,1.00,MGPM32B2-V02D,MGP32A-AC895-30K,8.15,3.000,24.45,25,2.98,●,30,12,1200,9,46,1,45,2024-11-06,2024-11-07,0000-00-00,2024-11-07,0,0,0,0,0,0,0,0,0,1,0,0,0,0,0,0,0,0,0,0,0,0,0,0,0,0,1,VN,1.12472,1.00,0.0000,0.0000
2024-11-05,1.33,MB50T-V02C,S369A63T55X50X30,1.11274,3.000,3.338,25,2.98,●,8,8,600,9,126,2,124,2024-11-07,2024-11-06,2024-11-06,2025-02-06,0,0,0,0,0,0,2,0,0,0,0,0,0,0,0,0,0,0,0,0,0,0,0,0,0,0,1,VN,0.31552,1.33,0.0000,0.0000
2024-11-04,1.83,CM40AS-V01D,C2M040K03-68717B,4.311,3.000,12.933,35,4.17,●,14,14,1200,9,112,6,106,2024-11-04,2024-11-04,2024-11-05,2024-11-05,0,0,0,0,0,0,0,0,0,0,0,0,0,0,0,0,0,0,0,6,0,0,0,0,0,0,1,Dubai,0.79012,1.83,0.0000,0.0000
2024-11-04,1.47,MB32T-V03C,S369A63T36X32X30,0.5777,3.000,1.733,25,2.98,●,7,7,600,9,207,24,183,2024-11-06,2024-11-04,2024-11-06,2025-04-04,0,0,0,0,0,0,0,0,0,0,0,0,0,0,0,0,0,0,0,0,0,0,0,0,11,13,1,VN,0.24462,1.47,0.0000,0.0000
2024-11-04,0.50,CUJ04A-V01D,CUJ04A-P7100A20K,0.37,2.000,0.74,35,4.17,〇,1,1,600,9,1,0,1,,,,,0,0,0,0,0,0,0,0,0,0,0,0,0,0,0,0,0,0,0,0,0,0,0,0,0,0,1,VN,0.00152,0.50,0.0000,0.0000
2024-11-04,2.37,MGPM32B2-V01D,MGP32A-AC895-30K,8.15,3.000,24.45,25,2.98,●,30,30,1200,9,119,5,114,2024-11-06,2024-11-04,2024-11-06,2024-11-07,0,0,0,5,0,0,0,0,0,0,0,0,0,0,0,0,0,0,0,0,0,0,0,0,0,0,1,VN,1.22942,2.37,0.0000,0.0000
2024-11-04,1.47,CUJ06A-V01D,CUJ06A-P7101A20K,0.581,2.000,1.162,35,4.17,〇,1,1,600,9,1,0,1,,,,,0,0,0,0,0,0,0,0,0,0,0,0,0,0,0,0,0,0,0,0,0,0,0,0,0,0,1,VN,0.00082,1.47,0.0000,0.0000
2024-11-04,1.70,MXS16B-V01D,P3800401B-M,2.6,2.000,5.2,60,7.14,●,21,7,1200,9,153,32,121,2024-11-06,2024-11-04,2024-11-05,2024-11-07,0,17,0,1,0,0,13,0,0,0,0,0,0,0,0,0,0,0,1,0,0,0,0,0,0,0,1,VN,0.46802,1.70,0.0000,0.0000
2024-11-04,2.50,MGPL20B2-V02D,MGP20A-AC903-30K,4.49,3.000,13.47,25,2.98,●,21,21,1200,9,167,0,167,2024-11-06,2024-11-04,2024-11-05,2024-11-06,0,0,0,0,0,0,0,0,0,0,0,0,0,0,0,0,0,0,0,0,0,0,0,0,0,0,1,VN,0.89982,2.50,0.0000,0.0000
2024-11-04,4.17,MGPM40B2-V02D,MGP40A-AC896-30K,9.68,3.000,29.04,25,2.98,●,36,36,1200,9,107,1,106,2024-11-05,2024-11-05,2024-11-05,2024-11-07,0,0,0,1,0,0,0,0,0,0,0,0,0,0,0,0,0,0,0,0,0,0,0,0,0,0,1,VN,0.74572,4.17,0.0000,0.0000
2024-11-04,1.00,CQ32T3-V01B-ZZZ,C2Q32A-AD138A30K,2.30985,3.000,6.93,25,2.98,●,14,14,600,9,111,1,110,2024-11-06,2024-11-05,2024-11-06,2024-11-07,0,0,0,0,0,0,0,0,0,0,0,0,0,0,0,0,0,0,0,1,0,0,0,0,0,0,1,VN,0.76922,1.00,0.0000,0.0000
2024-10-31,0.33,CAA0T-V01C,S370A63T110X100X30,4.39591,3.000,13.188,25,2.98,〇,1,1,1200,9,1,1,0,2024-11-04,,,,0,0,0,0,0,0,1,0,0,0,0,0,0,0,0,0,0,0,0,0,0,0,0,0,0,0,1,VN,0.03962,0.33,0.0000,0.0000
2024-10-31,1.00,MB50T-V03C,S369A63T55X50X30,1.11274,3.000,3.338,25,2.98,●,14,14,600,9,221,17,204,2024-11-01,2024-10-31,2024-11-05,0000-00-00,0,0,0,1,0,0,2,0,0,0,0,0,0,0,0,0,0,0,0,0,0,0,0,0,0,14,1,VN,0.73772,1.00,0.0000,0.0000
2024-10-31,2.43,PS80-V01D,S500A61T80X17X20,13.028,2.000,26.056,50,5.95,●,20,16,1200,14,143,11,132,2024-11-05,2024-10-31,2024-11-05,2024-11-05,0,0,3,0,0,0,0,0,0,0,0,0,0,0,0,0,0,0,0,1,0,0,7,0,0,0,2,Dubai,1.53122,2.43,0.0000,0.0000
2024-10-31,3.58,MGPM25B2-V02D,MGP25A-AC894-30K,6.19,3.000,18.57,35,4.17,●,42,42,1200,9,251,4,247,2024-11-05,2024-10-31,2024-11-05,2024-11-07,0,0,0,4,0,0,0,0,0,0,0,0,0,0,0,0,0,0,0,0,0,0,0,0,0,0,1,VN,1.30082,3.58,0.0000,0.0000
2024-10-31,1.08,MB40T-V01C,S369A63T45X40X30,0.90079,3.000,2.702,25,2.98,●,7,6,600,9,119,14,105,2024-11-05,2024-10-31,2024-11-05,2024-11-12,0,0,0,0,0,0,0,0,0,0,0,0,0,0,0,0,0,0,0,0,0,0,0,0,0,14,1,VN,0.29682,1.08,0.0000,0.0000
2024-10-31,0.40,MYB63H1-V01D,MYB63-02-A7166-K,28.542,2.000,57.084,35,4.17,〇,2,2,1200,14,1,,,,,,,0,0,0,0,0,0,0,0,0,0,0,0,0,0,0,0,0,0,0,0,0,0,0,0,0,0,2,Dubai,0.14272,0.40,0.0000,0.0000
2024-10-31,0.33,MB32T-V01C,S369A63T36X32X30,0.5777,3.000,1.733,25,2.98,●,7,1,600,9,30,0,30,2024-11-04,2024-10-31,2024-11-01,2024-11-12,0,0,0,0,0,0,0,0,0,0,0,0,0,0,0,0,0,0,0,0,0,0,0,0,0,0,1,VN,0.15602,0.33,0.0000,0.0000
2024-10-31,3.43,MGPM32B2-V02D,MGP32A-AC895-30K,8.15,3.000,24.45,25,2.98,●,30,30,1200,9,119,1,118,2024-11-05,2024-10-31,2024-11-05,2024-11-05,0,0,0,1,0,0,0,0,0,0,0,0,0,0,0,0,0,0,0,0,0,0,0,0,0,0,1,VN,0.84742,3.43,0.0000,0.0000
2024-10-31,0.97,MXS08B-V01D,P3800201B-M,1,2.000,2,35,4.17,●,21,4,600,9,103,5,98,2024-11-05,2024-10-31,2024-11-06,2024-11-06,0,0,0,0,0,0,5,0,0,0,0,0,0,0,0,0,0,0,0,0,0,0,0,0,0,0,1,VN,0.21312,0.97,0.0000,0.0000
2024-10-31,1.28,MB50T-V01C,S369A63T55X50X30,1.11274,3.000,3.338,25,2.98,●,14,6,600,9,95,5,90,2024-11-05,2024-10-31,2024-11-05,,0,4,0,0,0,0,1,0,0,0,0,0,0,0,0,0,0,0,0,0,0,0,0,0,0,0,1,VN,0.24712,1.28,0.0000,0.0000
2024-10-31,2.32,CP9663T-V02B,C9663ABAC961-30K,2.5272,3.000,7.582,60,7.14,●,28,16,1200,9,223,7,216,2024-11-04,2024-11-05,2024-11-06,2024-11-14,0,0,0,0,0,0,0,0,0,0,0,0,0,0,0,0,0,0,1,0,0,0,0,0,0,6,1,VN,0.72982,2.32,0.0000,0.0000
2024-10-30,18.52,CA40T-V03C,S370A63T47X40X30,1.27444,3.000,3.823,35,4.17,〇,10,5,600,9,1,1,0,,,,,0,0,0,0,0,0,1,0,0,0,0,0,0,0,0,0,0,0,0,0,0,0,0,0,0,0,1,VN,0.00022,18.52,0.0000,0.0000
2024-10-30,2.62,MGPM20B2-V02D,MGP20A-AC893-30K,5.03,3.000,15.09,25,2.98,●,28,26,1200,9,181,0,181,2024-11-04,2024-10-30,2024-11-04,2024-11-04,0,0,0,0,0,0,0,0,0,0,0,0,0,0,0,0,0,0,0,0,0,0,0,0,0,0,1,VN,1.04382,2.62,0.0000,0.0000
2024-10-30,0.58,LEF32MM0-V01D,LEF32-8D-HF,7.716,2.000,15.432,35,4.17,〇,1,1,1200,14,1,,,,,,,0,0,0,0,0,0,0,0,0,0,0,0,0,0,0,0,0,0,0,0,0,0,0,0,0,0,2,Dubai,0.02652,0.58,0.0000,0.0000
2024-10-30,2.37,MXS25B-V01D,P3800601B-M,5.17,2.000,10.34,35,4.17,●,34,34,1200,9,367,13,354,2024-10-31,2024-10-30,2024-10-31,2024-10-31,0,0,0,6,0,0,3,0,0,0,0,0,0,0,0,0,0,0,0,0,0,0,4,0,0,0,1,VN,1.60342,2.37,0.0000,0.0000
2024-10-30,0.57,MYM50H3-V01D,MYM50LAK0502-20K,27.694,2.000,55.388,35,4.17,〇,2,2,1200,14,1,,,,,,,0,0,0,0,0,0,0,0,0,0,0,0,0,0,0,0,0,0,0,0,0,0,0,0,0,0,2,Dubai,0.09772,0.57,0.0000,0.0000
2024-10-30,0.43,MYM63H2-V01D,MYM63-02-K0503-K,38.961,2.000,77.922,35,4.17,〇,2,2,1200,14,1,,,,,,,0,0,0,0,0,0,0,0,0,0,0,0,0,0,0,0,0,0,0,0,0,0,0,0,0,0,2,Dubai,0.17982,0.43,0.0000,0.0000
2024-10-30,0.87,CA40T-V01C,S370A63T47X40X30,1.27444,3.000,3.823,35,4.17,●,10,10,600,9,138,15,123,2024-10-31,2024-10-30,2024-10-31,2024-11-11,0,0,0,0,0,0,0,0,0,0,0,0,0,0,0,0,0,0,0,0,0,0,0,0,0,15,1,VN,0.60882,0.87,0.0000,0.0000
2024-10-30,2.15,CP9632T-V02B,C9632ABAC958-30K,1.2447,3.000,3.734,40,4.76,●,28,15,600,9,224,10,214,2024-11-04,2024-10-31,2024-11-04,2024-11-11,0,0,0,1,0,0,0,0,0,0,0,0,0,0,0,0,0,0,0,2,0,0,0,0,0,7,1,VN,0.38902,2.15,0.0000,0.0000
2024-10-30,3.20,CP9663T-V02B,C9663ABAC961-30K,2.5272,3.000,7.582,60,7.14,●,28,22,1200,9,307,17,290,2024-11-04,2024-10-31,2024-11-04,2024-11-11,0,0,0,0,0,0,1,0,0,0,0,0,0,0,0,0,0,0,0,0,0,0,0,0,0,16,1,VN,0.72742,3.20,0.0000,0.0000
2024-10-30,0.55,MXS12B-V01D,P3800301B-M,1.66,2.000,3.32,35,4.17,〇,28,2,600,9,1,,,,,,,0,0,0,0,0,0,0,0,0,0,0,0,0,0,0,0,0,0,0,0,0,0,0,0,0,0,1,VN,0.00602,0.55,0.0000,0.0000
2024-10-30,3.20,MGPL40B2-V01D,MGP40A-AC906-30K,8.64,3.000,25.92,25,2.98,●,30,27,1200,9,107,6,101,2024-11-04,2024-10-31,2024-11-04,2024-11-05,0,2,0,0,0,0,1,0,0,0,0,0,0,0,0,0,0,0,0,2,0,1,0,0,0,0,1,VN,0.86672,3.20,0.0000,0.0000
2024-10-29,2.50,MGPM40B2-V02D,MGP40A-AC896-30K,9.68,3.000,29.04,25,2.98,●,21,21,1200,9,62,5,57,2024-11-05,2024-10-29,2024-11-08,2024-11-05,0,2,0,2,0,0,1,0,0,0,0,0,0,0,0,0,0,0,0,0,0,0,0,0,0,0,1,VN,0.72022,2.50,0.0000,0.0000
2024-10-29,3.92,MGPM25B2-V01D,MGP25A-AC894-30K,6.19,3.000,18.57,35,4.17,●,42,38,1200,9,227,5,222,2024-10-31,2024-10-29,2024-10-31,2024-11-04,0,0,0,0,0,0,0,0,0,0,0,0,0,0,0,0,0,0,0,5,0,0,0,0,0,0,1,VN,1.07632,3.92,0.0000,0.0000
2024-10-29,0.50,MXQ16B-V01D,P3802601B-M,2.15,2.000,4.3,35,4.17,〇,24,3,600,9,1,1,0,,,,,0,1,0,0,0,0,0,0,0,0,0,0,0,0,0,0,0,0,0,0,0,0,0,0,0,0,1,VN,0.00862,0.50,0.0000,0.0000
2024-10-29,1.08,CA32T-V02C,S370A63T38X32X30,0.877,3.000,2.631,35,4.17,●,14,8,600,9,160,7,153,2024-10-30,2024-10-30,2024-11-06,2024-11-06,0,0,0,0,0,0,0,0,0,0,0,0,0,0,0,0,0,0,0,0,0,0,1,0,0,6,1,VN,0.38862,1.08,0.0000,0.0000
2024-10-29,3.15,CP9663T-V03B,C9663ABAC961-30K,2.5272,3.000,7.582,60,7.14,●,35,20,1200,9,279,20,259,2024-10-30,2024-10-30,2024-10-30,2024-11-04,0,0,0,6,0,0,2,0,0,0,0,0,0,0,0,0,1,0,0,0,0,0,0,0,0,11,1,VN,0.67152,3.15,0.0000,0.0000
2024-10-29,3.92,MGPM20B2-V01D,MGP20A-AC893-30K,5.03,3.000,15.09,25,2.98,●,40,40,1200,9,279,3,276,2024-11-04,2024-10-30,2024-11-04,2024-11-05,0,0,0,3,0,0,0,0,0,0,0,0,0,0,0,0,0,0,0,0,0,0,0,0,0,0,1,VN,1.07492,3.92,0.0000,0.0000
2024-10-29,0.93,MB40T-V01C,S369A63T45X40X30,0.90079,3.000,2.702,25,2.98,●,10,10,600,9,199,8,191,2024-10-31,2024-10-31,2024-10-31,2024-11-11,0,0,0,0,0,0,2,0,0,0,0,0,0,0,0,0,0,0,0,0,0,0,0,0,0,6,1,VN,0.57622,0.93,0.0000,0.0000
2024-10-28,1.25,MXS12B-V01D,P3800301B-M,1.66,2.000,3.32,35,4.17,●,28,5,600,9,80,1,79,2024-11-05,2024-10-28,2024-11-05,2024-11-06,0,0,0,1,0,0,0,0,0,0,0,0,0,0,0,0,0,0,0,0,0,0,0,0,0,0,1,VN,0.21252,1.25,0.0000,0.0000
2024-10-28,3.00,MGPM25B2-V02D,MGP25A-AC894-30K,6.19,3.000,18.57,35,4.17,●,35,34,1200,9,203,12,191,2024-10-30,2024-10-28,2024-10-30,2024-10-30,0,0,0,5,0,0,2,0,0,5,0,0,0,0,0,0,0,0,0,0,0,0,0,0,0,0,1,VN,1.25662,3.00,0.0000,0.0000
2024-10-28,1.33,PS80-V01D,S500A61T80X17X20,13.028,2.000,26.056,50,5.95,●,10,10,1200,14,99,18,81,2024-10-29,2024-10-29,2024-10-29,2024-10-30,0,0,0,0,0,0,8,0,0,0,0,0,0,0,0,0,0,0,0,8,0,0,2,0,0,0,2,Dubai,1.93472,1.33,0.0000,0.0000
2024-10-28,2.50,MXQ25B-V01D,P3802801B-M,4.46,2.000,8.92,35,4.17,●,34,34,1200,9,407,11,396,2024-10-29,2024-10-29,2024-10-29,2024-10-30,0,0,0,11,0,0,0,0,0,0,0,0,0,0,0,0,0,0,0,0,0,0,0,0,0,0,1,VN,1.45222,2.50,0.0000,0.0000
2024-10-28,0.67,CP9632T-V02B,C9632ABAC958-30K,1.2447,3.000,3.734,40,4.76,●,35,16,600,9,239,29,210,2024-10-31,2024-10-29,2024-10-31,2024-11-07,0,0,0,0,0,0,15,0,0,0,0,0,0,0,0,0,0,0,0,0,0,0,0,0,0,14,1,VN,1.33872,0.67,0.0000,0.0000
2024-10-28,1.12,MXS16E-V01D,P3800403-MH2,4.703,2.000,9.406,25,2.98,●,7,7,1200,9,82,0,82,2024-10-30,2024-10-29,2024-10-31,2024-10-31,0,0,0,0,0,0,0,0,0,0,0,0,0,0,0,0,0,0,0,0,0,0,0,0,0,0,1,Dubai,0.69072,1.12,0.0000,0.0000
2024-10-28,1.03,MXS25B-V01D,P3800601B-M,5.17,2.000,10.34,35,4.17,〇,34,5,1200,9,1,,,,2024-10-28,,,0,0,0,0,0,0,0,0,0,0,0,0,0,0,0,0,0,0,0,0,0,0,0,0,0,0,1,VN,0.01002,1.03,0.0000,0.0000
2024-10-28,1.62,MXS20B-V01D,P3800501B-M,3.66,2.000,7.32,25,2.98,●,28,15,1200,9,239,1,238,2024-10-30,2024-10-30,2024-10-30,2024-10-30,0,0,0,0,0,0,0,0,0,0,0,0,0,0,0,0,0,0,0,1,0,0,0,0,0,0,1,VN,1.08222,1.62,0.0000,0.0000
2024-10-28,2.27,MGPM40B2-V01D,MGP40A-AC896-30K,9.68,3.000,29.04,35,4.17,●,21,18,1200,9,54,4,50,2024-10-31,2024-10-29,2024-10-31,2024-11-04,0,0,0,0,0,0,0,0,0,0,0,0,0,0,0,0,0,0,0,3,0,0,0,1,0,0,1,VN,0.69182,2.27,0.0000,0.0000
2024-10-25,3.10,CP9650T-V02B,C9650ABAC960-30K,2.3463,3.000,7.039,45,5.36,●,35,35,600,9,245,9,236,2024-10-30,2024-10-28,2024-10-28,2024-11-15,0,0,0,0,0,0,1,0,0,0,0,0,0,0,0,0,0,0,0,0,0,0,0,0,0,8,1,VN,0.55632,3.10,0.0000,0.0000
2024-10-25,0.28,MSQ10BB2-V01E,P8910180-D,2.9,2.010,5.829,25,2.98,〇,1,1,1200,9,1,,,,,,,0,0,0,0,0,0,0,0,0,0,0,0,0,0,0,0,0,0,0,0,0,0,0,0,0,0,1,VN,0.02062,0.28,0.0000,0.0000
2024-10-25,0.25,CXS10P-V01D,CXS10J-28747-20K,0.345,2.000,0.69,35,4.17,〇,1,1,600,9,1,,,,,,,0,0,0,0,0,0,0,0,0,0,0,0,0,0,0,0,0,0,0,0,0,0,0,0,0,0,1,VN,0.00282,0.25,0.0000,0.0000
2024-10-25,2.88,CP9663T-V02B,C9663ABAC961-30K,2.5272,3.000,7.582,60,7.14,●,28,15,1200,9,209,21,188,2024-10-29,2024-10-28,2024-10-29,2024-11-05,0,0,0,0,0,3,3,5,0,0,0,0,0,0,0,0,6,0,0,0,0,0,0,0,0,4,1,VN,0.54962,2.88,0.0000,0.0000
2024-10-25,0.35,MSQ20BB2-V01E,P8910280-D,4.7,2.000,9.4,25,2.98,〇,1,1,1200,9,1,,,,,,,0,0,0,0,0,0,0,0,0,0,0,0,0,0,0,0,0,0,0,0,0,0,0,0,0,0,1,VN,0.02692,0.35,0.0000,0.0000
2024-10-25,1.13,MXQ12B-V01D,P3802501B-M,1.36,2.000,2.72,35,4.17,●,18,7,600,9,146,45,101,2024-11-11,2024-10-28,2024-10-28,2024-11-13,0,42,0,3,0,0,0,0,0,0,0,0,0,0,0,0,0,0,0,0,0,0,0,0,0,0,1,VN,0.35042,1.13,0.0000,0.0000
2024-10-25,3.25,MGPM20B2-V01D,MGP20A-AC893-30K,5.03,3.000,15.09,25,2.98,●,39,39,1200,9,271,7,264,2024-10-29,2024-10-28,2024-10-29,2024-10-29,0,1,0,3,0,0,0,0,0,0,0,0,0,0,0,0,0,0,0,2,0,0,1,0,0,0,1,VN,1.25832,3.25,0.0000,0.0000
2024-10-25,0.50,MXS08B-V01D,P3800201B-M,1,2.000,2,35,4.17,●,2,2,600,9,51,1,50,2024-11-04,2024-10-29,2024-11-01,2024-11-04,0,0,0,0,0,0,0,0,0,0,0,0,0,0,0,0,0,0,0,1,0,0,0,0,0,0,1,VN,0.20402,0.50,0.0000,0.0000
2024-10-25,0.92,MGPL20B2-V01D,MGP20A-AC903-30K,4.49,3.000,13.47,25,2.98,●,5,5,1200,9,40,0,40,2024-10-30,2024-10-28,2024-10-30,2024-10-30,0,0,0,0,0,0,0,0,0,0,0,0,0,0,0,0,0,0,0,0,0,0,0,0,0,0,1,VN,0.58782,0.92,0.0000,0.0000
2024-10-25,1.25,MB50T-V01C,S369A63T55X50X30,1.11274,3.000,3.338,25,2.98,●,14,10,600,9,159,51,108,2024-10-29,2024-10-28,2024-10-29,2024-10-31,0,3,0,44,0,0,0,0,0,0,0,0,0,0,0,0,0,0,0,0,0,0,1,0,0,3,1,VN,0.42462,1.25,0.0000,0.0000
2024-10-24,2.95,CP9650T-V03B,C9650ABAC960-30K,2.3463,3.000,7.039,35,4.17,●,35,35,600,9,245,6,239,2024-10-28,2024-10-25,2024-10-28,2024-10-29,0,0,0,1,0,0,0,0,0,0,0,0,0,0,0,0,0,0,0,0,0,0,0,0,0,5,1,VN,0.58462,2.95,0.0000,0.0000
2024-10-24,0.22,MSQ10TB-V01E,P8910170-D,4.3,2.000,8.6,35,4.17,〇,1,1,1200,9,1,,,,,,,0,0,0,0,0,0,0,0,0,0,0,0,0,0,0,0,0,0,0,0,0,0,0,0,0,0,1,VN,0.03972,0.22,0.0000,0.0000
2024-10-24,1.20,PS80-V01D,S500A61T80X17X20,13.028,2.000,26.056,50,5.95,●,20,10,1200,14,90,5,85,2024-10-25,2024-10-24,2024-10-28,2024-10-28,0,0,0,0,0,0,0,0,0,0,0,0,0,0,0,0,0,0,0,0,0,0,5,0,0,0,2,Dubai,1.95422,1.20,0.0000,0.0000
2024-10-24,2.97,CP9663T-V03B,C9663ABAC961-30K,2.5272,3.000,7.582,60,7.14,●,21,21,1200,9,293,21,272,2024-10-29,2024-10-25,2024-10-29,2024-11-04,0,0,0,0,0,0,9,0,0,0,0,0,0,0,0,0,6,0,0,0,0,0,0,0,0,6,1,VN,0.74882,2.97,0.0000,0.0000
2024-10-24,1.15,MHM50B1-V01D,P7471701-M,6.96,2.000,13.92,35,4.17,●,5,3,1200,14,55,1,54,2024-10-30,2024-10-24,2024-10-30,2024-12-02,0,0,0,1,0,0,0,0,0,0,0,0,0,0,0,0,0,0,0,0,0,0,0,0,0,0,2,Dubai,0.66572,1.15,0.0000,0.0000
2024-10-24,0.47,CP9680T-V01B,C9680ABAC962A30K,4.02,3.000,12.06,35,4.17,〇,1,1,1200,14,1,,,,,,,0,0,0,0,0,0,0,0,0,0,0,0,0,0,0,0,0,0,0,0,0,0,0,0,0,0,1,Dubai,0.02582,0.47,0.0000,0.0000
2024-10-24,0.42,CP96A2T-V01B,C96A2ABAC964A30K,7.719,3.000,23.157,35,4.17,〇,1,1,1200,14,1,,,,,,,0,0,0,0,0,0,0,0,0,0,0,0,0,0,0,0,0,0,0,0,0,0,0,0,0,0,2,Dubai,0.05562,0.42,0.0000,0.0000
2024-10-24,2.12,MXS20B-V01D,P3800501B-M,3.66,2.000,7.32,25,2.98,●,28,28,1200,9,447,2,445,2024-10-29,2024-10-25,2024-10-29,2024-10-29,0,0,0,2,0,0,0,0,0,0,0,0,0,0,0,0,0,0,0,0,0,0,0,0,0,0,1,VN,1.54582,2.12,0.0000,0.0000
2024-10-24,3.08,MGPM32B2-V02D,MGP32A-AC895-30K,8.15,3.000,24.45,25,2.98,●,30,30,1200,9,119,6,113,2024-10-28,2024-10-28,2024-10-28,2024-10-28,0,0,0,1,0,0,0,0,0,0,0,0,0,0,0,0,0,0,5,0,0,0,0,0,0,0,1,VN,0.94362,3.08,0.0000,0.0000
2024-10-24,1.45,MXS06B-V01D,P3800101B-M,0.73,2.000,1.46,35,4.17,●,8,8,600,9,302,60,242,2024-10-31,2024-10-28,2024-10-31,2024-10-31,0,60,0,0,0,0,0,0,0,0,0,0,0,0,0,0,0,0,0,0,0,0,0,0,0,0,1,VN,0.30412,1.45,0.0000,0.0000
2024-10-24,1.78,MGPM25B2-V01D,MGP25A-AC894-30K,6.19,3.000,18.57,35,4.17,●,28,14,1200,9,83,5,78,2024-10-29,2024-10-28,2024-10-29,2024-10-29,0,5,0,0,0,0,0,0,0,0,0,0,0,0,0,0,0,0,0,0,0,0,0,0,0,0,1,VN,0.86432,1.78,0.0000,0.0000
2024-10-24,0.47,MXQ16B-V01D,P3802601B-M,2.15,2.000,4.3,35,4.17,●,14,5,600,9,60,0,60,2024-10-30,2024-10-28,2024-10-30,2024-10-31,0,0,0,0,0,0,0,0,0,0,0,0,0,0,0,0,0,0,0,0,0,0,0,0,0,0,1,VN,0.55292,0.47,0.0000,0.0000
2024-10-23,0.67,MXS12B-V01D,P3800301B-M,1.66,2.000,3.32,35,4.17,●,21,10,600,9,159,51,108,2024-10-28,2024-10-24,2024-10-28,2024-10-28,0,46,0,5,0,0,0,0,0,0,0,0,0,0,0,0,0,0,0,0,0,0,0,0,0,0,1,VN,0.79182,0.67,0.0000,0.0000
2024-10-23,0.50,CYR63SR-V01D,CYR63E-AX668-30K,1.871,3.000,5.613,25,2.98,〇,1,1,1200,9,1,1,0,2024-10-24,,,,0,0,0,0,0,0,1,0,0,0,0,0,0,0,0,0,0,0,0,0,0,0,0,0,0,0,1,VN,0.01122,0.50,0.0000,0.0000
2024-10-23,3.57,CP9650T-V01B,C9650ABAC960-30K,2.3463,3.000,7.039,35,4.17,●,42,35,600,9,245,35,210,2024-10-28,2024-10-24,2024-10-28,2024-10-29,0,0,0,1,0,0,6,2,0,0,0,0,0,0,0,0,0,0,0,0,0,0,0,0,0,26,1,VN,0.48352,3.57,0.0000,0.0000
2024-10-23,0.43,M1B80T-V01D,MB-80ABL8513-30K,5.24,3.000,15.72,35,4.17,〇,1,1,1200,14,1,,,,,,,0,0,0,0,0,0,0,0,0,0,0,0,0,0,0,0,0,0,0,0,0,0,0,0,0,0,2,Dubai,0.03632,0.43,0.0000,0.0000
2024-10-23,0.57,M1BA0T-V01B,MB-A0ABL8514-30K,6.71,3.000,20.13,35,4.17,〇,2,1,1200,14,1,,,,,,,0,0,0,0,0,0,0,0,0,0,0,0,0,0,0,0,0,0,0,0,0,0,0,0,0,0,2,Dubai,0.03552,0.57,0.0000,0.0000
2024-10-23,0.35,M1BA2T-V01D,MB-A2ABAB708-30K,9.561,3.000,28.683,35,4.17,〇,1,1,1200,14,1,,,,,,,0,0,0,0,0,0,0,0,0,0,0,0,0,0,0,0,0,0,0,0,0,0,0,0,0,0,2,Dubai,0.08202,0.35,0.0000,0.0000
2024-10-23,1.43,MXS16B-V01D,P3800401B-M,2.6,2.000,5.2,60,7.14,●,10,10,1200,9,220,0,220,2024-10-25,2024-10-24,2024-10-25,2024-10-25,0,0,0,0,0,0,0,0,0,0,0,0,0,0,0,0,0,0,0,0,0,0,0,0,0,0,1,VN,0.79812,1.43,0.0000,0.0000
2024-10-23,1.78,CP9640T-V02B,C9640ABAC959-30K,1.3959,3.000,4.188,25,2.98,●,28,14,600,9,182,16,166,2024-10-28,2024-10-24,2024-10-28,2024-10-30,0,13,0,1,0,0,0,0,0,0,0,0,0,0,0,0,0,0,0,0,0,0,0,1,0,1,1,VN,0.42742,1.78,0.0000,0.0000
2024-10-23,1.55,MGPM20B2-V02D,MGP20A-AC893-30K,5.03,3.000,15.09,25,2.98,●,28,11,1200,9,77,1,76,2024-10-24,2024-10-24,2024-10-25,2024-10-25,0,0,0,0,0,0,0,0,0,0,0,0,0,0,0,0,0,0,0,0,0,0,1,0,0,0,1,VN,0.74962,1.55,0.0000,0.0000
2024-10-23,0.83,MB40T-V02C,S369A63T45X40X30,0.90079,3.000,2.702,25,2.98,●,14,5,600,9,99,1,98,2024-10-24,2024-10-23,2024-10-28,2024-10-29,0,0,0,0,0,0,0,0,0,0,0,0,0,0,0,0,0,0,0,0,0,0,0,0,0,1,1,VN,0.32102,0.83,0.0000,0.0000
2024-10-23,0.85,MXQ20B-V01D,P3802701B-M,3.09,2.000,6.18,35,4.17,●,21,20,1200,9,378,23,355,2024-10-25,2024-10-25,2024-10-28,2024-10-28,0,0,0,3,0,0,0,0,0,0,0,0,0,0,0,0,0,0,8,0,0,0,0,0,12,0,1,VN,2.74832,0.85,0.0000,0.0000
2024-10-23,2.65,MGPL40B2-V01D,MGP40A-AC906-30K,8.64,3.000,25.92,25,2.98,●,30,24,1200,9,95,2,93,2024-10-28,2024-10-25,2024-10-28,2024-10-29,0,0,0,2,0,0,0,0,0,0,0,0,0,0,0,0,0,0,0,0,0,0,0,0,0,0,1,VN,0.92922,2.65,0.0000,0.0000
2024-10-22,1.08,MHZ40B-V01D,P4811601-M-1,8.1,2.000,16.2,50,5.95,●,9,9,1200,9,53,5,48,2024-10-25,2024-10-22,2024-10-25,2024-10-25,0,3,0,2,0,0,0,0,0,0,0,0,0,0,0,0,0,0,0,0,0,0,0,0,0,0,1,Dubai,0.79262,1.08,0.0000,0.0000
2024-10-22,0.25,CYR32SR-V01D,CYR32E-AX665-30K,0.879,3.000,2.637,25,2.98,〇,1,1,600,9,1,1,0,2024-10-24,,,,0,0,0,0,0,0,1,0,0,0,0,0,0,0,0,0,0,0,0,0,0,0,0,0,0,0,1,VN,0.01052,0.25,0.0000,0.0000
2024-10-22,0.42,CYR40SR-V01D,CYR40E-AX666-30K,1.087,3.000,3.261,25,2.98,〇,1,1,600,9,1,,,,,,,0,0,0,0,0,0,0,0,0,0,0,0,0,0,0,0,0,0,0,0,0,0,0,0,0,0,1,VN,0.00782,0.42,0.0000,0.0000
2024-10-22,0.92,CP9640T-V03B,C9640ABAC959-30K,1.3959,3.000,4.188,25,2.98,●,28,5,600,9,64,7,57,2024-10-30,2024-10-22,2024-10-30,2024-11-05,0,7,0,0,0,0,0,0,0,0,0,0,0,0,0,0,0,0,0,0,0,0,0,0,0,0,1,VN,0.29242,0.92,0.0000,0.0000
2024-10-22,0.83,CP9640T-V01B,C9640ABAC959-30K,1.3959,3.000,4.188,25,2.98,●,28,15,600,9,195,33,162,2024-10-23,2024-10-23,2024-10-23,2024-10-25,1,0,0,0,0,0,0,0,0,0,0,0,0,0,0,0,0,0,0,0,0,0,0,0,0,32,1,VN,0.97992,0.83,0.0000,0.0000
2024-10-22,1.60,PS80-V01D,S500A61T80X17X20,13.028,2.000,26.056,50,5.95,◎,20,10,1200,14,98,30,68,2024-10-23,2024-10-23,2024-10-23,2024-10-23,0,0,0,5,0,0,0,12,0,0,0,0,0,0,0,0,0,0,3,6,0,0,4,0,0,0,2,Dubai,1.59592,1.60,0.0000,0.0000
2024-10-22,2.17,CP9650T-V02B,C9650ABAC960-30K,2.3463,3.000,7.039,45,5.36,●,28,28,600,9,195,12,183,2024-10-25,2024-10-22,2024-10-25,2024-10-29,0,9,0,0,0,0,0,0,0,0,0,0,0,0,0,0,0,0,0,0,0,0,0,0,0,3,1,VN,0.63352,2.17,0.0000,0.0000
2024-10-22,0.33,MSQ50TB-V01E,P8910470-D,11.7,2.000,23.4,35,4.17,〇,1,1,1200,14,1,,,,,,,0,0,0,0,0,0,0,0,0,0,0,0,0,0,0,0,0,0,0,0,0,0,0,0,0,0,2,Dubai,0.07022,0.33,0.0000,0.0000
2024-10-22,0.72,CP9663T-V02B,C9663ABAC961-30K,2.5272,3.000,7.582,60,7.14,〇,1,2,1200,9,1,,,,,,,0,0,0,0,0,0,0,0,0,0,0,0,0,0,0,0,0,0,0,0,0,0,0,0,0,0,1,VN,0.01062,0.72,0.0000,0.0000
2024-10-22,2.08,MXQ12B-V01D,P3802501B-M,1.36,2.000,2.72,35,4.17,●,21,21,600,9,439,4,435,2024-10-25,2024-10-25,2024-10-25,2024-10-28,0,1,0,1,0,0,0,0,0,0,0,0,0,0,0,0,0,0,0,0,0,0,1,0,0,0,1,VN,0.57322,2.08,0.0000,0.0000
2024-10-22,0.35,CYR25SR-V01D,CYR25E-AX664-30K,0.69,3.000,2.07,25,2.98,〇,1,1,600,9,1,1,0,2024-10-24,,,,0,0,0,0,0,0,1,0,0,0,0,0,0,0,0,0,0,0,0,0,0,0,0,0,0,0,1,VN,0.00592,0.35,0.0000,0.0000
2024-10-22,1.65,MXQ16B-V01D,P3802601B-M,2.15,2.000,4.3,35,4.17,●,14,12,600,9,143,11,132,2024-10-25,2024-10-24,2024-10-25,2024-10-28,0,0,0,0,0,0,11,0,0,0,0,0,0,0,0,0,0,0,0,0,0,0,0,0,0,0,1,VN,,,0.0000,0.0000
2024-10-22,3.08,MGPM40B2-V01D,MGP40A-AC896-30K,9.68,3.000,29.04,35,4.17,●,30,27,1200,9,80,13,67,2024-10-24,2024-10-25,2024-10-24,2024-10-25,0,0,0,0,0,0,8,0,0,0,0,0,0,0,0,0,0,0,5,0,0,0,0,0,0,0,1,VN,0.75352,3.08,0.0000,0.0000
2024-10-21,3.17,MGPL32B2-V02D,MGP32A-AC905-30K,7.11,3.000,21.33,25,2.98,●,28,28,1200,9,139,5,134,2024-10-24,2024-10-21,2024-10-24,2024-12-02,0,0,0,4,0,0,0,0,0,0,0,0,0,0,0,0,0,0,0,0,0,0,0,1,0,0,1,VN,0.93632,3.17,0.0000,0.0000
2024-10-21,1.13,MXQ25B-V01D,P3802801B-M,4.46,2.000,8.92,35,4.17,●,28,18,1200,9,215,19,196,2024-10-24,2024-10-21,2024-10-24,2024-10-24,0,0,0,18,0,0,0,0,0,0,0,0,0,0,0,0,0,0,0,0,0,0,1,0,0,0,1,VN,1.69222,1.13,0.0000,0.0000
2024-10-21,2.58,CP9632T-V02B,C9632ABAC958-30K,1.2447,3.000,3.734,40,4.76,●,14,14,600,9,208,7,201,2024-10-30,2024-10-21,2024-10-30,2024-11-04,0,0,0,5,0,0,0,0,0,0,0,0,0,0,0,0,0,0,0,0,0,0,0,1,0,1,1,VN,0.30072,2.58,0.0000,0.0000
2024-10-21,0.50,CYR50SR-V01D,CYR50E-AX667-30K,1.655,3.000,4.965,25,2.98,〇,1,1,1200,9,1,1,0,2024-10-24,,,,0,0,0,0,0,0,1,0,0,0,0,0,0,0,0,0,0,0,0,0,0,0,0,0,0,0,1,VN,0.00992,0.50,0.0000,0.0000
2024-10-21,0.25,MB40T-V01C,S369A63T45X40X30,0.90079,3.000,2.702,25,2.98,●,14,14,600,9,274,83,191,2024-10-23,2024-10-22,2024-10-23,2024-10-28,0,0,0,7,0,0,0,0,0,0,0,0,0,0,0,0,0,0,0,0,0,0,2,0,0,74,1,VN,2.96182,0.25,0.0000,0.0000
2024-10-21,1.25,CP9663T-V03B,C9663ABAC961-30K,2.5272,3.000,7.582,60,7.14,●,28,6,1200,9,83,14,69,2024-10-23,2024-10-22,2024-10-23,2024-10-25,0,0,0,0,0,0,13,0,0,0,0,0,0,0,0,0,0,0,0,0,0,0,0,0,0,1,1,VN,0.50342,1.25,0.0000,0.0000
2024-10-21,1.17,MXS08B-V01D,P3800201B-M,1,2.000,2,35,4.17,●,14,5,600,9,129,2,127,2024-11-04,2024-10-22,2024-11-04,2024-11-05,0,0,0,0,0,0,2,0,0,0,0,0,0,0,0,0,0,0,0,0,0,0,0,0,0,0,1,VN,0.22112,1.17,0.0000,0.0000
2024-10-21,2.50,CP9650T-V03B,C9650ABAC960-30K,2.3463,3.000,7.039,35,4.17,●,30,30,600,9,209,25,184,2024-10-24,2024-10-22,2024-10-24,2024-10-25,0,0,0,0,0,0,0,4,0,0,0,0,0,0,0,0,0,0,0,0,0,0,0,0,0,21,1,VN,0.58852,2.50,0.0000,0.0000
2024-10-19,0.52,CYB32C-V01D,CYB32L-AS380-30K,3.14,3.000,9.42,35,4.17,◎,1,1,1200,9,12,0,12,2024-10-22,,2024-10-22,2024-10-22,0,0,0,0,0,0,0,0,0,0,0,0,0,0,0,0,0,0,0,0,0,0,0,0,0,0,1,VN,0.21882,0.52,0.0000,0.0000
2024-10-19,2.32,MGPL25B2-V02D,MGP25A-AC904-30K,5.51,3.000,16.53,25,2.98,●,32,32,1200,9,222,10,212,2024-10-23,2024-10-21,2024-10-23,2024-10-23,0,2,0,2,0,0,0,0,0,0,0,0,0,0,0,0,0,0,0,5,0,0,0,1,0,0,1,VN,1.58402,2.32,0.0000,0.0000
2024-10-19,1.45,MXQ06B-V01D,P3802301B-M,0.7,2.000,1.4,35,4.17,●,10,10,600,9,399,2,397,2024-10-24,2024-10-21,2024-10-24,2024-10-24,0,0,0,0,0,0,0,0,0,0,0,0,0,0,0,0,0,0,2,0,0,0,0,0,0,0,1,VN,0.38522,1.45,0.0000,0.0000
2024-10-19,1.13,MGPM32B2-V01D,MGP32A-AC895-30K,8.15,3.000,24.45,25,2.98,●,21,9,1200,9,35,2,33,2024-10-22,2024-10-21,2024-10-22,2024-10-23,0,0,0,2,0,0,0,0,0,0,0,0,0,0,0,0,0,0,0,0,0,0,0,0,0,0,1,VN,0.75512,1.13,0.0000,0.0000
2024-10-19,1.08,MXQ20B-V01D,P3802701B-M,3.09,2.000,6.18,35,4.17,●,21,21,1200,9,396,26,370,2024-10-23,2024-10-21,2024-10-23,2024-10-24,0,11,0,11,0,0,0,0,0,0,0,0,0,0,0,0,0,0,0,0,0,0,0,0,4,0,1,VN,2.25902,1.08,0.0000,0.0000
2024-10-18,1.58,MGPM25B2-V01D,MGP25A-AC894-30K,6.19,3.000,18.57,35,4.17,●,28,18,1200,9,107,6,101,2024-10-21,2024-10-18,2024-10-21,2024-10-21,0,0,0,5,0,0,0,0,0,0,0,0,0,0,0,0,0,0,0,0,0,0,1,0,0,0,1,VN,1.25492,1.58,0.0000,0.0000
2024-10-18,2.42,MB50T-V01C,S369A63T55X50X30,1.11274,3.000,3.338,25,2.98,●,28,24,600,9,373,174,199,2024-10-21,2024-10-18,2024-10-22,2024-10-24,0,0,0,104,0,0,0,0,0,0,0,0,0,0,0,0,0,0,0,0,0,0,4,1,0,65,1,VN,0.51522,2.42,0.0000,0.0000
2024-10-18,1.58,MXS25B-V01D,P3800601B-M,5.17,2.000,10.34,35,4.17,●,14,14,1200,9,146,10,136,2024-10-22,2024-10-18,2024-10-22,2024-10-22,0,1,0,9,0,0,0,0,0,0,0,0,0,0,0,0,0,0,0,0,0,0,0,0,0,0,1,VN,0.95352,1.58,0.0000,0.0000
2024-10-18,3.20,CP9650T-V01B,C9650ABAC960-30K,2.3463,3.000,7.039,35,4.17,●,42,42,600,9,294,10,284,2024-10-22,2024-10-21,2024-10-22,2024-10-24,0,0,0,0,0,0,0,0,0,0,0,0,0,0,0,0,0,0,0,0,0,0,0,0,0,10,1,VN,0.64672,3.20,0.0000,0.0000
2024-10-18,0.38,CU10B-V01D,CU-010K27-57156A,0.8,2.000,1.6,35,4.17,〇,1,1,600,9,1,,,,,,,0,0,0,0,0,0,0,0,0,0,0,0,0,0,0,0,0,0,0,0,0,0,0,0,0,0,1,VN,0.00422,0.38,0.0000,0.0000
2024-10-18,1.83,MGPM20B2-V01D,MGP20A-AC893-30K,5.03,3.000,15.09,25,2.98,●,14,14,1200,9,97,2,95,2024-10-22,2024-10-21,2024-10-22,2024-10-22,0,0,0,1,0,0,0,0,0,0,0,0,0,0,0,0,0,0,0,0,0,0,0,1,0,0,1,VN,0.79842,1.83,0.0000,0.0000
2024-10-18,1.33,MXS20B-V01D,P3800501B-M,3.66,2.000,7.32,25,2.98,◎,14,14,1200,9,222,146,76,2024-10-22,2024-10-21,2024-10-22,2024-10-22,0,144,0,1,0,0,0,0,0,0,0,0,0,0,0,0,0,0,0,0,0,1,0,0,0,0,1,VN,1.21882,1.33,0.0000,0.0000
2024-10-18,1.00,MB32T-V01C,S369A63T36X32X30,0.5777,3.000,1.733,25,2.98,●,10,8,600,9,238,42,196,2024-10-22,2024-10-21,2024-10-22,2024-10-24,0,0,0,30,0,0,1,0,0,0,0,0,0,0,0,0,0,0,0,0,0,0,0,0,0,11,1,VN,0.41252,1.00,0.0000,0.0000
2024-10-18,0.33,CP9663T-V02B,C9663ABAC961-30K,2.5272,3.000,7.582,60,7.14,●,1,1,1200,9,13,0,13,2024-10-22,2024-10-21,2024-10-23,2024-10-24,0,0,0,0,0,0,0,0,0,0,0,0,0,0,0,0,0,0,0,0,0,0,0,0,0,0,1,VN,0.29572,0.33,0.0000,0.0000
2024-10-17,0.67,CP9640T-V02B,C9640ABAC959-30K,1.3959,3.000,4.188,25,2.98,●,35,25,600,9,325,27,298,2024-10-18,2024-10-17,2024-10-17,2024-10-22,0,9,0,2,0,0,3,0,0,0,0,0,0,0,0,0,0,0,0,0,0,0,0,0,0,13,1,VN,2.04152,0.67,0.0000,0.0000
2024-10-17,1.83,CP9663T-V03B,C9663ABAC961-30K,2.5272,3.000,7.582,60,7.14,●,21,11,1200,9,153,13,140,2024-10-18,2024-10-17,2024-10-18,2024-10-22,0,0,0,3,0,0,0,0,0,0,0,0,0,0,0,0,0,0,0,0,0,0,0,0,0,10,1,VN,0.63272,1.83,0.0000,0.0000
2024-10-17,2.00,MB40C-V01D,MB-40-32-C6777-K,7.26381,2.000,14.528,50,5.95,●,20,20,1200,9,139,3,136,2024-10-18,2024-10-17,2024-10-21,2024-10-19,0,0,0,3,0,0,0,0,0,0,0,0,0,0,0,0,0,0,0,0,0,0,0,0,0,0,1,Dubai,1.00972,2.00,0.0000,0.0000
2024-10-17,0.92,MXS16B-V01D,P3800401B-M,2.6,2.000,5.2,35,4.17,●,5,5,1200,9,108,15,93,2024-10-22,2024-10-17,2024-10-23,2024-10-23,0,0,0,1,0,0,14,0,0,0,0,0,0,0,0,0,0,0,0,0,0,0,0,0,0,0,1,VN,0.61272,0.92,0.0000,0.0000
2024-10-17,0.67,MB40T-V02C,S369A63T45X40X30,0.90079,3.000,2.702,25,2.98,●,21,4,600,9,79,18,61,2024-10-18,2024-10-17,2024-10-18,,0,0,0,11,0,0,7,0,0,0,0,0,0,0,0,0,0,0,0,0,0,0,0,0,0,0,1,VN,0.32022,0.67,0.0000,0.0000
2024-10-17,3.00,CP9640T-V01B,C9640ABAC959-30K,1.3959,3.000,4.188,25,2.98,●,28,28,600,9,364,25,339,2024-10-22,2024-10-21,2024-10-21,2024-10-24,0,0,0,0,0,0,0,0,0,0,0,0,0,0,0,0,0,0,0,0,0,0,0,0,0,25,1,VN,0.50812,3.00,0.0000,0.0000
2024-10-17,0.58,CP9650T-V02B,C9650ABAC960-30K,2.3463,3.000,7.039,45,5.36,〇,35,3,600,9,1,,,,,,,0,0,0,0,0,0,0,0,0,0,0,0,0,0,0,0,0,0,0,0,0,0,0,0,0,0,1,VN,0.01212,0.58,0.0000,0.0000
2024-10-17,1.18,CP9632T-V03B,C9632ABAC958-30K,1.2447,3.000,3.734,40,4.76,●,14,6,600,9,89,2,87,2024-10-24,2024-10-18,2024-10-18,2024-10-25,0,0,0,0,0,0,0,0,0,0,0,0,0,0,0,0,0,0,0,0,0,0,0,0,0,2,1,VN,0.28082,1.18,0.0000,0.0000
2024-10-17,1.37,MXS12B-V01D,P3800301B-M,1.66,2.000,3.32,35,4.17,●,14,14,600,9,224,0,224,2024-10-25,2024-10-18,2024-10-21,2024-10-25,0,0,0,0,0,0,0,0,0,0,0,0,0,0,0,0,0,0,0,0,0,0,0,0,0,0,1,VN,0.54422,1.37,0.0000,0.0000
2024-10-16,1.00,MBA0TD-V01C,S409A63T107X100X30,4.03938,5.600,22.621,25,2.98,〇,4,4,1200,9,19,,,,2024-10-16,2024-11-01,,0,0,0,0,0,0,0,0,0,0,0,0,0,0,0,0,0,0,0,0,0,0,0,0,0,0,1,Dubai,0.42982,1.00,0.0000,0.0000
2024-10-16,2.48,MB40T-V02C,S369A63T45X40X30,0.90079,3.000,2.702,25,2.98,●,21,14,600,9,277,29,248,2024-10-18,2024-10-17,2024-10-18,2024-10-23,0,0,0,9,0,0,7,0,0,0,0,0,0,0,0,0,0,0,0,0,0,0,0,0,0,13,1,VN,0.30142,2.48,0.0000,0.0000
2024-10-16,2.20,CP9632T-V03B,C9632ABAC958-30K,1.2447,3.000,3.734,40,4.76,●,23,23,600,9,345,16,329,2024-10-23,2024-10-17,2024-10-17,2024-10-24,0,0,0,2,0,0,0,0,0,0,0,0,0,0,0,0,0,0,0,0,0,0,0,0,0,14,1,VN,0.58562,2.20,0.0000,0.0000
2024-10-16,1.72,MGPM32B2-V02D,MGP32A-AC895-30K,8.15,3.000,24.45,25,2.98,●,21,12,1200,9,47,12,35,2024-10-21,2024-10-17,2024-10-21,2024-10-21,0,12,0,0,0,0,0,0,0,0,0,0,0,0,0,0,0,0,0,0,0,0,0,0,0,0,1,VN,0.66942,1.72,0.0000,0.0000
2024-10-16,0.45,CYR63SR-V01D,CYR63E-AX668-30K,1.871,3.000,5.613,25,2.98,〇,1,1,1200,9,1,1,0,2024-10-21,,,,0,0,0,0,0,0,1,0,0,0,0,0,0,0,0,0,0,0,0,0,0,0,0,0,0,0,1,VN,0.01252,0.45,0.0000,0.0000
2024-10-16,1.88,MXQ12B-V01D,P3802501B-M,1.36,2.000,2.72,35,4.17,●,21,21,600,9,440,16,424,2024-10-21,2024-10-17,2024-10-18,2024-10-21,0,10,0,5,0,0,0,0,0,0,0,0,0,0,0,0,0,0,0,0,0,0,1,0,0,0,1,VN,0.63552,1.88,0.0000,0.0000
2024-10-16,1.25,MXS06B-V01D,P3800101B-M,0.73,2.000,1.46,35,4.17,●,8,7,600,9,264,2,262,2024-10-21,2024-10-17,2024-10-18,2024-10-21,0,0,0,2,0,0,0,0,0,0,0,0,0,0,0,0,0,0,0,0,0,0,0,0,0,0,1,VN,0.30842,1.25,0.0000,0.0000
2024-10-15,0.83,MB80TD-V01C,S409A63T86X80X30,2.72206,5.600,15.244,25,2.98,〇,3,3,600,9,20,0,20,0000-00-00,2024-10-15,0000-00-00,,0,0,0,0,0,0,0,0,0,0,0,0,0,0,0,0,0,0,0,0,0,0,0,0,0,0,1,Dubai,0.36582,0.83,0.0000,0.0000
2024-10-15,1.70,CA40T-V02C,S370A63T47X40X30,1.27444,3.000,3.823,35,4.17,●,21,21,600,9,314,21,293,2024-10-17,2024-10-15,2024-10-17,2024-10-22,0,0,0,12,0,0,2,0,0,0,0,0,0,0,0,0,0,0,0,0,0,0,0,0,0,7,1,VN,0.70622,1.70,0.0000,0.0000
2024-10-15,1.90,CP9663T-V01B,C9663ABAC961-30K,2.5272,3.000,7.582,60,7.14,●,14,10,1200,9,139,139,0,2024-10-17,2024-10-17,2024-10-17,,0,0,0,0,0,0,139,0,0,0,0,0,0,0,0,0,0,0,0,0,0,0,0,0,0,0,1,VN,0.55472,1.90,0.0000,0.0000
2024-10-15,0.97,MHZ40B-V01D,P4811601-M-1,8.1,2.000,16.2,50,5.95,●,18,9,1200,9,53,0,53,2024-10-22,2024-10-15,2024-10-23,2024-10-23,0,0,0,0,0,0,0,0,0,0,0,0,0,0,0,0,0,0,0,0,0,0,0,0,0,0,1,Dubai,0.88822,0.97,0.0000,0.0000
2024-10-15,0.50,MXQ20B-V01D,P3802701B-M,3.09,2.000,6.18,35,4.17,〇,24,2,1200,9,1,,,,,,,0,0,0,0,0,0,0,0,0,0,0,0,0,0,0,0,0,0,0,0,0,0,0,0,0,0,1,Dubai,0.01242,0.50,0.0000,0.0000
2024-10-15,0.83,MB50T-V03C,S369A63T55X50X30,1.11274,3.000,3.338,25,2.98,●,21,16,600,9,254,13,241,2024-10-16,2024-10-15,2024-10-16,2024-10-22,0,0,0,5,0,0,0,0,0,0,0,0,0,0,0,0,0,0,0,0,0,0,1,0,0,7,1,VN,1.01752,0.83,0.0000,0.0000
2024-10-15,1.18,MXS12B-V01D,P3800301B-M,1.66,2.000,3.32,35,4.17,●,14,14,600,9,223,31,192,2024-10-18,2024-10-15,2024-10-21,2024-10-19,0,0,0,3,0,0,28,0,0,0,0,0,0,0,0,0,0,0,0,0,0,0,0,0,0,0,1,VN,0.62572,1.18,0.0000,0.0000
2024-10-15,0.25,CU16B-V01D,CU-016K27-57157A,1.526,2.000,3.052,25,2.98,〇,1,1,600,9,1,,,,,,,0,0,0,0,0,0,0,0,0,0,0,0,0,0,0,0,0,0,0,0,0,0,0,0,0,0,1,VN,0.01222,0.25,0.0000,0.0000
2024-10-15,0.13,CU06B3-V01D,C2U06A-AS920-20K,0.5,2.000,1,35,4.17,〇,1,1,600,9,1,,,,,,,0,0,0,0,0,0,0,0,0,0,0,0,0,0,0,0,0,0,0,0,0,0,0,0,0,0,1,VN,0.00752,0.13,0.0000,0.0000
2024-10-15,1.48,CQ63T3-V01C-ZZZ,C2Q63A-AD141A30K,4.98231,3.000,14.947,35,4.17,●,11,11,1200,9,72,18,54,2024-10-18,2024-10-15,2024-10-18,2024-10-19,0,0,0,0,1,0,17,0,0,0,0,0,0,0,0,0,0,0,0,0,0,0,0,0,0,0,1,VN,0.72552,1.48,0.0000,0.0000
2024-10-15,0.35,CU32B-V01D,CU-032K27-57160A,6.5,2.000,13,35,4.17,〇,1,1,1200,14,1,,,,,,,0,0,0,0,0,0,0,0,0,0,0,0,0,0,0,0,0,0,0,0,0,0,0,0,0,0,2,Dubai,0.03712,0.35,0.0000,0.0000
2024-10-15,2.13,CP9650T-V01B,C9650ABAC960-30K,2.3463,3.000,7.039,35,4.17,●,28,28,600,9,195,16,179,2024-10-17,2024-10-16,2024-10-17,2024-10-19,0,0,0,2,0,0,14,0,0,0,0,0,0,0,0,0,0,0,0,0,0,0,0,0,0,0,1,VN,0.64342,2.13,0.0000,0.0000
2024-10-15,0.52,MSQ20TB-V01E,P8910270-D,7.5,2.010,15.075,35,4.17,〇,1,1,1200,14,1,,,,,,,0,0,0,0,0,0,0,0,0,0,0,0,0,0,0,0,0,0,0,0,0,0,0,0,0,0,2,Dubai,0.02922,0.52,0.0000,0.0000
2024-10-15,0.30,MSQ30TB-V01E,P8910370-D,8.7,2.000,17.4,35,4.17,〇,1,1,1200,14,1,,,,,,,0,0,0,0,0,0,0,0,0,0,0,0,0,0,0,0,0,0,0,0,0,0,0,0,0,0,2,Dubai,0.05802,0.30,0.0000,0.0000
2024-10-15,2.67,MGPM40B2-V01D,MGP40A-AC896-30K,9.68,3.000,29.04,35,4.17,●,30,15,1200,9,44,2,42,2024-10-18,2024-10-16,2024-10-18,2024-10-16,0,0,0,2,0,0,0,0,0,0,0,0,0,0,0,0,0,0,0,0,0,0,0,0,0,0,1,VN,0.47922,2.67,0.0000,0.0000
2024-10-15,0.93,CA40T-V02C,S370A63T47X40X30,1.27444,3.000,3.823,35,4.17,●,14,12,600,9,179,47,132,2024-10-17,2024-10-16,2024-10-17,2024-10-18,0,0,0,0,0,0,0,0,0,0,0,0,0,0,0,0,0,0,0,0,0,0,0,0,0,47,1,VN,0.73332,0.93,0.0000,0.0000
2024-10-14,1.17,CM25AH-V02D,C2M025K02-68715B,2.003,3.000,6.009,60,7.14,●,10,10,600,9,89,6,83,2024-10-14,2024-10-14,2024-10-15,2024-10-15,0,0,0,4,0,0,0,0,0,0,0,0,0,0,0,0,0,0,0,2,0,0,0,0,0,0,1,Dubai,0.45842,1.17,0.0000,0.0000
2024-10-14,0.75,CM25AS-V02D,C2M025K03-68715B,2.171,3.000,6.513,45,5.36,●,8,8,600,9,63,6,57,2024-10-14,2024-10-14,2024-10-15,2024-10-15,0,0,0,6,0,0,0,0,0,0,0,0,0,0,0,0,0,0,0,0,0,0,0,0,0,0,1,Dubai,0.54712,0.75,0.0000,0.0000
2024-10-14,2.58,MGPM40B2-V01D,MGP40A-AC896-30K,9.68,3.000,29.04,35,4.17,●,30,24,1200,9,71,3,68,2024-10-15,2024-10-14,2024-10-15,2024-10-15,0,0,0,1,0,0,0,0,0,0,0,0,0,0,0,0,0,0,0,2,0,0,0,0,0,0,1,VN,0.79812,2.58,0.0000,0.0000
2024-10-14,0.83,CA32T-V02C,S370A63T38X32X30,0.877,3.000,2.631,35,4.17,●,21,6,600,9,118,8,110,2024-10-16,2024-10-15,2024-10-15,2024-10-18,0,0,0,0,0,0,1,0,0,0,0,0,0,0,0,0,0,0,0,0,0,0,0,0,0,6,1,VN,0.37252,0.83,0.0000,0.0000
2024-10-14,2.00,CA32T-V01C,S370A63T38X32X30,0.877,3.000,2.631,35,4.17,●,21,15,600,9,299,11,288,2024-10-15,2024-10-15,2024-10-15,2024-10-17,0,7,0,1,0,0,1,0,0,0,0,0,0,0,0,0,0,0,0,0,0,0,0,0,0,2,1,VN,0.39332,2.00,0.0000,0.0000
2024-10-14,2.08,MGPM20B2-V01D,MGP20A-AC893-30K,5.03,3.000,15.09,25,2.98,●,35,13,1200,9,90,1,89,2024-10-16,2024-10-15,2024-10-16,2024-10-16,0,0,0,0,0,0,0,0,0,0,0,0,0,0,0,0,0,0,0,0,0,0,1,0,0,0,1,VN,0.65192,2.08,0.0000,0.0000
2024-10-14,0.42,CUJ04A-V01D,CUJ04A-P7100A20K,0.37,2.000,0.74,35,4.17,〇,1,1,600,9,1,,,,,,,0,0,0,0,0,0,0,0,0,0,0,0,0,0,0,0,0,0,0,0,0,0,0,0,0,0,1,VN,0.00182,0.42,0.0000,0.0000
2024-10-14,0.33,CUJ08A-V01D,CUJ08A-P7102A20K,0.659,2.000,1.318,35,4.17,〇,1,1,600,9,1,,,,,,,0,0,0,0,0,0,0,0,0,0,0,0,0,0,0,0,0,0,0,0,0,0,0,0,0,0,1,VN,0.00402,0.33,0.0000,0.0000
2024-10-11,0.58,CYB10C-V01D,CYB10L-AS376-30K,0.506,3.000,1.518,35,4.17,●,1,1,600,9,28,9,19,2024-10-14,2024-10-14,2024-10-14,,0,0,0,0,0,0,0,0,0,0,0,0,0,9,0,0,0,0,0,0,0,0,0,0,0,0,1,Dubai,0.07292,0.58,0.0000,0.0000
2024-10-11,0.58,CYB15C-V01D,CYB15L-AS377-30K,0.732,3.000,2.196,35,4.17,◎,1,1,1200,9,48,48,0,2025-08-11,2024-10-14,,,0,0,0,0,0,0,48,0,0,0,0,0,0,0,0,0,0,0,0,0,0,0,0,0,0,0,1,Dubai,0.18072,0.58,0.0000,0.0000
2024-10-11,2.83,MGPL25B2-V02D,MGP25A-AC904-30K,5.51,3.000,16.53,25,2.98,●,22,22,1200,9,153,4,149,2024-10-17,2024-10-14,2024-10-16,2024-10-17,0,0,0,1,0,0,1,0,0,0,0,0,0,0,0,0,0,0,0,1,0,1,0,0,0,0,1,VN,0.89262,2.83,0.0000,0.0000
2024-10-11,2.70,CP9640T-V01B,C9640ABAC959-30K,1.3959,3.000,4.188,25,2.98,●,28,21,600,9,272,2,270,2024-10-14,2024-10-14,2024-10-15,2024-10-18,0,0,0,2,0,0,0,0,0,0,0,0,0,0,0,0,0,0,0,0,0,0,0,0,0,0,1,VN,0.42192,2.70,0.0000,0.0000
2024-10-11,0.32,CU06B-V01D,CU-006K27-57155A,0.6,2.000,1.2,35,4.17,〇,1,1,600,9,1,,,,,,,0,0,0,0,0,0,0,0,0,0,0,0,0,0,0,0,0,0,0,0,0,0,0,0,0,0,1,VN,0.00382,0.32,0.0000,0.0000
2024-10-11,0.40,CU20B-V01D,CU-020K27-57158A,2.3,2.000,4.6,35,4.17,〇,1,1,600,9,1,,,,,,,0,0,0,0,0,0,0,0,0,0,0,0,0,0,0,0,0,0,0,0,0,0,0,0,0,0,1,VN,0.01152,0.40,0.0000,0.0000
2024-10-11,0.58,MB40C-V02D,MB-40-32-C6777-K,7.26381,2.000,14.528,50,5.95,〇,18,3,1200,9,1,1,0,2024-10-16,,,,0,1,0,0,0,0,0,0,0,0,0,0,0,0,0,0,0,0,0,0,0,0,0,0,0,0,1,VN,0.02492,0.58,0.0000,0.0000
2024-10-11,0.32,CUJ06A-V01D,CUJ06A-P7101A20K,0.581,2.000,1.162,35,4.17,〇,1,1,600,9,1,,,,,,,0,0,0,0,0,0,0,0,0,0,0,0,0,0,0,0,0,0,0,0,0,0,0,0,0,0,1,VN,0.00372,0.32,0.0000,0.0000
2024-10-11,1.63,MXQ16B-V01D,P3802601B-M,2.15,2.000,4.3,35,4.17,●,14,14,600,9,167,30,137,2024-10-16,2024-10-11,2024-10-15,2024-10-16,0,0,0,8,0,0,11,0,0,0,0,0,0,11,0,0,0,0,0,0,0,0,0,0,0,0,1,VN,0.43972,1.63,0.0000,0.0000
2024-10-11,3.17,CP9632T-V03B,C9632ABAC958-30K,1.2447,3.000,3.734,40,4.76,●,28,28,600,9,419,11,408,2024-10-16,2024-10-14,2024-10-15,2024-10-18,0,0,0,2,0,0,0,0,0,0,0,0,0,0,0,0,0,0,0,0,0,0,0,0,0,9,1,VN,0.49412,3.17,0.0000,0.0000
2024-10-11,0.28,CXS15P-V01D,CXS15J-28748-20K,0.489,2.000,0.978,35,4.17,〇,1,1,600,9,1,0,1,2024-10-23,,,,0,0,0,0,0,0,0,0,0,0,0,0,0,0,0,0,0,0,0,0,0,0,0,0,0,0,1,VN,0.00352,0.28,0.0000,0.0000
2024-10-11,0.50,MB40T-V01C,S369A63T45X40X30,0.90079,3.000,2.702,25,2.98,●,21,3,600,9,59,5,54,2024-10-15,2024-10-14,2024-10-15,2024-10-18,0,0,0,4,0,0,0,0,0,0,0,0,0,0,0,0,0,0,0,0,0,0,1,0,0,0,1,VN,0.31892,0.50,0.0000,0.0000
2024-10-10,1.95,MGPL32B2-V01D,MGP32A-AC905-30K,7.11,3.000,21.33,35,4.17,●,14,14,1200,9,69,0,69,2024-10-16,2024-10-11,2024-10-11,2024-10-17,0,0,0,0,0,0,0,0,0,0,0,0,0,0,0,0,0,0,0,0,0,0,0,0,0,0,1,VN,0.75482,1.95,0.0000,0.0000
2024-10-10,0.22,CU25B2-V01D,CU-025K27-57159A,4.1,2.000,8.2,35,4.17,〇,1,1,1200,9,1,,,,,,,0,0,0,0,0,0,0,0,0,0,0,0,0,0,0,0,0,0,0,0,0,0,0,0,0,0,1,VN,0.03782,0.22,0.0000,0.0000
2024-10-10,0.42,CUJ10A-V01D,CUJ10A-P7103A20K,0.691,2.000,1.382,35,4.17,〇,1,1,600,9,1,1,0,2024-11-05,,0000-00-00,,0,0,0,0,0,0,1,0,0,0,0,0,0,0,0,0,0,0,0,0,0,0,0,0,0,0,1,VN,0.00332,0.42,0.0000,0.0000
2024-10-10,1.70,CP9650T-V01B,C9650ABAC960-30K,2.3463,3.000,7.039,35,4.17,●,42,34,600,9,264,72,192,2024-10-14,2024-10-11,2024-10-14,2024-10-16,0,0,0,0,0,0,64,0,0,0,0,0,0,0,0,0,0,0,0,0,0,0,0,0,0,8,1,VN,1.09312,1.70,0.0000,0.0000
2024-10-10,3.17,MGPM25B2-V01D,MGP25A-AC894-30K,6.19,3.000,18.57,35,4.17,●,36,28,1200,9,167,11,156,2024-10-14,2024-10-10,2024-10-14,2024-10-16,0,0,0,7,0,0,1,0,0,0,0,0,0,3,0,0,0,0,0,0,0,0,0,0,0,0,1,VN,0.97932,3.17,0.0000,0.0000
2024-10-10,0.33,CP96A0T-V01B,C96A0ABAC963A30K,5.041,3.000,15.123,35,4.17,〇,1,1,1200,12,1,,,,,,,0,0,0,0,0,0,0,0,0,0,0,0,0,0,0,0,0,0,0,0,0,0,0,0,0,0,2,Dubai,0.04542,0.33,0.0000,0.0000
2024-10-10,1.00,MXQ06B-V01D,P3802301B-M,0.7,2.000,1.4,35,4.17,●,10,4,600,9,151,2,149,2024-10-17,2024-10-11,2024-10-14,2024-10-17,0,0,0,2,0,0,0,0,0,0,0,0,0,0,0,0,0,0,0,0,0,0,0,0,0,0,1,VN,0.21142,1.00,0.0000,0.0000
2024-10-10,2.22,CA32T-V01C,S370A63T38X32X30,0.877,3.000,2.631,35,4.17,●,21,21,600,9,420,67,353,2024-10-14,2024-10-11,2024-10-14,2024-10-16,0,0,0,55,0,0,0,0,0,0,0,0,0,0,0,0,0,0,0,0,0,0,3,0,0,9,1,VN,0.49852,2.22,0.0000,0.0000
2024-10-10,0.40,CYR06B-V01D,CYR06K-AX660-20K,0.531,2.000,1.062,25,2.98,〇,1,1,600,9,1,1,0,2024-10-15,,,,0,0,0,0,0,0,0,0,0,0,0,0,0,0,0,0,0,0,0,0,0,0,0,0,0,0,1,VN,0.00272,0.40,0.0000,0.0000
2024-10-10,0.33,CYR06SR-V01D,CYR06E-AX660-30K,0.225,3.000,0.675,25,2.98,〇,1,1,600,9,1,0,1,2024-10-14,,,,0,0,0,0,0,0,0,0,0,0,0,0,0,0,0,0,0,0,0,0,0,0,0,0,0,0,1,VN,0.00202,0.33,0.0000,0.0000
2024-10-09,1.25,CM32AS-V01D,C2M032K03-68716B,2.822,3.000,8.466,25,2.98,●,14,14,1200,9,195,17,178,2024-10-10,2024-10-09,2024-10-11,2024-10-14,0,0,0,0,0,0,0,0,0,0,0,0,0,0,0,0,0,0,0,17,0,0,0,0,0,0,1,Dubai,1.32072,1.25,0.0000,0.0000
2024-10-09,0.50,NCA150R-V01D,NCA150-02-AV286-20K,5.667,2.000,11.334,35,4.17,●,2,2,1200,9,19,,,,2024-10-09,2024-10-11,2024-11-22,0,0,0,0,0,0,0,0,0,0,0,0,0,0,0,0,0,0,0,0,0,0,0,0,0,0,1,Dubai,0.43072,0.50,0.0000,0.0000
2024-10-09,0.50,NCA150H-V01D,NCA150-03-AV286-20K,6.585,2.000,13.17,35,4.17,●,2,2,1200,9,17,12,5,,2024-10-11,2024-10-11,2024-11-22,0,0,0,0,0,0,0,0,0,0,0,0,0,0,0,0,0,0,1,0,0,0,0,0,11,0,1,Dubai,0.44782,0.50,0.0000,0.0000
2024-10-09,5.15,CP9663T-V01B,C9663ABAC961-30K,2.5272,3.000,7.582,60,7.14,●,42,37,1200,9,517,193,324,2024-10-11,2024-10-10,2024-10-10,2024-10-16,0,0,0,3,0,0,105,0,0,0,0,0,0,0,0,0,0,0,0,0,0,0,0,0,0,85,1,VN,0.76112,5.15,0.0000,0.0000
2024-10-09,0.52,MHM50B1-V01D,P7471701-M,6.96,2.000,13.92,35,4.17,〇,3,3,1200,14,58,58,0,2024-10-22,2024-10-18,,,0,58,0,0,0,0,0,0,0,0,0,0,0,0,0,0,0,0,0,0,0,0,0,0,0,0,2,Dubai,1.56262,0.52,0.0000,0.0000
2024-10-09,0.27,MSQ30B4-V01D,P8910301-D,5.1,2.020,10.302,35,4.17,〇,1,1,1200,9,1,1,0,2024-10-11,,,,0,0,0,0,0,0,1,0,0,0,0,0,0,0,0,0,0,0,0,0,0,0,0,0,0,0,1,VN,0.03862,0.27,0.0000,0.0000
2024-10-09,0.33,MSQ50B4-V01D,P8910401-D,6.8,2.050,13.94,35,4.17,〇,1,1,1200,9,1,1,0,2024-10-11,,,,0,0,0,0,0,0,1,0,0,0,0,0,0,0,0,0,0,0,0,0,0,0,0,0,0,0,1,VN,0.04182,0.33,0.0000,0.0000
2024-10-09,0.33,CP96A2T-V01B,C96A2ABAC964A30K,7.719,3.000,23.157,35,4.17,〇,1,1,1200,14,1,1,0,2024-10-28,,,,0,0,0,0,0,0,1,0,0,0,0,0,0,0,0,0,0,0,0,0,0,0,0,0,0,0,2,Dubai,0.06952,0.33,0.0000,0.0000
2024-10-09,2.25,MXS08B-V01D,P3800201B-M,1,2.000,2,35,4.17,●,14,14,600,9,364,0,364,2024-10-25,2024-10-09,2024-10-11,2024-10-25,0,0,0,0,0,0,0,0,0,0,0,0,0,0,0,0,0,0,0,0,0,0,0,0,0,0,1,VN,0.32362,2.25,0.0000,0.0000
2024-10-09,0.67,XLA80B2-V01D,XLA80-1B,30.65,2.000,61.3,35,4.17,〇,4,4,1200,14,1,,,,,,,0,0,0,0,0,0,0,0,0,0,0,0,0,0,0,0,0,0,0,0,0,0,0,0,0,0,2,Dubai,0.09192,0.67,0.0000,0.0000
2024-10-09,0.98,MB40T-V01C,S369A63T45X40X30,0.90079,3.000,2.702,25,2.98,●,21,14,600,9,278,7,271,2024-10-11,2024-10-11,2024-10-11,2024-10-21,0,5,0,1,0,0,0,0,0,0,0,0,0,0,0,0,0,0,0,0,0,0,0,0,0,1,1,VN,0.76402,0.98,0.0000,0.0000
2024-10-09,1.93,MHZ40B-V01D,P4811601-M-1,8.1,2.000,16.2,50,5.95,●,21,21,1200,9,125,18,107,2024-10-17,2024-10-11,2024-10-18,2024-10-18,0,2,0,1,0,0,0,0,0,3,0,0,0,0,0,0,12,0,0,0,0,0,0,0,0,0,1,Dubai,1.04742,1.93,0.0000,0.0000
2024-10-09,0.25,CXS32P-V01E,CXS32J-28751-20K,1.542,2.000,3.084,35,4.17,〇,1,1,1200,9,1,0,1,2024-10-21,,,,0,0,0,0,0,0,0,0,0,0,0,0,0,0,0,0,0,0,0,0,0,0,0,0,0,0,1,VN,0.01232,0.25,0.0000,0.0000
2024-10-08,14.15,MGPL32B2-V01D,MGP32A-AC905-30K,7.11,3.000,21.33,35,4.17,●,14,14,1200,9,69,4,65,2024-10-16,2024-10-09,2024-10-11,2024-10-17,0,0,0,4,0,0,0,0,0,0,0,0,0,0,0,0,0,0,0,0,0,0,0,0,0,0,1,VN,0.10402,14.15,0.0000,0.0000
2024-10-08,2.58,CM25AS-V01D,C2M025K03-68715B,2.171,3.000,6.513,35,4.17,●,38,38,600,9,303,2,301,2024-10-09,2024-10-09,2024-10-09,2024-10-10,0,0,0,0,0,0,0,0,0,0,0,0,0,0,0,0,0,0,0,0,0,2,0,0,0,0,1,Dubai,0.76392,2.58,0.0000,0.0000
2024-10-08,2.00,CP9632T-V02B,C9632ABAC958-30K,1.2447,3.000,3.734,40,4.76,●,35,14,600,9,209,11,198,2024-10-10,2024-10-10,2024-10-10,2024-10-11,0,0,0,0,0,0,2,0,0,0,0,0,0,0,0,0,0,0,0,0,0,0,0,0,0,9,1,VN,0.39022,2.00,0.0000,0.0000
2024-10-08,0.42,MSQ10B4-V01D,P8910101-D,3,2.050,6.15,35,4.17,〇,1,1,1200,9,1,1,0,2024-10-11,,,,0,0,0,0,0,0,1,0,0,0,0,0,0,0,0,0,0,0,0,0,0,0,0,0,0,0,1,VN,0.01482,0.42,0.0000,0.0000
2024-10-08,0.42,CXS06P-V01D,CXS06J-A5157-20K,0.2,2.000,0.4,35,4.17,〇,1,1,600,9,1,0,1,2024-10-24,,,,0,0,0,0,0,0,0,0,0,0,0,0,0,0,0,0,0,0,0,0,0,0,0,0,0,0,1,VN,0.00102,0.42,0.0000,0.0000
2024-10-08,2.62,MB50T-V03C,S369A63T55X50X30,1.11274,3.000,3.338,25,2.98,●,35,16,600,9,255,17,238,2024-10-10,2024-10-08,2024-10-10,2024-10-17,0,0,0,4,0,0,3,0,0,0,0,0,0,0,0,0,3,0,0,0,0,0,0,0,0,7,1,VN,0.32532,2.62,0.0000,0.0000
2024-10-08,0.92,CP9650T-V02B,C9650ABAC960-30K,2.3463,3.000,7.039,35,4.17,◎,28,7,600,9,49,29,20,2024-10-10,2024-10-11,2024-10-10,2024-10-14,0,0,0,2,0,0,27,0,0,0,0,0,0,0,0,0,0,0,0,0,0,0,0,0,0,0,1,VN,0.37632,0.92,0.0000,0.0000
2024-10-08,1.13,APT3-V01B,APTE00-98000404-D,0.465,3.000,1.395,25,2.98,●,12,12,600,9,434,0,434,2024-10-10,2024-10-10,2024-10-10,2024-10-10,0,0,0,0,0,0,0,0,0,0,0,0,0,0,0,0,0,0,0,0,0,0,0,0,0,0,1,VN,0.53422,1.13,0.0000,0.0000
2024-10-08,2.32,CA40T-V02C,S370A63T47X40X30,1.27444,3.000,3.823,35,4.17,●,35,21,600,9,312,35,277,2024-10-10,2024-10-09,2024-10-10,2024-11-12,0,0,0,10,0,0,1,0,0,0,0,0,0,0,0,0,0,0,0,0,0,0,0,0,0,24,1,VN,0.51492,2.32,0.0000,0.0000
2024-10-08,0.30,MSQ20B4-V01D,P8910201-D,4,2.030,8.12,35,4.17,〇,1,1,1200,9,1,1,0,2024-10-11,,,,0,0,0,0,0,0,1,0,0,0,0,0,0,0,0,0,0,0,0,0,0,0,0,0,0,0,1,VN,0.02712,0.30,0.0000,0.0000
2024-10-07,2.53,MGPM32B2-V01D,MGP32A-AC895-30K,8.15,3.000,24.45,25,2.98,●,24,24,1200,9,95,2,93,2024-10-11,2024-10-07,2024-10-08,2024-10-14,0,0,0,1,0,0,1,0,0,0,0,0,0,0,0,0,0,0,0,0,0,0,0,0,0,0,1,VN,0.91692,2.53,0.0000,0.0000
2024-10-07,1.63,CM25AH-V01D,C2M025K02-68715B,2.003,3.000,6.009,50,5.95,◎,22,20,600,9,215,102,113,2024-10-09,2024-10-07,2024-10-08,2024-10-14,0,0,0,90,0,0,12,0,0,0,0,0,0,0,0,0,0,0,0,0,0,0,0,0,0,0,1,Dubai,0.79102,1.63,0.0000,0.0000
2024-10-07,0.75,NCA400H-V01D,NCA400-03-AV290-20K,33.97,2.000,67.94,35,4.17,●,6,6,1200,14,17,6,11,,2024-10-07,,2024-11-25,0,0,0,0,0,0,0,0,0,0,0,0,0,0,0,0,0,0,0,0,0,0,0,0,6,0,2,Dubai,1.54002,0.75,0.0000,0.0000
2024-10-07,0.75,NCA400R-V01D,NCA400-02-AV290-20K,31.919,2.000,63.838,35,4.17,●,6,6,1200,14,17,,,,2024-10-07,2024-10-09,2024-11-22,0,0,0,0,0,0,0,0,0,0,0,0,0,0,0,0,0,0,0,0,0,0,0,0,0,0,2,Dubai,1.44702,0.75,0.0000,0.0000
2024-10-07,0.38,CXS25P-V01E,CXS25J-28750-20K,0.9,2.000,1.8,35,4.17,〇,1,1,600,9,1,0,1,2024-10-21,,,,0,0,0,0,0,0,0,0,0,0,0,0,0,0,0,0,0,0,0,0,0,0,0,0,0,0,1,VN,0.00472,0.38,0.0000,0.0000
2024-10-07,0.37,CXS20P-V01E,CXS20J-28749-20K,0.737,2.000,1.474,35,4.17,〇,1,1,600,9,1,0,1,2024-10-18,,,,0,0,0,0,0,0,0,0,0,0,0,0,0,0,0,0,0,0,0,0,0,0,0,0,0,0,1,VN,0.00402,0.37,0.0000,0.0000
2024-10-07,1.17,XT790C-V01E,P79001005-M,0.54,2.000,1.08,35,4.17,●,7,7,600,9,334,4,330,2024-10-15,2024-10-10,2024-10-09,2024-10-16,0,0,0,0,0,0,0,4,0,0,0,0,0,0,0,0,0,0,0,0,0,0,0,0,0,0,1,Dubai,0.30922,1.17,0.0000,0.0000
2024-10-07,1.45,NCA325R-V01D,NCA325-02-AV289-20K,21.5,2.000,43,35,4.17,●,6,6,1200,14,34,11,23,,2024-10-08,,2024-11-22,0,0,0,0,0,0,0,0,0,0,0,0,0,0,0,0,0,0,0,0,0,0,0,0,0,0,2,Dubai,1.00832,1.45,0.0000,0.0000
2024-10-07,0.63,CP9680T-V01B,C9680ABAC962A30K,4.02,3.000,12.06,35,4.17,〇,1,1,1200,12,1,1,0,2024-10-28,,,,0,0,0,0,0,0,1,0,0,0,0,0,0,0,0,0,0,0,0,0,0,0,0,0,0,0,2,Dubai,0.01902,0.63,0.0000,0.0000
2024-10-07,0.75,MGPL25B2-V01D,MGP25A-AC904-30K,5.51,3.000,16.53,25,2.98,●,18,4,1200,9,27,1,26,2024-10-14,2024-10-08,2024-10-14,2024-10-15,0,0,0,1,0,0,0,0,0,0,0,0,0,0,0,0,0,0,0,0,0,0,0,0,0,0,1,VN,0.59512,0.75,0.0000,0.0000
2024-10-07,0.92,CP9650T-V02B,C9650ABAC960-30K,2.3463,3.000,7.039,45,5.36,◎,35,7,600,9,55,52,3,2024-10-10,2024-10-08,2024-10-10,2024-10-11,0,16,0,0,0,0,36,0,0,0,0,0,0,0,0,0,0,0,0,0,0,0,0,0,0,0,1,VN,0.42232,0.92,0.0000,0.0000
2024-10-07,0.50,MB50T-V03C,S369A63T55X50X30,1.11274,3.000,3.338,25,2.98,●,35,2,600,9,29,2,27,2024-10-09,2024-10-08,2024-10-09,2024-10-14,0,0,0,0,0,0,1,0,0,0,0,0,0,0,0,0,0,0,0,0,0,0,0,0,0,1,1,VN,0.19362,0.50,0.0000,0.0000
2024-10-07,1.83,CA32T-V01C,S370A63T38X32X30,0.877,3.000,2.631,35,4.17,●,28,15,600,9,299,6,293,2024-10-08,2024-10-08,2024-10-09,2024-10-11,0,0,0,0,0,0,0,0,0,0,0,0,0,0,0,0,0,0,0,0,0,0,0,0,0,6,1,VN,0.42912,1.83,0.0000,0.0000
2024-10-04,0.75,MGPM40B2-V02D,MGP40A-AC896-30K,9.68,3.000,29.04,25,2.98,〇,24,4,1200,9,1,,,,,,,0,0,0,0,0,0,0,0,0,0,0,0,0,0,0,0,0,0,0,0,0,0,0,0,0,0,1,VN,0.03872,0.75,0.0000,0.0000
2024-10-04,0.67,CM40AS-V02D,C2M040K03-68717B,4.311,3.000,12.933,35,4.17,◎,5,5,1200,9,40,9,31,2024-10-08,2024-10-04,2024-10-07,2024-10-08,0,0,0,3,0,0,0,0,0,0,0,0,0,0,0,0,1,0,0,5,0,0,0,0,0,0,1,Dubai,0.77602,0.67,0.0000,0.0000
2024-10-04,1.17,CQ63T3-V01C,C2Q63A-AD141A20K,4.98231,2.000,9.965,25,2.98,●,10,5,1200,9,53,4,49,2024-10-14,2024-10-07,2024-10-08,2024-10-16,0,3,0,1,0,0,0,0,0,0,0,0,0,0,0,0,0,0,0,0,0,0,0,0,0,0,1,Dubai,0.45272,1.17,0.0000,0.0000
2024-10-04,3.08,CP9650T-V03B,C9650ABAC960-30K,2.3463,3.000,7.039,35,4.17,●,35,35,600,9,279,31,248,2024-10-08,2024-10-07,2024-10-08,2024-10-10,0,0,0,8,0,0,21,0,0,0,0,0,0,0,0,0,0,0,0,0,0,0,0,0,0,2,1,VN,0.63692,3.08,0.0000,0.0000
2024-10-04,0.42,MSQ10TB-V01E,P8910170-D,4.3,2.000,8.6,35,4.17,〇,1,1,1200,9,1,1,0,2024-10-07,,,,0,0,0,0,0,0,1,0,0,0,0,0,0,0,0,0,0,0,0,0,0,0,0,0,0,0,1,VN,0.02062,0.42,0.0000,0.0000
2024-10-04,4.83,CP9640T-V02B,C9640ABAC959-30K,1.3959,3.000,4.188,25,2.98,●,35,35,600,9,454,41,413,2024-10-08,2024-10-07,2024-10-08,2024-10-10,0,0,0,7,0,0,0,0,0,0,0,0,0,0,0,0,0,0,0,0,0,0,0,0,0,34,1,VN,0.39342,4.83,0.0000,0.0000
2024-10-04,1.25,MGPM20B2-V01D,MGP20A-AC893-30K,5.03,3.000,15.09,25,2.98,●,35,24,1200,9,167,14,153,2024-10-11,2024-10-07,2024-10-08,2024-10-14,0,0,0,2,0,0,12,0,0,0,0,0,0,0,0,0,0,0,0,0,0,0,0,0,0,0,1,VN,2.01602,1.25,0.0000,0.0000
2024-10-04,0.75,MXS20B-V01D,P3800501B-M,3.66,2.000,7.32,25,2.98,◎,14,6,1200,9,95,30,65,2024-10-14,2024-10-07,2024-10-08,2024-10-15,0,30,0,0,0,0,0,0,0,0,0,0,0,0,0,0,0,0,0,0,0,0,0,0,0,0,1,VN,0.92722,0.75,0.0000,0.0000
2024-10-03,1.58,MB32T-V01C,S369A63T36X32X30,0.5777,3.000,1.733,25,2.98,●,14,7,600,9,211,25,186,2024-10-04,2024-10-04,2024-10-04,2024-10-16,0,0,0,16,0,0,1,0,0,0,0,0,0,0,0,0,0,0,0,0,0,0,0,0,0,8,1,VN,0.23102,1.58,0.0000,0.0000
2024-10-03,4.43,CP9663T-V02B,C9663ABAC961-30K,2.5272,3.000,7.582,60,7.14,●,30,21,1200,9,293,11,282,2024-10-07,2024-10-04,2024-10-07,2024-10-10,0,0,0,1,0,0,4,0,0,0,0,0,0,0,0,0,0,0,0,0,0,0,0,0,0,6,1,VN,0.50112,4.43,0.0000,0.0000
2024-10-03,0.45,NCA250H-V01D,NCA250-03-AV288-20K,15.074,2.000,30.148,35,4.17,●,4,2,1200,14,16,0,16,,2024-10-04,2024-10-04,2024-11-22,0,0,0,0,0,0,0,0,0,0,0,0,0,0,0,0,0,0,0,0,0,0,0,0,0,0,2,Dubai,1.07192,0.45,0.0000,0.0000
2024-10-03,0.88,NCA250R-V01D,NCA250-02-AV288-20K,14.156,2.000,28.312,35,4.17,◎,4,2,1200,14,17,2,15,,2024-10-04,2024-10-04,,0,0,0,0,0,0,0,0,0,0,0,0,0,0,0,0,0,0,0,2,0,0,0,0,0,0,2,Dubai,0.54492,0.88,0.0000,0.0000
2024-10-03,1.65,SY50M-V02B,SY5000-20-1,4.44,2.000,8.88,35,4.17,●,14,14,1200,9,167,18,149,2024-10-09,2024-10-11,2024-10-07,2025-01-04,0,0,0,7,0,0,7,0,0,0,0,0,0,2,0,0,0,0,0,2,0,0,0,0,0,0,1,Dubai,0.89882,1.65,0.0000,0.0000
2024-10-03,0.68,MHZ40B-V01D,P4811601-M-1,8.1,2.000,16.2,50,5.95,〇,18,4,1200,9,1,1,0,2024-10-11,2024-10-04,,,0,1,0,0,0,0,0,0,0,0,0,0,0,0,0,0,0,0,0,0,0,0,0,0,0,0,1,Dubai,0.02372,0.68,0.0000,0.0000
2024-10-03,3.07,MB40T-V01C,S369A63T45X40X30,0.90079,3.000,2.702,25,2.98,●,21,21,600,9,417,19,398,2024-10-07,2024-10-04,2024-10-07,2024-10-11,0,0,0,0,0,0,0,0,0,0,0,0,0,0,0,0,0,0,0,0,0,0,0,0,0,19,1,VN,0.36752,3.07,0.0000,0.0000
2024-10-03,0.88,MXQ16B-V01D,P3802601B-M,2.15,2.000,4.3,35,4.17,●,28,14,600,9,167,2,165,2024-10-14,2024-10-04,2024-10-07,2024-10-14,0,0,0,2,0,0,0,0,0,0,0,0,0,0,0,0,0,0,0,0,0,0,0,0,0,0,1,VN,0.81292,0.88,0.0000,0.0000
2024-10-03,0.88,CP9650T-V03B,C9650ABAC960-30K,2.3463,3.000,7.039,35,4.17,●,35,7,600,9,55,5,50,2024-10-04,2024-10-04,2024-10-07,2024-10-09,0,0,0,5,0,0,0,0,0,0,0,0,0,0,0,0,0,0,0,0,0,0,0,0,0,0,1,VN,0.43832,0.88,0.0000,0.0000
2024-10-02,1.75,CM20AS-V02D,C2M020K03-68714B,1.452,3.000,4.356,50,5.95,●,24,24,600,9,288,5,283,2024-10-03,2024-10-03,2024-10-03,2024-10-07,0,0,0,0,0,0,0,0,0,0,0,0,0,0,0,0,0,0,0,5,0,0,0,0,0,0,1,Dubai,0.71692,1.75,0.0000,0.0000
2024-10-02,3.50,CP9632T-V03B,C9632ABAC958-30K,1.2447,3.000,3.734,40,4.76,●,35,35,600,9,522,15,507,2024-10-04,2024-10-03,2024-10-03,2024-10-08,0,0,0,2,0,0,0,1,0,0,0,0,0,0,0,0,0,0,0,0,0,0,0,0,0,12,1,VN,0.55692,3.50,0.0000,0.0000
2024-10-02,1.67,XLA25BN-V02D,XLA25-3-1B,5.87,2.000,11.74,35,4.17,●,26,26,1200,9,233,3,230,2024-10-03,2024-10-03,2024-10-04,2024-10-07,0,0,0,3,0,0,0,0,0,0,0,0,0,0,0,0,0,0,0,0,0,0,0,0,0,0,1,Dubai,1.64132,1.67,0.0000,0.0000
2024-10-02,2.05,CP9632T-V02B,C9632ABAC958-30K,1.2447,3.000,3.734,40,4.76,●,28,16,600,9,238,22,216,2024-10-04,2024-10-03,2024-10-04,2024-10-10,0,0,0,0,0,0,8,0,0,0,0,0,0,0,0,0,0,0,0,0,0,0,0,0,0,14,1,VN,0.43352,2.05,0.0000,0.0000
2024-10-02,0.48,APT3-V01B,APTE00-98000404-D,0.465,3.000,1.395,25,2.98,◎,12,1,600,9,34,13,21,2024-10-07,2024-10-03,2024-10-08,2024-10-10,0,13,0,0,0,0,0,0,0,0,0,0,0,0,0,0,0,0,0,0,0,0,0,0,0,0,1,VN,0.09812,0.48,0.0000,0.0000
2024-10-02,0.22,CP9650T-V02B,C9650ABAC960-30K,2.3463,3.000,7.039,45,5.36,●,35,3,600,9,22,5,17,2024-10-04,2024-10-04,2024-10-04,2024-10-08,0,0,0,0,0,0,0,0,0,0,0,0,0,0,0,0,0,0,0,0,0,0,0,0,0,5,1,VN,0.71472,0.22,0.0000,0.0000
2024-10-02,3.28,MGPM40B2-V01D,MGP40A-AC896-30K,9.68,3.000,29.04,35,4.17,●,21,24,1200,9,72,5,67,2024-10-04,2024-10-03,2024-10-04,2024-10-04,0,0,0,1,0,0,0,0,0,0,0,0,0,0,0,0,4,0,0,0,0,0,0,0,0,0,1,VN,0.63682,3.28,0.0000,0.0000
2024-10-02,0.75,MSQ20B2-V03D,P6260201-D,4.66,2.075,9.669,40,4.76,◎,7,7,1200,9,77,21,56,2024-10-10,2024-10-04,2024-10-08,2024-10-14,0,21,0,0,0,0,0,0,0,0,0,0,0,0,0,0,0,0,0,0,0,0,0,0,0,0,1,Dubai,0.99272,0.75,0.0000,0.0000
2024-10-01,0.83,MB63TD-V01C,S409A63T68X63X30,1.83874,5.300,9.745,25,2.98,〇,10,10,600,9,49,0,49,2024-10-02,2024-10-01,,,0,0,0,0,0,0,0,0,0,0,0,0,0,0,0,0,0,0,0,0,0,0,0,0,0,0,1,Dubai,0.57302,0.83,0.0000,0.0000
2024-10-01,1.17,CM40AH-V01D,C2M040K02-68717B,3.93,3.000,11.79,25,2.98,●,10,10,1200,9,90,9,81,2024-10-02,2024-10-02,2024-10-02,2024-10-03,0,0,0,3,0,0,0,0,0,0,0,0,0,0,0,0,4,0,0,2,0,0,0,0,0,0,1,Dubai,0.90952,1.17,0.0000,0.0000
2024-10-01,1.58,CM20AH-V01D,C2M020K02-68714B,1.336,3.000,4.008,50,5.95,●,23,23,600,9,299,5,294,2024-10-02,2024-10-01,2024-10-02,2024-10-02,0,0,0,4,0,0,0,0,0,0,0,0,0,0,0,0,0,0,0,0,0,0,1,0,0,0,1,Dubai,0.75692,1.58,0.0000,0.0000
2024-10-01,3.42,CP9640T-V01B,C9640ABAC959-30K,1.3959,3.000,4.188,25,2.98,●,35,35,600,9,453,4,449,2024-10-02,2024-10-01,2024-10-03,2024-10-07,0,0,0,1,0,0,0,0,0,0,0,0,0,0,0,0,0,0,0,0,0,0,0,0,0,3,1,VN,0.55522,3.42,0.0000,0.0000
2024-10-01,1.08,CQ50T3-V01B-ZZZ,C2Q50A-AD140A30K,4.15908,3.000,12.477,25,2.98,●,10,10,1200,9,89,7,82,2024-10-08,2024-10-02,2024-10-08,2024-10-09,0,0,0,6,0,0,0,0,0,0,0,0,0,0,0,0,0,0,0,0,0,1,0,0,0,0,1,VN,1.02512,1.08,0.0000,0.0000
2024-10-01,2.92,MB50T-V01C,S369A63T55X50X30,1.11274,3.000,3.338,25,2.98,●,28,28,600,9,445,34,411,2024-10-03,2024-10-02,2024-10-03,2024-10-10,0,0,0,3,0,0,30,0,0,0,0,0,0,0,0,0,0,0,0,0,0,0,0,0,0,1,1,VN,0.50932,2.92,0.0000,0.0000
2024-10-01,0.42,SY70M-V01B,SY7000-20-1,6.22,2.000,12.44,35,4.17,〇,1,1,1200,14,14,0,14,0000-00-00,2024-10-04,2024-10-04,2025-05-09,0,0,0,0,0,0,0,0,0,0,0,0,0,0,0,0,0,0,0,0,0,0,0,0,0,0,2,Dubai,0.41802,0.42,0.0000,0.0000
2024-10-01,0.68,CQA0T3-V01C,C2QA0A-AD143-20K,10.371,2.000,20.742,35,4.17,●,3,3,1200,14,37,7,30,2024-10-11,2024-10-04,2024-10-04,2024-10-15,0,7,0,0,0,0,0,0,0,0,0,0,0,0,0,0,0,0,0,0,0,0,0,0,0,0,2,Dubai,1.12312,0.68,0.0000,0.0000
2024-10-01,1.00,MXS25E-V01D,P3800603-MH1,10.764,2.000,21.528,35,4.17,●,8,8,1200,14,95,16,79,2024-10-10,2024-10-04,2024-10-04,2024-10-15,0,0,0,5,0,0,7,0,0,0,0,0,0,0,0,0,0,0,0,4,0,0,0,0,0,0,2,Dubai,2.04522,1.00,0.0000,0.0000
2024-10-01,1.32,MXS08B-V01D,P3800201B-M,1,2.000,2,35,4.17,●,14,4,600,9,102,13,89,2024-10-10,2024-10-02,2024-10-03,2024-11-06,0,13,0,0,0,0,0,0,0,0,0,0,0,0,0,0,0,0,0,0,0,0,0,0,0,0,1,VN,0.15492,1.32,0.0000,0.0000
2024-10-01,1.27,MHZ25B-V01B,P4811401-M-1,3.76704,2.000,7.534,55,6.55,●,11,11,1200,9,164,2,162,2024-10-03,2024-10-02,2024-10-03,2024-10-03,0,0,0,2,0,0,0,0,0,0,0,0,0,0,0,0,0,0,0,0,0,0,0,0,0,0,1,Dubai,0.97552,1.27,0.0000,0.0000
2024-10-01,0.75,MGPM40B2-V02D,MGP40A-AC896-30K,9.68,3.000,29.04,25,2.98,〇,18,4,1200,9,1,,,,2024-10-02,,,0,0,0,0,0,0,0,0,0,0,0,0,0,0,0,0,0,0,0,0,0,0,0,0,0,0,1,VN,0.03872,0.75,0.0000,0.0000
2024-10-01,0.75,MGPM40B2-V02D,MGP40A-AC896-30K,9.68,3.000,29.04,25,2.98,〇,9,4,1200,9,1,1,0,2024-10-07,2024-10-02,,,0,1,0,0,0,0,0,0,0,0,0,0,0,0,0,0,0,0,0,0,0,0,0,0,0,0,1,VN,0.03872,0.75,0.0000,0.0000
2024-10-01,1.00,MXQ25B-V01D,P3802801B-M,4.46,2.000,8.92,35,4.17,●,14,14,1200,9,168,10,158,2024-10-10,2024-10-02,2024-10-03,2024-10-11,0,4,0,3,0,0,0,0,0,0,0,0,0,0,0,0,0,0,0,0,0,3,0,0,0,0,1,VN,1.49862,1.00,0.0000,0.0000
